# A fatal error has been detected by the Java Runtime Environment:
#
#  SIGBUS (0x7) at pc=0x00007f160c4239ab, pid=2135, tid=2155
#
# JRE version: OpenJDK Runtime Environment (17.0.10) (build 17.0.10+0-17.0.10b1087.21-11572160)
# Java VM: OpenJDK 64-Bit Server VM (17.0.10+0-17.0.10b1087.21-11572160, mixed mode, tiered, compressed oops, compressed class ptrs, g1 gc, linux-amd64)
# Problematic frame:
# V  [libjvm.so+0xe239ab]  PerfLongVariant::sample()+0x1b
#
# Core dump will be written. Default location: Core dumps may be processed with "/sbin/crash_reporter --user=%P:%s:%u:%g:%f" (or dumping to /home/leerixon54/AndroidStudioProjects/Sailing/core.2135)
#
# If you would like to submit a bug report, please visit:
#   https://bugreport.java.com/bugreport/crash.jsp
#

---------------  S U M M A R Y ------------

Command Line: --add-opens=java.base/java.util=ALL-UNNAMED --add-opens=java.base/java.lang=ALL-UNNAMED --add-opens=java.base/java.lang.invoke=ALL-UNNAMED --add-opens=java.prefs/java.util.prefs=ALL-UNNAMED --add-opens=java.base/java.nio.charset=ALL-UNNAMED --add-opens=java.base/java.net=ALL-UNNAMED --add-opens=java.base/java.util.concurrent.atomic=ALL-UNNAMED -Xmx2048m -Dfile.encoding=UTF-8 -Duser.country=US -Duser.language=en -Duser.variant -javaagent:/home/leerixon54/.gradle/wrapper/dists/gradle-8.6-bin/afr5mpiioh2wthjmwnkmdsd5w/gradle-8.6/lib/agents/gradle-instrumentation-agent-8.6.jar org.gradle.launcher.daemon.bootstrap.GradleDaemon 8.6

Host: Intel(R) Core(TM) i7-8550U CPU @ 1.80GHz, 8 cores, 14G, Debian GNU/Linux 12 (bookworm)
Time: Mon Jun 24 16:23:10 2024 EDT elapsed time: 46.906712 seconds (0d 0h 0m 46s)

---------------  T H R E A D  ---------------

Current thread (0x00007f1604199740):  WatcherThread [stack: 0x00007f1603f00000,0x00007f1604000000] [id=2155]

Stack: [0x00007f1603f00000,0x00007f1604000000],  sp=0x00007f1603ffed60,  free space=1019k
Native frames: (J=compiled Java code, j=interpreted, Vv=VM code, C=native code)
V  [libjvm.so+0xe239ab]  PerfLongVariant::sample()+0x1b
V  [libjvm.so+0xf39c1e]]
  0x00007f157954e7d0 JavaThread "Unconstrained build operations Thread 14" [_thread_blocked, id=2221, stack(0x00007f14eba00000,0x00007f14ebb00000)]
  0x00007f157954f790 JavaThread "Unconstrained build operations Thread 15" [_thread_blocked, id=2222, stack(0x00007f14eb900000,0x00007f14eba00000)]
  0x00007f1579550740 JavaThread "Unconstrained build operations Thread 16" [_thread_blocked, id=2223, stack(0x00007f14eb800000,0x00007f14eb900000)]
  0x00007f157b095510 JavaThread "Memory manager" [_thread_blocked, id=2318, stack(0x00007f15ddafe000,0x00007f15ddbfe000)]
  0x00007f157b3336f0 JavaThread "build event listener" [_thread_blocked, id=2320, stack(0x00007f14eb0fb000,0x00007f14eb1fb000)]
  0x00007f157b8931e0 JavaThread "pool-3-thread-1" [_thread_blocked, id=2324, stack(0x00007f14eb1fb000,0x00007f14eb2fb000)]
  0x00007f157b958650 JavaThread "included builds" [_thread_blocked, id=2325, stack(0x00007f15dc0e1000,0x00007f15dc1e1000)]
  0x00007f15503667c0 JavaThread "Execution worker" [_thread_blocked, id=2326, stack(0x00007f14e6f00000,0x00007f14e7000000)]
  0x00007f1550367890 JavaThread "Execution worker Thread 2" [_thread_blocked, id=2327, stack(0x00007f14e3900000,0x00007f14e3a00000)]
  0x00007f15507b2920 JavaThread "Execution worker Thread 3" [_thread_blocked, id=2328, stack(0x00007f14e3800000,0x00007f14e3900000)]
  0x00007f15507b36b0 JavaThread "Execution worker Thread 4" [_thread_blocked, id=2329, stack(0x00007f14e3700000,0x00007f14e3800000)]
  0x00007f15507b48d0 JavaThread "Execution worker Thread 5" [_thread_blocked, id=2330, stack(0x00007f14e3600000,0x00007f14e3700000)]
  0x00007f1550aa19c0 JavaThread "Execution worker Thread 6" [_thread_blocked, id=2331, stack(0x00007f14e3500000,0x00007f14e3600000)]
  0x00007f1550aa2bf0 JavaThread "Execution worker Thread 7" [_thread_blocked, id=2332, stack(0x00007f14e3400000,0x00007f14e3500000)]
  0x00007f155801cf40 JavaThread "Cache worker for execution history cache (/home/leerixon54/AndroidStudioProjects/Sailing/.gradle/8.6/executionHistory)" [_thread_blocked, id=2333, stack(0x00007f14e3300000,0x00007f14e3400000)]
  0x00007f157ba5dbc0 JavaThread "idea-tooling-model-converter" [_thread_blocked, id=2336, stack(0x00007f14e3000000,0x00007f14e3100000)]
  0x00007f157b9e2970 JavaThread "Unconstrained build operations Thread 17" [_thread_blocked, id=2337, stack(0x00007f14def00000,0x00007f14df000000)]
  0x00007f157bb49b40 JavaThread "Unconstrained build operations Thread 18" [_thread_blocked, id=2347, stack(0x00007f14dee00000,0x00007f14def00000)]
  0x00007f157bb4a8c0 JavaThread "Unconstrained build operations Thread 19" [_thread_blocked, id=2348, stack(0x00007f14ded00000,0x00007f14dee00000)]
  0x00007f157bd25160 JavaThread "Unconstrained build operations Thread 20" [_thread_blocked, id=2349, stack(0x00007f14dec00000,0x00007f14ded00000)]
  0x00007f157bd31020 JavaThread "Unconstrained build operations Thread 21" [_thread_blocked, id=2350, stack(0x00007f14deb00000,0x00007f14dec00000)]
  0x00007f157bd32130 JavaThread "Unconstrained build operations Thread 22" [_thread_blocked, id=2351, stack(0x00007f14dea00000,0x00007f14deb00000)]
  0x00007f157bd33320 JavaThread "Unconstrained build operations Thread 23" [_thread_blocked, id=2352, stack(0x00007f14de900000,0x00007f14dea00000)]
  0x00007f157bd35ad0 JavaThread "Unconstrained build operations Thread 24" [_thread_blocked, id=2353, stack(0x00007f14de800000,0x00007f14de900000)]
  0x00007f157bd36d90 JavaThread "Unconstrained build operations Thread 25" [_thread_blocked, id=2354, stack(0x00007f14de700000,0x00007f14de800000)]
  0x00007f157bd38420 JavaThread "Unconstrained build operations Thread 26" [_thread_blocked, id=2355, stack(0x00007f14de600000,0x00007f14de700000)]
  0x00007f15acad8270 JavaThread "C2 CompilerThread1" daemon [_thread_in_vm, id=2356, stack(0x00007f14e3200000,0x00007f14e3300000)]
  0x00007f15acacd590 JavaThread "C2 CompilerThread2" daemon [_thread_blocked, id=2357, stack(0x00007f14e3100000,0x00007f14e3200000)]
  0x00007f157bd2d5a0 JavaThread "Unconstrained build operations Thread 27" [_thread_blocked, id=2358, stack(0x00007f14de500000,0x00007f14de600000)]
  0x00007f157bd30080 JavaThread "Unconstrained build operations Thread 28" [_thread_blocked, id=2359, stack(0x00007f14de400000,0x00007f14de500000)]
  0x00007f157bd58a60 JavaThread "Unconstrained build operations Thread 29" [_thread_blocked, id=2360, stack(0x00007f14de300000,0x00007f14de400000)]
  0x00007f157bd521b0 JavaThread "Unconstrained build operations Thread 30" [_thread_blocked, id=2361, stack(0x00007f14de200000,0x00007f14de300000)]
  0x00007f157bd53050 JavaThread "Unconstrained build operations Thread 31" [_thread_blocked, id=2362, stack(0x00007f14de100000,0x00007f14de200000)]
  0x00007f157bd54270 JavaThread "Unconstrained build operations Thread 32" [_thread_blocked, id=2363, stack(0x00007f14de000000,0x00007f14de100000)]
  0x00007f157bd55280 JavaThread "Unconstrained build operations Thread 33" [_thread_blocked, id=2364, stack(0x00007f14ddf00000,0x00007f14de000000)]
  0x00007f157bd3ab00 JavaThread "Unconstrained build operations Thread 34" [_thread_blocked, id=2365, stack(0x00007f14dde00000,0x00007f14ddf00000)]
  0x00007f157bd3c6d0 JavaThread "Unconstrained build operations Thread 35" [_thread_blocked, id=2366, stack(0x00007f14ddd00000,0x00007f14dde00000)]
  0x00007f157bd3dd70 JavaThread "Unconstrained build operations Thread 36" [_thread_blocked, id=2367, stack(0x00007f14ddc00000,0x00007f14ddd00000)]
  0x00007f157bd3f130 JavaThread "Unconstrained build operations Thread 37" [_thread_blocked, id=2368, stack(0x00007f14ddb00000,0x00007f14ddc00000)]
  0x00007f157bd403d0 JavaThread "Unconstrained build operations Thread 38" [_thread_blocked, id=2369, stack(0x00007f14dda00000,0x00007f14ddb00000)]
  0x00007f157bd413e0 JavaThread "Unconstrained build operations Thread 39" [_thread_blocked, id=2370, stack(0x00007f14dd900000,0x00007f14dda00000)]
  0x00007f157bd426f0 JavaThread "Unconstrained build operations Thread 40" [_thread_blocked, id=2371, stack(0x00007f14dd800000,0x00007f14dd900000)]
  0x00007f157bd4df30 JavaThread "Unconstrained build operations Thread 41" [_thread_blocked, id=2372, stack(0x00007f14dd700000,0x00007f14dd800000)]
  0x00007f157bd59e10 JavaThread "Unconstrained build operations Thread 42" [_thread_blocked, id=2373, stack(0x00007f14dd600000,0x00007f14dd700000)]
  0x00007f157bd5aa50 JavaThread "Unconstrained build operations Thread 43" [_thread_blocked, id=2374, stack(0x00007f14dd500000,0x00007f14dd600000)]
  0x00007f157bd5ba60 JavaThread "Unconstrained build operations Thread 44" [_thread_blocked, id=2375, stack(0x00007f14dd400000,0x00007f14dd500000)]
  0x00007f157bd5ca70 JavaThread "Unconstrained build operations Thread 45" [_thread_blocked, id=2376, stack(0x00007f14dd300000,0x00007f14dd400000)]
  0x00007f157bd5ddb0 JavaThread "Unconstrained build operations Thread 46" [_thread_blocked, id=2377, stack(0x00007f14dd200000,0x00007f14dd300000)]
  0x00007f157bd5f250 JavaThread "Unconstrained build operations Thread 47" [_thread_blocked, id=2378, stack(0x00007f14dd100000,0x00007f14dd200000)]
  0x00007f157bd60560 JavaThread "Unconstrained build operations Thread 48" [_thread_blocked, id=2379, stack(0x00007f14dd000000,0x00007f14dd100000)]
  0x00007f157bd615a0 JavaThread "Unconstrained build operations Thread 49" [_thread_blocked, id=2380, stack(0x00007f14dcf00000,0x00007f14dd000000)]
  0x00007f157bd62900 JavaThread "Unconstrained build operations Thread 50" [_thread_blocked, id=2381, stack(0x00007f14dce00000,0x00007f14dcf00000)]
  0x00007f157bd63910 JavaThread "Unconstrained build operations Thread 51" [_thread_blocked, id=2382, stack(0x00007f14dcd00000,0x00007f14dce00000)]
  0x00007f157bd64c80 JavaThread "Unconstrained build operations Thread 52" [_thread_blocked, id=2383, stack(0x00007f14dcc00000,0x00007f14dcd00000)]
  0x00007f157bd57140 JavaThread "Unconstrained build operations Thread 53" [_thread_blocked, id=2384, stack(0x00007f14dcb00000,0x00007f14dcc00000)]
  0x00007f157bd2c040 JavaThread "Unconstrained build operations Thread 54" [_thread_blocked, id=2385, stack(0x00007f14dca00000,0x00007f14dcb00000)]
  0x00007f157b113b20 JavaThread "Unconstrained build operations Thread 55" [_thread_blocked, id=2386, stack(0x00007f14dc900000,0x00007f14dca00000)]
  0x00007f157b1148e0 JavaThread "Unconstrained build operations Thread 56" [_thread_blocked, id=2387, stack(0x00007f14dc800000,0x00007f14dc900000)]
  0x00007f157b115840 JavaThread "Unconstrained build operations Thread 57" [_thread_blocked, id=2388, stack(0x00007f14dc700000,0x00007f14dc800000)]

Other Threads:
  0x00007f16041d9610 VMThread "VM Thread" [stack: 0x00007f1608d46000,0x00007f1608e46000] [id=2144]
=>0x00007f1604199740 WatcherThread [stack: 0x00007f1603f00000,0x00007f1604000000] [id=2155]
  0x00007f16040849c0 GCTaskThread "GC Thread#0" [stack: 0x00007f1609caa000,0x00007f1609daa000] [id=2139]
  0x00007f15cc005ee0 GCTaskThread "GC Thread#1" [stack: 0x00007f15ed6e0000,0x00007f15ed7e0000] [id=2158]
  0x00007f15cc006900 GCTaskThread "GC Thread#2" [stack: 0x00007f15ed300000,0x00007f15ed400000] [id=2159]
  0x00007f15cc007320 GCTaskThread "GC Thread#3" [stack: 0x00007f15ecf00000,0x00007f15ed000000] [id=2160]
  0x00007f15cc007d40 GCTaskThread "GC Thread#4" [stack: 0x00007f15ecb00000,0x00007f15ecc00000] [id=2161]
  0x00007f15cc00c840 GCTaskThread "GC Thread#5" [stack: 0x00007f15ec1ff000,0x00007f15ec2ff000] [id=2175]
  0x00007f15cc00d0f0 GCTaskThread "GC Thread#6" [stack: 0x00007f15ec0fe000,0x00007f15ec1fe000] [id=2176]
  0x00007f15cc00db10 GCTaskThread "GC Thread#7" [stack: 0x00007f15ddf00000,0x00007f15de000000] [id=2177]
  0x00007f1604095fd0 ConcurrentGCThread "G1 Main Marker" [stack: 0x00007f1609ba9000,0x00007f1609ca9000] [id=2140]
  0x00007f1604096f40 ConcurrentGCThread "G1 Conc#0" [stack: 0x00007f1609aa8000,0x00007f1609ba8000] [id=2141]
  0x00007f15e0000eb0 ConcurrentGCThread "G1 Conc#1" [stack: 0x00007f15dddff000,0x00007f15ddeff000] [id=2178]
  0x00007f1604152820 ConcurrentGCThread "G1 Refine#0" [stack: 0x00007f160919f000,0x00007f160929f000] [id=2142]
  0x00007f15d8001dc0 ConcurrentGCThread "G1 Refine#1" [stack: 0x00007f14eb700000,0x00007f14eb800000] [id=2245]
  0x00007f152000ae40 ConcurrentGCThread "G1 Refine#2" [stack: 0x00007f14eb5ff000,0x00007f14eb6ff000] [id=2246]
  0x00007f151c001630 ConcurrentGCThread "G1 Refine#3" [stack: 0x00007f14eb4fe000,0x00007f14eb5fe000] [id=2247]
  0x00007f1528001630 ConcurrentGCThread "G1 Refine#4" [stack: 0x00007f14eb3fd000,0x00007f14eb4fd000] [id=2248]
  0x00007f1524001690 ConcurrentGCThread "G1 Refine#5" [stack: 0x00007f14eb2fc000,0x00007f14eb3fc000] [id=2249]
  0x00007f1604153720 ConcurrentGCThread "G1 Service" [stack: 0x00007f160909e000,0x00007f160919e000] [id=2143]

Threads with active compile tasks:
C2 CompilerThread0    68601 15592       4       org.gradle.internal.logging.text.AbstractLineChoppingStyledTextOutput$2::execute (77 bytes)
C2 CompilerThread1    68601 15591       4       org.gradle.internal.logging.text.AbstractLineChoppingStyledTextOutput$1::execute (140 bytes)
C2 CompilerThread2    68602 15590       4       org.gradle.internal.logging.text.AbstractLineChoppingStyledTextOutput$1::execute (9 bytes)

VM state: not at safepoint (normal execution)

VM Mutex/Monitor currently owned by a thread:  ([mutex/lock_event])
[0x00007f1604025bf0] Heap_lock - owner thread: 0x00007f16054e3670
[0x00007f1604026390] Compile_lock - owner thread: 0x00007f15acad8270
[0x00007f16040265a0] MethodCompileQueue_lock - owner thread: 0x00007f15acad8270
[0x00007f1604026860] PeriodicTask_lock - owner thread: 0x00007f1604199740

Heap address: 0x0000000080000000, size: 2048 MB, Compressed Oops mode: 32-bit

CDS archive(s) not mapped
Compressed class space mapped at: 0x0000000100000000-0x0000000140000000, reserved size: 1073741824
Narrow klass base: 0x0000000000000000, Narrow klass shift: 3, Narrow klass range: 0x140000000

GC Precious Log:
 CPUs: 8 total, 8 available
 Memory: 14523M
 Large Page Support: Disabled
 NUMA Support: Disabled
 Compressed Oops: Enabled (32-bit)
 Heap Region Size: 1M
 Heap Min Capacity: 8M
 Heap Initial Capacity: 228M
 Heap Max Capacity: 2G
 Pre-touch: Disabled
 Parallel Workers: 8
 Concurrent Workers: 2
 Concurrent Refinement Workers: 8
 Periodic GC: Disabled

Heap:
 garbage-first heap   total 885760K, used 499028K [0x0000000080000000, 0x0000000100000000)
  region size 1024K, 283 young (289792K), 3 survivors (3072K)
 Metaspace       used 173466K, committed 174400K, reserved 1245184K
  class space    used 22893K, committed 23360K, reserved 1048576K

Heap Regions: E=young(eden), S=young(survivor), O=old, HS=humongous(starts), HC=humongous(continues), CS=collection set, F=free, OA=open archive, CA=closed archive, TAMS=top-at-mark-start (previous, next)
|   0|0x0000000080000000, 0x0000000080100000, 0x0000000080100000|100%|HS|  |TAMS 0x0000000080100000, 0x0000000080000000| Complete 
|   1|0x0000000080100000, 0x0000000080200000, 0x0000000080200000|100%|HC|  |TAMS 0x0000000080200000, 0x0000000080100000| Complete 
|   2|0x0000000080200000, 0x0000000080300000, 0x0000000080300000|100%|HC|  |TAMS 0x0000000080300000, 0x0000000080200000| Complete 
|   3|0x0000000080300000, 0x0000000080400000, 0x0000000080400000|100%|HC|  |TAMS 0x0000000080400000, 0x0000000080300000| Complete 
|   4|0x0000000080400000, 0x0000000080500000, 0x0000000080500000|100%| O|  |TAMS 0x0000000080500000, 0x0000000080400000| Untracked 
|   5|0x0000000080500000, 0x0000000080600000, 0x0000000080600000|100%| O|  |TAMS 0x0000000080600000, 0x0000000080500000| Untracked 
|   6|0x0000000080600000, 0x0000000080700000, 0x0000000080700000|100%| O|  |TAMS 0x0000000080700000, 0x0000000080600000| Untracked 
|   7|0x0000000080700000, 0x0000000080800000, 0x0000000080800000|100%| O|  |TAMS 0x0000000080800000, 0x0000000080700000| Untracked 
|   8|0x0000000080800000, 0x0000000080900000, 0x0000000080900000|100%| O|  |TAMS 0x0000000080900000, 0x0000000080800000| Untracked 
|   9|0x0000000080900000, 0x0000000080a00000, 0x0000000080a00000|100%| O|  |TAMS 0x0000000080a00000, 0x0000000080900000| Untracked 
|  10|0x0000000080a00000, 0x0000000080b00000, 0x0000000080b00000|100%| O|  |TAMS 0x0000000080b00000, 0x0000000080a00000| Untracked 
|  11|0x0000000080b00000, 0x0000000080bac400, 0x0000000080c00000| 67%| O|  |TAMS 0x0000000080bac400, 0x0000000080b00000| Untracked 
|  12|0x0000000080c00000, 0x0000000080d00000, 0x0000000080d00000|100%| O|  |TAMS 0x0000000080d00000, 0x0000000080c00000| Untracked 
|  13|0x0000000080d00000, 0x0000000080e00000, 0x0000000080e00000|100%| O|  |TAMS 0x0000000080e00000, 0x0000000080d00000| Untracked 
|  14|0x0000000080e00000, 0x0000000080f00000, 0x0000000080f00000|100%| O|  |TAMS 0x0000000080f00000, 0x0000000080e00000| Untracked 
|  15|0x0000000080f00000, 0x0000000081000000, 0x0000000081000000|100%| O|  |TAMS 0x0000000081000000, 0x0000000080f00000| Untracked 
|  16|0x0000000081000000, 0x0000000081100000, 0x0000000081100000|100%| O|  |TAMS 0x0000000081100000, 0x0000000081000000| Untracked 
|  17|0x0000000081100000, 0x0000000081200000, 0x0000000081200000|100%| O|  |TAMS 0x0000000081200000, 0x0000000081100000| Untracked 
|  18|0x0000000081200000, 0x0000000081300000, 0x0000000081300000|100%| O|  |TAMS 0x0000000081300000, 0x0000000081200000| Untracked 
|  19|0x0000000081300000, 0x0000000081400000, 0x0000000081400000|100%|HS|  |TAMS 0x0000000081400000, 0x0000000081300000| Complete 
|  20|0x0000000081400000, 0x0000000081500000, 0x0000000081500000|100%|HC|  |TAMS 0x0000000081500000, 0x0000000081400000| Complete 
|  21|0x0000000081500000, 0x0000000081600000, 0x0000000081600000|100%|HS|  |TAMS 0x0000000081600000, 0x0000000081500000| Complete 
|  22|0x0000000081600000, 0x0000000081700000, 0x0000000081700000|100%|HC|  |TAMS 0x0000000081700000, 0x0000000081600000| Complete 
|  23|0x0000000081700000, 0x0000000081800000, 0x0000000081800000|100%|HC|  |TAMS 0x0000000081800000, 0x0000000081700000| Complete 
|  24|0x0000000081800000, 0x0000000081900000, 0x0000000081900000|100%|HS|  |TAMS 0x0000000081900000, 0x0000000081800000| Complete 
|  25|0x0000000081900000, 0x0000000081a00000, 0x0000000081a00000|100%|HC|  |TAMS 0x0000000081a00000, 0x0000000081900000| Complete 
|  26|0x0000000081a00000, 0x0000000081b00000, 0x0000000081b00000|100%|HC|  |TAMS 0x0000000081b00000, 0x0000000081a00000| Complete 
|  27|0x0000000081b00000, 0x0000000081c00000, 0x0000000081c00000|100%|HS|  |TAMS 0x0000000081c00000, 0x0000000081b00000| Complete 
|  28|0x0000000081c00000, 0x0000000081d00000, 0x0000000081d00000|100%|HC|  |TAMS 0x0000000081d00000, 0x0000000081c00000| Complete 
|  29|0x0000000081d00000, 0x0000000081e00000, 0x0000000081e00000|100%|HC|  |TAMS 0x0000000081e00000, 0x0000000081d00000| Complete 
|  30|0x0000000081e00000, 0x0000000081f00000, 0x0000000081f00000|100%| O|  |TAMS 0x0000000081f00000, 0x0000000081e00000| Untracked 
|  31|0x0000000081f00000, 0x0000000082000000, 0x0000000082000000|100%| O|  |TAMS 0x0000000082000000, 0x0000000081f00000| Untracked 
|  32|0x0000000082000000, 0x0000000082100000, 0x0000000082100000|100%| O|  |TAMS 0x0000000082100000, 0x0000000082000000| Untracked 
|  33|0x0000000082100000, 0x0000000082200000, 0x0000000082200000|100%|HS|  |TAMS 0x0000000082100000, 0x0000000082100000| Complete 
|  34|0x0000000082200000, 0x0000000082300000, 0x0000000082300000|100%| O|  |TAMS 0x0000000082300000, 0x0000000082200000| Untracked 
|  35|0x0000000082300000, 0x0000000082400000, 0x0000000082400000|100%| O|  |TAMS 0x0000000082400000, 0x0000000082300000| Untracked 
|  36|0x0000000082400000, 0x0000000082500000, 0x0000000082500000|100%| O|  |TAMS 0x0000000082500000, 0x0000000082400000| Untracked 
|  37|0x0000000082500000, 0x0000000082600000, 0x0000000082600000|100%| O|  |TAMS 0x0000000082600000, 0x0000000082500000| Untracked 
|  38|0x0000000082600000, 0x0000000082700000, 0x0000000082700000|100%| O|  |TAMS 0x0000000082700000, 0x0000000082600000| Untracked 
|  39|0x0000000082700000, 0x0000000082800000, 0x0000000082800000|100%| O|  |TAMS 0x0000000082800000, 0x0000000082700000| Untracked 
|  40|0x0000000082800000, 0x0000000082900000, 0x0000000082900000|100%| O|  |TAMS 0x0000000082900000, 0x0000000082800000| Untracked 
|  41|0x0000000082900000, 0x0000000082a00000, 0x0000000082a00000|100%| O|  |TAMS 0x0000000082a00000, 0x0000000082900000| Untracked 
|  42|0x0000000082a00000, 0x0000000082b00000, 0x0000000082b00000|100%|HS|  |TAMS 0x0000000082b00000, 0x0000000082a00000| Complete 
|  43|0x0000000082b00000, 0x0000000082c00000, 0x0000000082c00000|100%|HC|  |TAMS 0x0000000082c00000, 0x0000000082b00000| Complete 
|  44|0x0000000082c00000, 0x0000000082d00000, 0x0000000082d00000|100%|HC|  |TAMS 0x0000000082d00000, 0x0000000082c00000| Complete 
|  45|0x0000000082d00000, 0x0000000082e00000, 0x0000000082e00000|100%| O|  |TAMS 0x0000000082e00000, 0x0000000082d00000| Untracked 
|  46|0x0000000082e00000, 0x0000000082f00000, 0x0000000082f00000|100%| O|  |TAMS 0x0000000082f00000, 0x0000000082e00000| Untracked 
|  47|0x0000000082f00000, 0x0000000083000000, 0x0000000083000000|100%| O|  |TAMS 0x0000000083000000, 0x0000000082f00000| Untracked 
|  48|0x0000000083000000, 0x0000000083100000, 0x0000000083100000|100%| O|  |TAMS 0x0000000083100000, 0x0000000083000000| Untracked 
|  49|0x0000000083100000, 0x0000000083200000, 0x0000000083200000|100%|HS|  |TAMS 0x0000000083200000, 0x0000000083100000| Complete 
|  50|0x0000000083200000, 0x0000000083300000, 0x0000000083300000|100%|HC|  |TAMS 0x0000000083300000, 0x0000000083200000| Complete 
|  51|0x0000000083300000, 0x0000000083400000, 0x0000000083400000|100%|HC|  |TAMS 0x0000000083400000, 0x0000000083300000| Complete 
|  52|0x0000000083400000, 0x0000000083500000, 0x0000000083500000|100%| O|  |TAMS 0x0000000083500000, 0x0000000083400000| Untracked 
|  53|0x0000000083500000, 0x0000000083600000, 0x0000000083600000|100%| O|  |TAMS 0x0000000083600000, 0x0000000083500000| Untracked 
|  54|0x0000000083600000, 0x0000000083700000, 0x0000000083700000|100%|HS|  |TAMS 0x0000000083700000, 0x0000000083600000| Complete 
|  55|0x0000000083700000, 0x0000000083800000, 0x0000000083800000|100%|HC|  |TAMS 0x0000000083800000, 0x0000000083700000| Complete 
|  56|0x0000000083800000, 0x0000000083900000, 0x0000000083900000|100%|HC|  |TAMS 0x0000000083900000, 0x0000000083800000| Complete 
|  57|0x0000000083900000, 0x0000000083a00000, 0x0000000083a00000|100%| O|  |TAMS 0x0000000083a00000, 0x0000000083900000| Untracked 
|  58|0x0000000083a00000, 0x0000000083b00000, 0x0000000083b00000|100%| O|  |TAMS 0x0000000083b00000, 0x0000000083a00000| Untracked 
|  59|0x0000000083b00000, 0x0000000083c00000, 0x0000000083c00000|100%| O|  |TAMS 0x0000000083c00000, 0x0000000083b00000| Untracked 
|  60|0x0000000083c00000, 0x0000000083d00000, 0x0000000083d00000|100%| O|  |TAMS 0x0000000083d00000, 0x0000000083c00000| Untracked 
|  61|0x0000000083d00000, 0x0000000083e00000, 0x0000000083e00000|100%| O|  |TAMS 0x0000000083e00000, 0x0000000083d00000| Untracked 
|  62|0x0000000083e00000, 0x0000000083f00000, 0x0000000083f00000|100%| O|  |TAMS 0x0000000083f00000, 0x0000000083e00000| Untracked 
|  63|0x0000000083f00000, 0x0000000084000000, 0x0000000084000000|100%|HS|  |TAMS 0x0000000084000000, 0x0000000083f00000| Complete 
|  64|0x0000000084000000, 0x0000000084100000, 0x0000000084100000|100%| O|  |TAMS 0x0000000084100000, 0x0000000084000000| Untracked 
|  65|0x0000000084100000, 0x0000000084200000, 0x0000000084200000|100%| O|  |TAMS 0x0000000084200000, 0x0000000084100000| Untracked 
|  66|0x0000000084200000, 0x0000000084300000, 0x0000000084300000|100%| O|  |TAMS 0x0000000084300000, 0x0000000084200000| Untracked 
|  67|0x0000000084300000, 0x0000000084400000, 0x0000000084400000|100%| O|  |TAMS 0x0000000084400000, 0x0000000084300000| Untracked 
|  68|0x0000000084400000, 0x0000000084500000, 0x0000000084500000|100%| O|  |TAMS 0x0000000084500000, 0x0000000084400000| Untracked 
|  69|0x0000000084500000, 0x0000000084600000, 0x0000000084600000|100%| O|  |TAMS 0x0000000084500000, 0x0000000084500000| Untracked 
|  70|0x0000000084600000, 0x0000000084700000, 0x0000000084700000|100%| O|  |TAMS 0x0000000084700000, 0x0000000084600000| Untracked 
|  71|0x0000000084700000, 0x0000000084800000, 0x0000000084800000|100%| O|  |TAMS 0x0000000084800000, 0x0000000084700000| Untracked 
|  72|0x0000000084800000, 0x0000000084900000, 0x0000000084900000|100%| O|  |TAMS 0x0000000084900000, 0x0000000084800000| Untracked 
|  73|0x0000000084900000, 0x0000000084a00000, 0x0000000084a00000|100%| O|  |TAMS 0x0000000084a00000, 0x0000000084900000| Untracked 
|  74|0x0000000084a00000, 0x0000000084b00000, 0x0000000084b00000|100%| O|  |TAMS 0x0000000084b00000, 0x0000000084a00000| Untracked 
|  75|0x0000000084b00000, 0x0000000084c00000, 0x0000000084c00000|100%| O|  |TAMS 0x0000000084c00000, 0x0000000084b00000| Untracked 
|  76|0x0000000084c00000, 0x0000000084d00000, 0x0000000084d00000|100%| O|  |TAMS 0x0000000084d00000, 0x0000000084c00000| Untracked 
|  77|0x0000000084d00000, 0x0000000084e00000, 0x0000000084e00000|100%| O|  |TAMS 0x0000000084e00000, 0x0000000084d00000| Untracked 
|  78|0x0000000084e00000, 0x0000000084f00000, 0x0000000084f00000|100%| O|  |TAMS 0x0000000084f00000, 0x0000000084e00000| Untracked 
|  79|0x0000000084f00000, 0x0000000085000000, 0x0000000085000000|100%| O|  |TAMS 0x0000000085000000, 0x0000000084f00000| Untracked 
|  80|0x0000000085000000, 0x0000000085100000, 0x0000000085100000|100%| O|  |TAMS 0x0000000085100000, 0x0000000085000000| Untracked 
|  81|0x0000000085100000, 0x0000000085200000, 0x0000000085200000|100%| O|  |TAMS 0x0000000085200000, 0x0000000085100000| Untracked 
|  82|0x0000000085200000, 0x0000000085300000, 0x0000000085300000|100%| O|  |TAMS 0x0000000085300000, 0x0000000085200000| Untracked 
|  83|0x0000000085300000, 0x0000000085400000, 0x0000000085400000|100%| O|  |TAMS 0x0000000085400000, 0x0000000085300000| Untracked 
|  84|0x0000000085400000, 0x0000000085500000, 0x0000000085500000|100%| O|  |TAMS 0x0000000085500000, 0x0000000085400000| Untracked 
|  85|0x0000000085500000, 0x0000000085600000, 0x0000000085600000|100%| O|  |TAMS 0x0000000085600000, 0x0000000085500000| Untracked 
|  86|0x0000000085600000, 0x0000000085700000, 0x0000000085700000|100%| O|  |TAMS 0x0000000085700000, 0x0000000085600000| Untracked 
|  87|0x0000000085700000, 0x0000000085800000, 0x0000000085800000|100%| O|  |TAMS 0x0000000085800000, 0x0000000085700000| Untracked 
|  88|0x0000000085800000, 0x0000000085900000, 0x0000000085900000|100%| O|  |TAMS 0x0000000085900000, 0x0000000085800000| Untracked 
|  89|0x0000000085900000, 0x0000000085a00000, 0x0000000085a00000|100%| O|  |TAMS 0x0000000085a00000, 0x0000000085900000| Untracked 
|  90|0x0000000085a00000, 0x0000000085b00000, 0x0000000085b00000|100%| O|  |TAMS 0x0000000085b00000, 0x0000000085a00000| Untracked 
|  91|0x0000000085b00000, 0x0000000085c00000, 0x0000000085c00000|100%| O|  |TAMS 0x0000000085c00000, 0x0000000085b00000| Untracked 
|  92|0x0000000085c00000, 0x0000000085d00000, 0x0000000085d00000|100%| O|  |TAMS 0x0000000085d00000, 0x0000000085c00000| Untracked 
|  93|0x0000000085d00000, 0x0000000085e00000, 0x0000000085e00000|100%| O|  |TAMS 0x0000000085e00000, 0x0000000085d00000| Untracked 
|  94|0x0000000085e00000, 0x0000000085f00000, 0x0000000085f00000|100%| O|  |TAMS 0x0000000085f00000, 0x0000000085e00000| Untracked 
|  95|0x0000000085f00000, 0x0000000086000000, 0x0000000086000000|100%| O|  |TAMS 0x0000000086000000, 0x0000000085f00000| Untracked 
|  96|0x0000000086000000, 0x0000000086100000, 0x0000000086100000|100%| O|  |TAMS 0x0000000086100000, 0x0000000086000000| Untracked 
|  97|0x0000000086100000, 0x0000000086200000, 0x0000000086200000|100%| O|  |TAMS 0x0000000086200000, 0x0000000086100000| Untracked 
|  98|0x0000000086200000, 0x0000000086300000, 0x0000000086300000|100%| O|  |TAMS 0x0000000086300000, 0x0000000086200000| Untracked 
|  99|0x0000000086300000, 0x0000000086400000, 0x0000000086400000|100%| O|  |TAMS 0x0000000086400000, 0x0000000086300000| Untracked 
| 100|0x0000000086400000, 0x0000000086500000, 0x0000000086500000|100%| O|  |TAMS 0x0000000086500000, 0x0000000086400000| Untracked 
| 101|0x0000000086500000, 0x0000000086600000, 0x0000000086600000|100%| O|  |TAMS 0x0000000086600000, 0x0000000086500000| Untracked 
| 102|0x0000000086600000, 0x0000000086700000, 0x0000000086700000|100%| O|  |TAMS 0x0000000086700000, 0x0000000086600000| Untracked 
| 103|0x0000000086700000, 0x0000000086800000, 0x0000000086800000|100%| O|  |TAMS 0x0000000086800000, 0x0000000086700000| Untracked 
| 104|0x0000000086800000, 0x0000000086900000, 0x0000000086900000|100%| O|  |TAMS 0x0000000086900000, 0x0000000086800000| Untracked 
| 105|0x0000000086900000, 0x0000000086a00000, 0x0000000086a00000|100%| O|  |TAMS 0x0000000086a00000, 0x0000000086900000| Untracked 
| 106|0x0000000086a00000, 0x0000000086b00000, 0x0000000086b00000|100%| O|  |TAMS 0x0000000086b00000, 0x0000000086a00000| Untracked 
| 107|0x0000000086b00000, 0x0000000086c00000, 0x0000000086c00000|100%| O|  |TAMS 0x0000000086c00000, 0x0000000086b00000| Untracked 
| 108|0x0000000086c00000, 0x0000000086d00000, 0x0000000086d00000|100%| O|  |TAMS 0x0000000086d00000, 0x0000000086c00000| Untracked 
| 109|0x0000000086d00000, 0x0000000086e00000, 0x0000000086e00000|100%| O|  |TAMS 0x0000000086e00000, 0x0000000086d00000| Untracked 
| 110|0x0000000086e00000, 0x0000000086f00000, 0x0000000086f00000|100%| O|  |TAMS 0x0000000086f00000, 0x0000000086e00000| Untracked 
| 111|0x0000000086f00000, 0x0000000087000000, 0x0000000087000000|100%|HS|  |TAMS 0x0000000087000000, 0x0000000086f00000| Complete 
| 112|0x0000000087000000, 0x0000000087100000, 0x0000000087100000|100%|HS|  |TAMS 0x0000000087100000, 0x0000000087000000| Complete 
| 113|0x0000000087100000, 0x0000000087200000, 0x0000000087200000|100%|HS|  |TAMS 0x0000000087200000, 0x0000000087100000| Complete 
| 114|0x0000000087200000, 0x0000000087300000, 0x0000000087300000|100%|HC|  |TAMS 0x0000000087300000, 0x0000000087200000| Complete 
| 115|0x0000000087300000, 0x0000000087400000, 0x0000000087400000|100%|HS|  |TAMS 0x0000000087400000, 0x0000000087300000| Complete 
| 116|0x0000000087400000, 0x0000000087500000, 0x0000000087500000|100%|HS|  |TAMS 0x0000000087500000, 0x0000000087400000| Complete 
| 117|0x0000000087500000, 0x0000000087600000, 0x0000000087600000|100%|HC|  |TAMS 0x0000000087600000, 0x0000000087500000| Complete 
| 118|0x0000000087600000, 0x0000000087700000, 0x0000000087700000|100%|HC|  |TAMS 0x0000000087700000, 0x0000000087600000| Complete 
| 119|0x0000000087700000, 0x0000000087800000, 0x0000000087800000|100%|HC|  |TAMS 0x0000000087800000, 0x0000000087700000| Complete 
| 120|0x0000000087800000, 0x0000000087900000, 0x0000000087900000|100%| O|  |TAMS 0x0000000087900000, 0x0000000087800000| Untracked 
| 121|0x0000000087900000, 0x0000000087a00000, 0x0000000087a00000|100%| O|  |TAMS 0x0000000087a00000, 0x0000000087900000| Untracked 
| 122|0x0000000087a00000, 0x0000000087b00000, 0x0000000087b00000|100%| O|  |TAMS 0x0000000087b00000, 0x0000000087a00000| Untracked 
| 123|0x0000000087b00000, 0x0000000087c00000, 0x0000000087c00000|100%| O|  |TAMS 0x0000000087c00000, 0x0000000087b00000| Untracked 
| 124|0x0000000087c00000, 0x0000000087d00000, 0x0000000087d00000|100%| O|  |TAMS 0x0000000087d00000, 0x0000000087c00000| Untracked 
| 125|0x0000000087d00000, 0x0000000087e00000, 0x0000000087e00000|100%| O|  |TAMS 0x0000000087e00000, 0x0000000087d00000| Untracked 
| 126|0x0000000087e00000, 0x0000000087f00000, 0x0000000087f00000|100%|HS|  |TAMS 0x0000000087e00000, 0x0000000087e00000| Complete 
| 127|0x0000000087f00000, 0x0000000088000000, 0x0000000088000000|100%| O|  |TAMS 0x0000000088000000, 0x0000000087f00000| Untracked 
| 128|0x0000000088000000, 0x0000000088100000, 0x0000000088100000|100%| O|  |TAMS 0x0000000088100000, 0x0000000088000000| Untracked 
| 129|0x0000000088100000, 0x0000000088200000, 0x0000000088200000|100%|HS|  |TAMS 0x0000000088200000, 0x0000000088100000| Complete 
| 130|0x0000000088200000, 0x0000000088300000, 0x0000000088300000|100%|HC|  |TAMS 0x0000000088300000, 0x0000000088200000| Complete 
| 131|0x0000000088300000, 0x0000000088400000, 0x0000000088400000|100%|HS|  |TAMS 0x0000000088400000, 0x0000000088300000| Complete 
| 132|0x0000000088400000, 0x0000000088500000, 0x0000000088500000|100%| O|  |TAMS 0x0000000088500000, 0x0000000088400000| Untracked 
| 133|0x0000000088500000, 0x0000000088600000, 0x0000000088600000|100%|HS|  |TAMS 0x0000000088600000, 0x0000000088500000| Complete 
| 134|0x0000000088600000, 0x0000000088700000, 0x0000000088700000|100%| O|  |TAMS 0x0000000088700000, 0x0000000088600000| Untracked 
| 135|0x0000000088700000, 0x0000000088800000, 0x0000000088800000|100%| O|  |TAMS 0x0000000088800000, 0x0000000088700000| Untracked 
| 136|0x0000000088800000, 0x0000000088900000, 0x0000000088900000|100%| O|  |TAMS 0x0000000088900000, 0x0000000088800000| Untracked 
| 137|0x0000000088900000, 0x0000000088a00000, 0x0000000088a00000|100%| O|  |TAMS 0x0000000088a00000, 0x0000000088900000| Untracked 
| 138|0x0000000088a00000, 0x0000000088b00000, 0x0000000088b00000|100%| O|  |TAMS 0x0000000088a00000, 0x0000000088a00000| Untracked 
| 139|0x0000000088b00000, 0x0000000088c00000, 0x0000000088c00000|100%| O|  |TAMS 0x0000000088c00000, 0x0000000088b00000| Untracked 
| 140|0x0000000088c00000, 0x0000000088d00000, 0x0000000088d00000|100%| O|  |TAMS 0x0000000088d00000, 0x0000000088c00000| Untracked 
| 141|0x0000000088d00000, 0x0000000088e00000, 0x0000000088e00000|100%| O|  |TAMS 0x0000000088e00000, 0x0000000088d00000| Untracked 
| 142|0x0000000088e00000, 0x0000000088f00000, 0x0000000088f00000|100%| O|  |TAMS 0x0000000088f00000, 0x0000000088e00000| Untracked 
| 143|0x0000000088f00000, 0x0000000088f00000, 0x0000000089000000|  0%| F|  |TAMS 0x0000000088f00000, 0x0000000088f00000| Untracked 
| 144|0x0000000089000000, 0x0000000089000000, 0x0000000089100000|  0%| F|  |TAMS 0x0000000089000000, 0x0000000089000000| Untracked 
| 145|0x0000000089100000, 0x0000000089100000, 0x0000000089200000|  0%| F|  |TAMS 0x0000000089100000, 0x0000000089100000| Untracked 
| 146|0x0000000089200000, 0x0000000089300000, 0x0000000089300000|100%| O|  |TAMS 0x0000000089200000, 0x0000000089200000| Untracked 
| 147|0x0000000089300000, 0x0000000089400000, 0x0000000089400000|100%| O|  |TAMS 0x0000000089300000, 0x0000000089300000| Untracked 
| 148|0x0000000089400000, 0x0000000089500000, 0x0000000089500000|100%| O|  |TAMS 0x0000000089400000, 0x0000000089400000| Untracked 
| 149|0x0000000089500000, 0x0000000089600000, 0x0000000089600000|100%| O|  |TAMS 0x0000000089600000, 0x0000000089500000| Untracked 
| 150|0x0000000089600000, 0x0000000089700000, 0x0000000089700000|100%| O|  |TAMS 0x0000000089700000, 0x0000000089600000| Untracked 
| 151|0x0000000089700000, 0x0000000089800000, 0x0000000089800000|100%| O|  |TAMS 0x0000000089800000, 0x0000000089700000| Untracked 
| 152|0x0000000089800000, 0x0000000089900000, 0x0000000089900000|100%|HS|  |TAMS 0x0000000089900000, 0x0000000089800000| Complete 
| 153|0x0000000089900000, 0x0000000089a00000, 0x0000000089a00000|100%|HS|  |TAMS 0x0000000089a00000, 0x0000000089900000| Complete 
| 154|0x0000000089a00000, 0x0000000089b00000, 0x0000000089b00000|100%|HC|  |TAMS 0x0000000089b00000, 0x0000000089a00000| Complete 
| 155|0x0000000089b00000, 0x0000000089c00000, 0x0000000089c00000|100%|HC|  |TAMS 0x0000000089c00000, 0x0000000089b00000| Complete 
| 156|0x0000000089c00000, 0x0000000089d00000, 0x0000000089d00000|100%|HC|  |TAMS 0x0000000089d00000, 0x0000000089c00000| Complete 
| 157|0x0000000089d00000, 0x0000000089e00000, 0x0000000089e00000|100%| O|  |TAMS 0x0000000089e00000, 0x0000000089d00000| Untracked 
| 158|0x0000000089e00000, 0x0000000089f00000, 0x0000000089f00000|100%| O|  |TAMS 0x0000000089f00000, 0x0000000089e00000| Untracked 
| 159|0x0000000089f00000, 0x000000008a000000, 0x000000008a000000|100%|HS|  |TAMS 0x000000008a000000, 0x0000000089f00000| Complete 
| 160|0x000000008a000000, 0x000000008a100000, 0x000000008a100000|100%|HC|  |TAMS 0x000000008a100000, 0x000000008a000000| Complete 
| 161|0x000000008a100000, 0x000000008a200000, 0x000000008a200000|100%|HS|  |TAMS 0x000000008a200000, 0x000000008a100000| Complete 
| 162|0x000000008a200000, 0x000000008a300000, 0x000000008a300000|100%|HC|  |TAMS 0x000000008a300000, 0x000000008a200000| Complete 
| 163|0x000000008a300000, 0x000000008a400000, 0x000000008a400000|100%|HC|  |TAMS 0x000000008a400000, 0x000000008a300000| Complete 
| 164|0x000000008a400000, 0x000000008a500000, 0x000000008a500000|100%|HS|  |TAMS 0x000000008a500000, 0x000000008a400000| Complete 
| 165|0x000000008a500000, 0x000000008a600000, 0x000000008a600000|100%|HC|  |TAMS 0x000000008a600000, 0x000000008a500000| Complete 
| 166|0x000000008a600000, 0x000000008a700000, 0x000000008a700000|100%|HC|  |TAMS 0x000000008a700000, 0x000000008a600000| Complete 
| 167|0x000000008a700000, 0x000000008a800000, 0x000000008a800000|100%|HS|  |TAMS 0x000000008a800000, 0x000000008a700000| Complete 
| 168|0x000000008a800000, 0x000000008a900000, 0x000000008a900000|100%|HC|  |TAMS 0x000000008a900000, 0x000000008a800000| Complete 
| 169|0x000000008a900000, 0x000000008aa00000, 0x000000008aa00000|100%|HC|  |TAMS 0x000000008aa00000, 0x000000008a900000| Complete 
| 170|0x000000008aa00000, 0x000000008ab00000, 0x000000008ab00000|100%| O|  |TAMS 0x000000008ab00000, 0x000000008aa00000| Untracked 
| 171|0x000000008ab00000, 0x000000008ac00000, 0x000000008ac00000|100%| O|  |TAMS 0x000000008ac00000, 0x000000008ab00000| Untracked 
| 172|0x000000008ac00000, 0x000000008ad00000, 0x000000008ad00000|100%| O|  |TAMS 0x000000008ad00000, 0x000000008ac00000| Untracked 
| 173|0x000000008ad00000, 0x000000008ae00000, 0x000000008ae00000|100%| O|  |TAMS 0x000000008ae00000, 0x000000008ad00000| Untracked 
| 174|0x000000008ae00000, 0x000000008af00000, 0x000000008af00000|100%| O|  |TAMS 0x000000008af00000, 0x000000008ae00000| Untracked 
| 175|0x000000008af00000, 0x000000008b000000, 0x000000008b000000|100%| O|  |TAMS 0x000000008b000000, 0x000000008af00000| Untracked 
| 176|0x000000008b000000, 0x000000008b100000, 0x000000008b100000|100%| O|  |TAMS 0x000000008b100000, 0x000000008b000000| Untracked 
| 177|0x000000008b100000, 0x000000008b200000, 0x000000008b200000|100%| O|  |TAMS 0x000000008b200000, 0x000000008b100000| Untracked 
| 178|0x000000008b200000, 0x000000008b300000, 0x000000008b300000|100%| O|  |TAMS 0x000000008b300000, 0x000000008b200000| Untracked 
| 179|0x000000008b300000, 0x000000008b400000, 0x000000008b400000|100%| O|  |TAMS 0x000000008b400000, 0x000000008b300000| Untracked 
| 180|0x000000008b400000, 0x000000008b500000, 0x000000008b500000|100%| O|  |TAMS 0x000000008b500000, 0x000000008b400000| Untracked 
| 181|0x000000008b500000, 0x000000008b600000, 0x000000008b600000|100%| O|  |TAMS 0x000000008b600000, 0x000000008b500000| Untracked 
| 182|0x000000008b600000, 0x000000008b600000, 0x000000008b700000|  0%| F|  |TAMS 0x000000008b600000, 0x000000008b600000| Untracked 
| 183|0x000000008b700000, 0x000000008b800000, 0x000000008b800000|100%| O|  |TAMS 0x000000008b800000, 0x000000008b700000| Untracked 
| 184|0x000000008b800000, 0x000000008b900000, 0x000000008b900000|100%| O|  |TAMS 0x000000008b900000, 0x000000008b800000| Untracked 
| 185|0x000000008b900000, 0x000000008ba00000, 0x000000008ba00000|100%| O|  |TAMS 0x000000008ba00000, 0x000000008b900000| Untracked 
| 186|0x000000008ba00000, 0x000000008bb00000, 0x000000008bb00000|100%| O|  |TAMS 0x000000008bb00000, 0x000000008ba00000| Untracked 
| 187|0x000000008bb00000, 0x000000008bc00000, 0x000000008bc00000|100%| O|  |TAMS 0x000000008bc00000, 0x000000008bb00000| Untracked 
| 188|0x000000008bc00000, 0x000000008bd00000, 0x000000008bd00000|100%| O|  |TAMS 0x000000008bd00000, 0x000000008bc00000| Untracked 
| 189|0x000000008bd00000, 0x000000008be00000, 0x000000008be00000|100%| O|  |TAMS 0x000000008bdfca00, 0x000000008bd00000| Untracked 
| 190|0x000000008be00000, 0x000000008bf00000, 0x000000008bf00000|100%| O|  |TAMS 0x000000008be00000, 0x000000008be00000| Untracked 
| 191|0x000000008bf00000, 0x000000008c000000, 0x000000008c000000|100%| O|  |TAMS 0x000000008bf00000, 0x000000008bf00000| Untracked 
| 192|0x000000008c000000, 0x000000008c100000, 0x000000008c100000|100%| O|  |TAMS 0x000000008c000000, 0x000000008c000000| Untracked 
| 193|0x000000008c100000, 0x000000008c200000, 0x000000008c200000|100%| O|  |TAMS 0x000000008c100000, 0x000000008c100000| Untracked 
| 194|0x000000008c200000, 0x000000008c300000, 0x000000008c300000|100%| O|  |TAMS 0x000000008c200000, 0x000000008c200000| Untracked 
| 195|0x000000008c300000, 0x000000008c400000, 0x000000008c400000|100%| O|  |TAMS 0x000000008c300000, 0x000000008c300000| Untracked 
| 196|0x000000008c400000, 0x000000008c500000, 0x000000008c500000|100%| O|  |TAMS 0x000000008c400000, 0x000000008c400000| Untracked 
| 197|0x000000008c500000, 0x000000008c600000, 0x000000008c600000|100%| O|  |TAMS 0x000000008c500000, 0x000000008c500000| Untracked 
| 198|0x000000008c600000, 0x000000008c700000, 0x000000008c700000|100%| O|  |TAMS 0x000000008c600000, 0x000000008c600000| Untracked 
| 199|0x000000008c700000, 0x000000008c800000, 0x000000008c800000|100%| O|  |TAMS 0x000000008c700000, 0x000000008c700000| Untracked 
| 200|0x000000008c800000, 0x000000008c900000, 0x000000008c900000|100%| O|  |TAMS 0x000000008c800000, 0x000000008c800000| Untracked 
| 201|0x000000008c900000, 0x000000008ca00000, 0x000000008ca00000|100%| O|  |TAMS 0x000000008c900000, 0x000000008c900000| Untracked 
| 202|0x000000008ca00000, 0x000000008cb00000, 0x000000008cb00000|100%| O|  |TAMS 0x000000008ca00000, 0x000000008ca00000| Untracked 
| 203|0x000000008cb00000, 0x000000008cc00000, 0x000000008cc00000|100%| O|  |TAMS 0x000000008cb00000, 0x000000008cb00000| Untracked 
| 204|0x000000008cc00000, 0x000000008cd00000, 0x000000008cd00000|100%| O|  |TAMS 0x000000008cc00000, 0x000000008cc00000| Untracked 
| 205|0x000000008cd00000, 0x000000008ce00000, 0x000000008ce00000|100%| O|  |TAMS 0x000000008cd00000, 0x000000008cd00000| Untracked 
| 206|0x000000008ce00000, 0x000000008cf00000, 0x000000008cf00000|100%| O|  |TAMS 0x000000008ce00000, 0x000000008ce00000| Untracked 
| 207|0x000000008cf00000, 0x000000008d000000, 0x000000008d000000|100%| O|  |TAMS 0x000000008cf00000, 0x000000008cf00000| Untracked 
| 208|0x000000008d000000, 0x000000008d100000, 0x000000008d100000|100%| O|  |TAMS 0x000000008d000000, 0x000000008d000000| Untracked 
| 209|0x000000008d100000, 0x000000008d1a8e00, 0x000000008d200000| 65%| O|  |TAMS 0x000000008d100000, 0x000000008d100000| Untracked 
| 210|0x000000008d200000, 0x000000008d200000, 0x000000008d300000|  0%| F|  |TAMS 0x000000008d200000, 0x000000008d200000| Untracked 
| 211|0x000000008d300000, 0x000000008d300000, 0x000000008d400000|  0%| F|  |TAMS 0x000000008d300000, 0x000000008d300000| Untracked 
| 212|0x000000008d400000, 0x000000008d400000, 0x000000008d500000|  0%| F|  |TAMS 0x000000008d400000, 0x000000008d400000| Untracked 
| 213|0x000000008d500000, 0x000000008d500000, 0x000000008d600000|  0%| F|  |TAMS 0x000000008d500000, 0x000000008d500000| Untracked 
| 214|0x000000008d600000, 0x000000008d600000, 0x000000008d700000|  0%| F|  |TAMS 0x000000008d600000, 0x000000008d600000| Untracked 
| 215|0x000000008d700000, 0x000000008d700000, 0x000000008d800000|  0%| F|  |TAMS 0x000000008d700000, 0x000000008d700000| Untracked 
| 216|0x000000008d800000, 0x000000008d800000, 0x000000008d900000|  0%| F|  |TAMS 0x000000008d800000, 0x000000008d800000| Untracked 
| 217|0x000000008d900000, 0x000000008d900000, 0x000000008da00000|  0%| F|  |TAMS 0x000000008d900000, 0x000000008d900000| Untracked 
| 218|0x000000008da00000, 0x000000008da00000, 0x000000008db00000|  0%| F|  |TAMS 0x000000008da00000, 0x000000008da00000| Untracked 
| 219|0x000000008db00000, 0x000000008db00000, 0x000000008dc00000|  0%| F|  |TAMS 0x000000008db00000, 0x000000008db00000| Untracked 
| 220|0x000000008dc00000, 0x000000008dc00000, 0x000000008dd00000|  0%| F|  |TAMS 0x000000008dc00000, 0x000000008dc00000| Untracked 
| 221|0x000000008dd00000, 0x000000008dd00000, 0x000000008de00000|  0%| F|  |TAMS 0x000000008dd00000, 0x000000008dd00000| Untracked 
| 222|0x000000008de00000, 0x000000008de00000, 0x000000008df00000|  0%| F|  |TAMS 0x000000008de00000, 0x000000008de00000| Untracked 
| 223|0x000000008df00000, 0x000000008df00000, 0x000000008e000000|  0%| F|  |TAMS 0x000000008df00000, 0x000000008df00000| Untracked 
| 224|0x000000008e000000, 0x000000008e000000, 0x000000008e100000|  0%| F|  |TAMS 0x000000008e000000, 0x000000008e000000| Untracked 
| 225|0x000000008e100000, 0x000000008e100000, 0x000000008e200000|  0%| F|  |TAMS 0x000000008e100000, 0x000000008e100000| Untracked 
| 226|0x000000008e200000, 0x000000008e200000, 0x000000008e300000|  0%| F|  |TAMS 0x000000008e200000, 0x000000008e200000| Untracked 
| 227|0x000000008e300000, 0x000000008e300000, 0x000000008e400000|  0%| F|  |TAMS 0x000000008e300000, 0x000000008e300000| Untracked 
| 228|0x000000008e400000, 0x000000008e400000, 0x000000008e500000|  0%| F|  |TAMS 0x000000008e400000, 0x000000008e400000| Untracked 
| 229|0x000000008e500000, 0x000000008e500000, 0x000000008e600000|  0%| F|  |TAMS 0x000000008e500000, 0x000000008e500000| Untracked 
| 230|0x000000008e600000, 0x000000008e600000, 0x000000008e700000|  0%| F|  |TAMS 0x000000008e600000, 0x000000008e600000| Untracked 
| 231|0x000000008e700000, 0x000000008e700000, 0x000000008e800000|  0%| F|  |TAMS 0x000000008e700000, 0x000000008e700000| Untracked 
| 232|0x000000008e800000, 0x000000008e800000, 0x000000008e900000|  0%| F|  |TAMS 0x000000008e800000, 0x000000008e800000| Untracked 
| 233|0x000000008e900000, 0x000000008e900000, 0x000000008ea00000|  0%| F|  |TAMS 0x000000008e900000, 0x000000008e900000| Untracked 
| 234|0x000000008ea00000, 0x000000008ea00000, 0x000000008eb00000|  0%| F|  |TAMS 0x000000008ea00000, 0x000000008ea00000| Untracked 
| 235|0x000000008eb00000, 0x000000008eb00000, 0x000000008ec00000|  0%| F|  |TAMS 0x000000008eb00000, 0x000000008eb00000| Untracked 
| 236|0x000000008ec00000, 0x000000008ec00000, 0x000000008ed00000|  0%| F|  |TAMS 0x000000008ec00000, 0x000000008ec00000| Untracked 
| 237|0x000000008ed00000, 0x000000008ed00000, 0x000000008ee00000|  0%| F|  |TAMS 0x000000008ed00000, 0x000000008ed00000| Untracked 
| 238|0x000000008ee00000, 0x000000008ee00000, 0x000000008ef00000|  0%| F|  |TAMS 0x000000008ee00000, 0x000000008ee00000| Untracked 
| 239|0x000000008ef00000, 0x000000008ef00000, 0x000000008f000000|  0%| F|  |TAMS 0x000000008ef00000, 0x000000008ef00000| Untracked 
| 240|0x000000008f000000, 0x000000008f000000, 0x000000008f100000|  0%| F|  |TAMS 0x000000008f000000, 0x000000008f000000| Untracked 
| 241|0x000000008f100000, 0x000000008f100000, 0x000000008f200000|  0%| F|  |TAMS 0x000000008f100000, 0x000000008f100000| Untracked 
| 242|0x000000008f200000, 0x000000008f200000, 0x000000008f300000|  0%| F|  |TAMS 0x000000008f200000, 0x000000008f200000| Untracked 
| 243|0x000000008f300000, 0x000000008f300000, 0x000000008f400000|  0%| F|  |TAMS 0x000000008f300000, 0x000000008f300000| Untracked 
| 244|0x000000008f400000, 0x000000008f400000, 0x000000008f500000|  0%| F|  |TAMS 0x000000008f400000, 0x000000008f400000| Untracked 
| 245|0x000000008f500000, 0x000000008f500000, 0x000000008f600000|  0%| F|  |TAMS 0x000000008f500000, 0x000000008f500000| Untracked 
| 246|0x000000008f600000, 0x000000008f600000, 0x000000008f700000|  0%| F|  |TAMS 0x000000008f600000, 0x000000008f600000| Untracked 
| 247|0x000000008f700000, 0x000000008f700000, 0x000000008f800000|  0%| F|  |TAMS 0x000000008f700000, 0x000000008f700000| Untracked 
| 248|0x000000008f800000, 0x000000008f800000, 0x000000008f900000|  0%| F|  |TAMS 0x000000008f800000, 0x000000008f800000| Untracked 
| 249|0x000000008f900000, 0x000000008f900000, 0x000000008fa00000|  0%| F|  |TAMS 0x000000008f900000, 0x000000008f900000| Untracked 
| 250|0x000000008fa00000, 0x000000008fa00000, 0x000000008fb00000|  0%| F|  |TAMS 0x000000008fa00000, 0x000000008fa00000| Untracked 
| 251|0x000000008fb00000, 0x000000008fb00000, 0x000000008fc00000|  0%| F|  |TAMS 0x000000008fb00000, 0x000000008fb00000| Untracked 
| 252|0x000000008fc00000, 0x000000008fc00000, 0x000000008fd00000|  0%| F|  |TAMS 0x000000008fc00000, 0x000000008fc00000| Untracked 
| 253|0x000000008fd00000, 0x000000008fd00000, 0x000000008fe00000|  0%| F|  |TAMS 0x000000008fd00000, 0x000000008fd00000| Untracked 
| 254|0x000000008fe00000, 0x000000008fe00000, 0x000000008ff00000|  0%| F|  |TAMS 0x000000008fe00000, 0x000000008fe00000| Untracked 
| 255|0x000000008ff00000, 0x000000008ff00000, 0x0000000090000000|  0%| F|  |TAMS 0x000000008ff00000, 0x000000008ff00000| Untracked 
| 256|0x0000000090000000, 0x0000000090000000, 0x0000000090100000|  0%| F|  |TAMS 0x0000000090000000, 0x0000000090000000| Untracked 
| 257|0x0000000090100000, 0x0000000090100000, 0x0000000090200000|  0%| F|  |TAMS 0x0000000090100000, 0x0000000090100000| Untracked 
| 258|0x0000000090200000, 0x0000000090200000, 0x0000000090300000|  0%| F|  |TAMS 0x0000000090200000, 0x0000000090200000| Untracked 
| 259|0x0000000090300000, 0x0000000090300000, 0x0000000090400000|  0%| F|  |TAMS 0x0000000090300000, 0x0000000090300000| Untracked 
| 260|0x0000000090400000, 0x0000000090400000, 0x0000000090500000|  0%| F|  |TAMS 0x0000000090400000, 0x0000000090400000| Untracked 
| 261|0x0000000090500000, 0x0000000090500000, 0x0000000090600000|  0%| F|  |TAMS 0x0000000090500000, 0x0000000090500000| Untracked 
| 262|0x0000000090600000, 0x0000000090600000, 0x0000000090700000|  0%| F|  |TAMS 0x0000000090600000, 0x0000000090600000| Untracked 
| 263|0x0000000090700000, 0x0000000090700000, 0x0000000090800000|  0%| F|  |TAMS 0x0000000090700000, 0x0000000090700000| Untracked 
| 264|0x0000000090800000, 0x0000000090800000, 0x0000000090900000|  0%| F|  |TAMS 0x0000000090800000, 0x0000000090800000| Untracked 
| 265|0x0000000090900000, 0x0000000090900000, 0x0000000090a00000|  0%| F|  |TAMS 0x0000000090900000, 0x0000000090900000| Untracked 
| 266|0x0000000090a00000, 0x0000000090a00000, 0x0000000090b00000|  0%| F|  |TAMS 0x0000000090a00000, 0x0000000090a00000| Untracked 
| 267|0x0000000090b00000, 0x0000000090b00000, 0x0000000090c00000|  0%| F|  |TAMS 0x0000000090b00000, 0x0000000090b00000| Untracked 
| 268|0x0000000090c00000, 0x0000000090c00000, 0x0000000090d00000|  0%| F|  |TAMS 0x0000000090c00000, 0x0000000090c00000| Untracked 
| 269|0x0000000090d00000, 0x0000000090d00000, 0x0000000090e00000|  0%| F|  |TAMS 0x0000000090d00000, 0x0000000090d00000| Untracked 
| 270|0x0000000090e00000, 0x0000000090e00000, 0x0000000090f00000|  0%| F|  |TAMS 0x0000000090e00000, 0x0000000090e00000| Untracked 
| 271|0x0000000090f00000, 0x0000000090f00000, 0x0000000091000000|  0%| F|  |TAMS 0x0000000090f00000, 0x0000000090f00000| Untracked 
| 272|0x0000000091000000, 0x0000000091000000, 0x0000000091100000|  0%| F|  |TAMS 0x0000000091000000, 0x0000000091000000| Untracked 
| 273|0x0000000091100000, 0x0000000091100000, 0x0000000091200000|  0%| F|  |TAMS 0x0000000091100000, 0x0000000091100000| Untracked 
| 274|0x0000000091200000, 0x0000000091200000, 0x0000000091300000|  0%| F|  |TAMS 0x0000000091200000, 0x0000000091200000| Untracked 
| 275|0x0000000091300000, 0x0000000091300000, 0x0000000091400000|  0%| F|  |TAMS 0x0000000091300000, 0x0000000091300000| Untracked 
| 276|0x0000000091400000, 0x0000000091400000, 0x0000000091500000|  0%| F|  |TAMS 0x0000000091400000, 0x0000000091400000| Untracked 
| 277|0x0000000091500000, 0x0000000091500000, 0x0000000091600000|  0%| F|  |TAMS 0x0000000091500000, 0x0000000091500000| Untracked 
| 278|0x0000000091600000, 0x0000000091600000, 0x0000000091700000|  0%| F|  |TAMS 0x0000000091600000, 0x0000000091600000| Untracked 
| 279|0x0000000091700000, 0x0000000091700000, 0x0000000091800000|  0%| F|  |TAMS 0x0000000091700000, 0x0000000091700000| Untracked 
| 280|0x0000000091800000, 0x0000000091800000, 0x0000000091900000|  0%| F|  |TAMS 0x0000000091800000, 0x0000000091800000| Untracked 
| 281|0x0000000091900000, 0x0000000091900000, 0x0000000091a00000|  0%| F|  |TAMS 0x0000000091900000, 0x0000000091900000| Untracked 
| 282|0x0000000091a00000, 0x0000000091a00000, 0x0000000091b00000|  0%| F|  |TAMS 0x0000000091a00000, 0x0000000091a00000| Untracked 
| 283|0x0000000091b00000, 0x0000000091b00000, 0x0000000091c00000|  0%| F|  |TAMS 0x0000000091b00000, 0x0000000091b00000| Untracked 
| 284|0x0000000091c00000, 0x0000000091c00000, 0x0000000091d00000|  0%| F|  |TAMS 0x0000000091c00000, 0x0000000091c00000| Untracked 
| 285|0x0000000091d00000, 0x0000000091d00000, 0x0000000091e00000|  0%| F|  |TAMS 0x0000000091d00000, 0x0000000091d00000| Untracked 
| 286|0x0000000091e00000, 0x0000000091e00000, 0x0000000091f00000|  0%| F|  |TAMS 0x0000000091e00000, 0x0000000091e00000| Untracked 
| 287|0x0000000091f00000, 0x0000000091f00000, 0x0000000092000000|  0%| F|  |TAMS 0x0000000091f00000, 0x0000000091f00000| Untracked 
| 288|0x0000000092000000, 0x0000000092000000, 0x0000000092100000|  0%| F|  |TAMS 0x0000000092000000, 0x0000000092000000| Untracked 
| 289|0x0000000092100000, 0x0000000092100000, 0x0000000092200000|  0%| F|  |TAMS 0x0000000092100000, 0x0000000092100000| Untracked 
| 290|0x0000000092200000, 0x0000000092200000, 0x0000000092300000|  0%| F|  |TAMS 0x0000000092200000, 0x0000000092200000| Untracked 
| 291|0x0000000092300000, 0x0000000092300000, 0x0000000092400000|  0%| F|  |TAMS 0x0000000092300000, 0x0000000092300000| Untracked 
| 292|0x0000000092400000, 0x0000000092400000, 0x0000000092500000|  0%| F|  |TAMS 0x0000000092400000, 0x0000000092400000| Untracked 
| 293|0x0000000092500000, 0x0000000092500000, 0x0000000092600000|  0%| F|  |TAMS 0x0000000092500000, 0x0000000092500000| Untracked 
| 294|0x0000000092600000, 0x0000000092600000, 0x0000000092700000|  0%| F|  |TAMS 0x0000000092600000, 0x0000000092600000| Untracked 
| 295|0x0000000092700000, 0x0000000092700000, 0x0000000092800000|  0%| F|  |TAMS 0x0000000092700000, 0x0000000092700000| Untracked 
| 296|0x0000000092800000, 0x0000000092800000, 0x0000000092900000|  0%| F|  |TAMS 0x0000000092800000, 0x0000000092800000| Untracked 
| 297|0x0000000092900000, 0x0000000092900000, 0x0000000092a00000|  0%| F|  |TAMS 0x0000000092900000, 0x0000000092900000| Untracked 
| 298|0x0000000092a00000, 0x0000000092a00000, 0x0000000092b00000|  0%| F|  |TAMS 0x0000000092a00000, 0x0000000092a00000| Untracked 
| 299|0x0000000092b00000, 0x0000000092b00000, 0x0000000092c00000|  0%| F|  |TAMS 0x0000000092b00000, 0x0000000092b00000| Untracked 
| 300|0x0000000092c00000, 0x0000000092c00000, 0x0000000092d00000|  0%| F|  |TAMS 0x0000000092c00000, 0x0000000092c00000| Untracked 
| 301|0x0000000092d00000, 0x0000000092d00000, 0x0000000092e00000|  0%| F|  |TAMS 0x0000000092d00000, 0x0000000092d00000| Untracked 
| 302|0x0000000092e00000, 0x0000000092e00000, 0x0000000092f00000|  0%| F|  |TAMS 0x0000000092e00000, 0x0000000092e00000| Untracked 
| 303|0x0000000092f00000, 0x0000000092f00000, 0x0000000093000000|  0%| F|  |TAMS 0x0000000092f00000, 0x0000000092f00000| Untracked 
| 304|0x0000000093000000, 0x0000000093000000, 0x0000000093100000|  0%| F|  |TAMS 0x0000000093000000, 0x0000000093000000| Untracked 
| 305|0x0000000093100000, 0x0000000093100000, 0x0000000093200000|  0%| F|  |TAMS 0x0000000093100000, 0x0000000093100000| Untracked 
| 306|0x0000000093200000, 0x0000000093200000, 0x0000000093300000|  0%| F|  |TAMS 0x0000000093200000, 0x0000000093200000| Untracked 
| 307|0x0000000093300000, 0x0000000093300000, 0x0000000093400000|  0%| F|  |TAMS 0x0000000093300000, 0x0000000093300000| Untracked 
| 308|0x0000000093400000, 0x0000000093400000, 0x0000000093500000|  0%| F|  |TAMS 0x0000000093400000, 0x0000000093400000| Untracked 
| 309|0x0000000093500000, 0x0000000093500000, 0x0000000093600000|  0%| F|  |TAMS 0x0000000093500000, 0x0000000093500000| Untracked 
| 310|0x0000000093600000, 0x0000000093600000, 0x0000000093700000|  0%| F|  |TAMS 0x0000000093600000, 0x0000000093600000| Untracked 
| 311|0x0000000093700000, 0x0000000093700000, 0x0000000093800000|  0%| F|  |TAMS 0x0000000093700000, 0x0000000093700000| Untracked 
| 312|0x0000000093800000, 0x0000000093800000, 0x0000000093900000|  0%| F|  |TAMS 0x0000000093800000, 0x0000000093800000| Untracked 
| 313|0x0000000093900000, 0x0000000093900000, 0x0000000093a00000|  0%| F|  |TAMS 0x0000000093900000, 0x0000000093900000| Untracked 
| 314|0x0000000093a00000, 0x0000000093a00000, 0x0000000093b00000|  0%| F|  |TAMS 0x0000000093a00000, 0x0000000093a00000| Untracked 
| 315|0x0000000093b00000, 0x0000000093b00000, 0x0000000093c00000|  0%| F|  |TAMS 0x0000000093b00000, 0x0000000093b00000| Untracked 
| 316|0x0000000093c00000, 0x0000000093c00000, 0x0000000093d00000|  0%| F|  |TAMS 0x0000000093c00000, 0x0000000093c00000| Untracked 
| 317|0x0000000093d00000, 0x0000000093d00000, 0x0000000093e00000|  0%| F|  |TAMS 0x0000000093d00000, 0x0000000093d00000| Untracked 
| 318|0x0000000093e00000, 0x0000000093e00000, 0x0000000093f00000|  0%| F|  |TAMS 0x0000000093e00000, 0x0000000093e00000| Untracked 
| 319|0x0000000093f00000, 0x0000000093f00000, 0x0000000094000000|  0%| F|  |TAMS 0x0000000093f00000, 0x0000000093f00000| Untracked 
| 320|0x0000000094000000, 0x0000000094000000, 0x0000000094100000|  0%| F|  |TAMS 0x0000000094000000, 0x0000000094000000| Untracked 
| 321|0x0000000094100000, 0x0000000094100000, 0x0000000094200000|  0%| F|  |TAMS 0x0000000094100000, 0x0000000094100000| Untracked 
| 322|0x0000000094200000, 0x0000000094200000, 0x0000000094300000|  0%| F|  |TAMS 0x0000000094200000, 0x0000000094200000| Untracked 
| 323|0x0000000094300000, 0x0000000094300000, 0x0000000094400000|  0%| F|  |TAMS 0x0000000094300000, 0x0000000094300000| Untracked 
| 324|0x0000000094400000, 0x0000000094400000, 0x0000000094500000|  0%| F|  |TAMS 0x0000000094400000, 0x0000000094400000| Untracked 
| 325|0x0000000094500000, 0x0000000094500000, 0x0000000094600000|  0%| F|  |TAMS 0x0000000094500000, 0x0000000094500000| Untracked 
| 326|0x0000000094600000, 0x0000000094600000, 0x0000000094700000|  0%| F|  |TAMS 0x0000000094600000, 0x0000000094600000| Untracked 
| 327|0x0000000094700000, 0x0000000094700000, 0x0000000094800000|  0%| F|  |TAMS 0x0000000094700000, 0x0000000094700000| Untracked 
| 328|0x0000000094800000, 0x0000000094800000, 0x0000000094900000|  0%| F|  |TAMS 0x0000000094800000, 0x0000000094800000| Untracked 
| 329|0x0000000094900000, 0x0000000094900000, 0x0000000094a00000|  0%| F|  |TAMS 0x0000000094900000, 0x0000000094900000| Untracked 
| 330|0x0000000094a00000, 0x0000000094a00000, 0x0000000094b00000|  0%| F|  |TAMS 0x0000000094a00000, 0x0000000094a00000| Untracked 
| 331|0x0000000094b00000, 0x0000000094b00000, 0x0000000094c00000|  0%| F|  |TAMS 0x0000000094b00000, 0x0000000094b00000| Untracked 
| 332|0x0000000094c00000, 0x0000000094c00000, 0x0000000094d00000|  0%| F|  |TAMS 0x0000000094c00000, 0x0000000094c00000| Untracked 
| 333|0x0000000094d00000, 0x0000000094d00000, 0x0000000094e00000|  0%| F|  |TAMS 0x0000000094d00000, 0x0000000094d00000| Untracked 
| 334|0x0000000094e00000, 0x0000000094e00000, 0x0000000094f00000|  0%| F|  |TAMS 0x0000000094e00000, 0x0000000094e00000| Untracked 
| 335|0x0000000094f00000, 0x0000000094f00000, 0x0000000095000000|  0%| F|  |TAMS 0x0000000094f00000, 0x0000000094f00000| Untracked 
| 336|0x0000000095000000, 0x0000000095000000, 0x0000000095100000|  0%| F|  |TAMS 0x0000000095000000, 0x0000000095000000| Untracked 
| 337|0x0000000095100000, 0x0000000095100000, 0x0000000095200000|  0%| F|  |TAMS 0x0000000095100000, 0x0000000095100000| Untracked 
| 338|0x0000000095200000, 0x0000000095200000, 0x0000000095300000|  0%| F|  |TAMS 0x0000000095200000, 0x0000000095200000| Untracked 
| 339|0x0000000095300000, 0x0000000095300000, 0x0000000095400000|  0%| F|  |TAMS 0x0000000095300000, 0x0000000095300000| Untracked 
| 340|0x0000000095400000, 0x0000000095400000, 0x0000000095500000|  0%| F|  |TAMS 0x0000000095400000, 0x0000000095400000| Untracked 
| 341|0x0000000095500000, 0x0000000095500000, 0x0000000095600000|  0%| F|  |TAMS 0x0000000095500000, 0x0000000095500000| Untracked 
| 342|0x0000000095600000, 0x0000000095600000, 0x0000000095700000|  0%| F|  |TAMS 0x0000000095600000, 0x0000000095600000| Untracked 
| 343|0x0000000095700000, 0x0000000095700000, 0x0000000095800000|  0%| F|  |TAMS 0x0000000095700000, 0x0000000095700000| Untracked 
| 344|0x0000000095800000, 0x0000000095800000, 0x0000000095900000|  0%| F|  |TAMS 0x0000000095800000, 0x0000000095800000| Untracked 
| 345|0x0000000095900000, 0x0000000095900000, 0x0000000095a00000|  0%| F|  |TAMS 0x0000000095900000, 0x0000000095900000| Untracked 
| 346|0x0000000095a00000, 0x0000000095a00000, 0x0000000095b00000|  0%| F|  |TAMS 0x0000000095a00000, 0x0000000095a00000| Untracked 
| 347|0x0000000095b00000, 0x0000000095b00000, 0x0000000095c00000|  0%| F|  |TAMS 0x0000000095b00000, 0x0000000095b00000| Untracked 
| 348|0x0000000095c00000, 0x0000000095c00000, 0x0000000095d00000|  0%| F|  |TAMS 0x0000000095c00000, 0x0000000095c00000| Untracked 
| 349|0x0000000095d00000, 0x0000000095d00000, 0x0000000095e00000|  0%| F|  |TAMS 0x0000000095d00000, 0x0000000095d00000| Untracked 
| 350|0x0000000095e00000, 0x0000000095e00000, 0x0000000095f00000|  0%| F|  |TAMS 0x0000000095e00000, 0x0000000095e00000| Untracked 
| 351|0x0000000095f00000, 0x0000000095f00000, 0x0000000096000000|  0%| F|  |TAMS 0x0000000095f00000, 0x0000000095f00000| Untracked 
| 352|0x0000000096000000, 0x0000000096000000, 0x0000000096100000|  0%| F|  |TAMS 0x0000000096000000, 0x0000000096000000| Untracked 
| 353|0x0000000096100000, 0x0000000096100000, 0x0000000096200000|  0%| F|  |TAMS 0x0000000096100000, 0x0000000096100000| Untracked 
| 354|0x0000000096200000, 0x0000000096200000, 0x0000000096300000|  0%| F|  |TAMS 0x0000000096200000, 0x0000000096200000| Untracked 
| 355|0x0000000096300000, 0x0000000096300000, 0x0000000096400000|  0%| F|  |TAMS 0x0000000096300000, 0x0000000096300000| Untracked 
| 356|0x0000000096400000, 0x0000000096400000, 0x0000000096500000|  0%| F|  |TAMS 0x0000000096400000, 0x0000000096400000| Untracked 
| 357|0x0000000096500000, 0x0000000096500000, 0x0000000096600000|  0%| F|  |TAMS 0x0000000096500000, 0x0000000096500000| Untracked 
| 358|0x0000000096600000, 0x0000000096600000, 0x0000000096700000|  0%| F|  |TAMS 0x0000000096600000, 0x0000000096600000| Untracked 
| 359|0x0000000096700000, 0x0000000096700000, 0x0000000096800000|  0%| F|  |TAMS 0x0000000096700000, 0x0000000096700000| Untracked 
| 360|0x0000000096800000, 0x0000000096800000, 0x0000000096900000|  0%| F|  |TAMS 0x0000000096800000, 0x0000000096800000| Untracked 
| 361|0x0000000096900000, 0x0000000096900000, 0x0000000096a00000|  0%| F|  |TAMS 0x0000000096900000, 0x0000000096900000| Untracked 
| 362|0x0000000096a00000, 0x0000000096a00000, 0x0000000096b00000|  0%| F|  |TAMS 0x0000000096a00000, 0x0000000096a00000| Untracked 
| 363|0x0000000096b00000, 0x0000000096b00000, 0x0000000096c00000|  0%| F|  |TAMS 0x0000000096b00000, 0x0000000096b00000| Untracked 
| 364|0x0000000096c00000, 0x0000000096c00000, 0x0000000096d00000|  0%| F|  |TAMS 0x0000000096c00000, 0x0000000096c00000| Untracked 
| 365|0x0000000096d00000, 0x0000000096d00000, 0x0000000096e00000|  0%| F|  |TAMS 0x0000000096d00000, 0x0000000096d00000| Untracked 
| 366|0x0000000096e00000, 0x0000000096e00000, 0x0000000096f00000|  0%| F|  |TAMS 0x0000000096e00000, 0x0000000096e00000| Untracked 
| 367|0x0000000096f00000, 0x0000000096f00000, 0x0000000097000000|  0%| F|  |TAMS 0x0000000096f00000, 0x0000000096f00000| Untracked 
| 368|0x0000000097000000, 0x0000000097000000, 0x0000000097100000|  0%| F|  |TAMS 0x0000000097000000, 0x0000000097000000| Untracked 
| 369|0x0000000097100000, 0x0000000097100000, 0x0000000097200000|  0%| F|  |TAMS 0x0000000097100000, 0x0000000097100000| Untracked 
| 370|0x0000000097200000, 0x0000000097200000, 0x0000000097300000|  0%| F|  |TAMS 0x0000000097200000, 0x0000000097200000| Untracked 
| 371|0x0000000097300000, 0x0000000097300000, 0x0000000097400000|  0%| F|  |TAMS 0x0000000097300000, 0x0000000097300000| Untracked 
| 372|0x0000000097400000, 0x0000000097400000, 0x0000000097500000|  0%| F|  |TAMS 0x0000000097400000, 0x0000000097400000| Untracked 
| 373|0x0000000097500000, 0x0000000097500000, 0x0000000097600000|  0%| F|  |TAMS 0x0000000097500000, 0x0000000097500000| Untracked 
| 374|0x0000000097600000, 0x0000000097600000, 0x0000000097700000|  0%| F|  |TAMS 0x0000000097600000, 0x0000000097600000| Untracked 
| 375|0x0000000097700000, 0x0000000097700000, 0x0000000097800000|  0%| F|  |TAMS 0x0000000097700000, 0x0000000097700000| Untracked 
| 376|0x0000000097800000, 0x0000000097800000, 0x0000000097900000|  0%| F|  |TAMS 0x0000000097800000, 0x0000000097800000| Untracked 
| 377|0x0000000097900000, 0x0000000097900000, 0x0000000097a00000|  0%| F|  |TAMS 0x0000000097900000, 0x0000000097900000| Untracked 
| 378|0x0000000097a00000, 0x0000000097a00000, 0x0000000097b00000|  0%| F|  |TAMS 0x0000000097a00000, 0x0000000097a00000| Untracked 
| 379|0x0000000097b00000, 0x0000000097b00000, 0x0000000097c00000|  0%| F|  |TAMS 0x0000000097b00000, 0x0000000097b00000| Untracked 
| 380|0x0000000097c00000, 0x0000000097c00000, 0x0000000097d00000|  0%| F|  |TAMS 0x0000000097c00000, 0x0000000097c00000| Untracked 
| 381|0x0000000097d00000, 0x0000000097d00000, 0x0000000097e00000|  0%| F|  |TAMS 0x0000000097d00000, 0x0000000097d00000| Untracked 
| 382|0x0000000097e00000, 0x0000000097e00000, 0x0000000097f00000|  0%| F|  |TAMS 0x0000000097e00000, 0x0000000097e00000| Untracked 
| 383|0x0000000097f00000, 0x0000000097f00000, 0x0000000098000000|  0%| F|  |TAMS 0x0000000097f00000, 0x0000000097f00000| Untracked 
| 384|0x0000000098000000, 0x0000000098000000, 0x0000000098100000|  0%| F|  |TAMS 0x0000000098000000, 0x0000000098000000| Untracked 
| 385|0x0000000098100000, 0x0000000098100000, 0x0000000098200000|  0%| F|  |TAMS 0x0000000098100000, 0x0000000098100000| Untracked 
| 386|0x0000000098200000, 0x0000000098200000, 0x0000000098300000|  0%| F|  |TAMS 0x0000000098200000, 0x0000000098200000| Untracked 
| 387|0x0000000098300000, 0x0000000098300000, 0x0000000098400000|  0%| F|  |TAMS 0x0000000098300000, 0x0000000098300000| Untracked 
| 388|0x0000000098400000, 0x0000000098400000, 0x0000000098500000|  0%| F|  |TAMS 0x0000000098400000, 0x0000000098400000| Untracked 
| 389|0x0000000098500000, 0x0000000098500000, 0x0000000098600000|  0%| F|  |TAMS 0x0000000098500000, 0x0000000098500000| Untracked 
| 390|0x0000000098600000, 0x0000000098600000, 0x0000000098700000|  0%| F|  |TAMS 0x0000000098600000, 0x0000000098600000| Untracked 
| 391|0x0000000098700000, 0x0000000098700000, 0x0000000098800000|  0%| F|  |TAMS 0x0000000098700000, 0x0000000098700000| Untracked 
| 392|0x0000000098800000, 0x0000000098800000, 0x0000000098900000|  0%| F|  |TAMS 0x0000000098800000, 0x0000000098800000| Untracked 
| 393|0x0000000098900000, 0x0000000098900000, 0x0000000098a00000|  0%| F|  |TAMS 0x0000000098900000, 0x0000000098900000| Untracked 
| 394|0x0000000098a00000, 0x0000000098a00000, 0x0000000098b00000|  0%| F|  |TAMS 0x0000000098a00000, 0x0000000098a00000| Untracked 
| 395|0x0000000098b00000, 0x0000000098b00000, 0x0000000098c00000|  0%| F|  |TAMS 0x0000000098b00000, 0x0000000098b00000| Untracked 
| 396|0x0000000098c00000, 0x0000000098c00000, 0x0000000098d00000|  0%| F|  |TAMS 0x0000000098c00000, 0x0000000098c00000| Untracked 
| 397|0x0000000098d00000, 0x0000000098d00000, 0x0000000098e00000|  0%| F|  |TAMS 0x0000000098d00000, 0x0000000098d00000| Untracked 
| 398|0x0000000098e00000, 0x0000000098e00000, 0x0000000098f00000|  0%| F|  |TAMS 0x0000000098e00000, 0x0000000098e00000| Untracked 
| 399|0x0000000098f00000, 0x0000000098f00000, 0x0000000099000000|  0%| F|  |TAMS 0x0000000098f00000, 0x0000000098f00000| Untracked 
| 400|0x0000000099000000, 0x0000000099000000, 0x0000000099100000|  0%| F|  |TAMS 0x0000000099000000, 0x0000000099000000| Untracked 
| 401|0x0000000099100000, 0x0000000099100000, 0x0000000099200000|  0%| F|  |TAMS 0x0000000099100000, 0x0000000099100000| Untracked 
| 402|0x0000000099200000, 0x0000000099200000, 0x0000000099300000|  0%| F|  |TAMS 0x0000000099200000, 0x0000000099200000| Untracked 
| 403|0x0000000099300000, 0x0000000099300000, 0x0000000099400000|  0%| F|  |TAMS 0x0000000099300000, 0x0000000099300000| Untracked 
| 404|0x0000000099400000, 0x0000000099400000, 0x0000000099500000|  0%| F|  |TAMS 0x0000000099400000, 0x0000000099400000| Untracked 
| 405|0x0000000099500000, 0x0000000099500000, 0x0000000099600000|  0%| F|  |TAMS 0x0000000099500000, 0x0000000099500000| Untracked 
| 406|0x0000000099600000, 0x0000000099600000, 0x0000000099700000|  0%| F|  |TAMS 0x0000000099600000, 0x0000000099600000| Untracked 
| 407|0x0000000099700000, 0x0000000099700000, 0x0000000099800000|  0%| F|  |TAMS 0x0000000099700000, 0x0000000099700000| Untracked 
| 408|0x0000000099800000, 0x0000000099800000, 0x0000000099900000|  0%| F|  |TAMS 0x0000000099800000, 0x0000000099800000| Untracked 
| 409|0x0000000099900000, 0x0000000099900000, 0x0000000099a00000|  0%| F|  |TAMS 0x0000000099900000, 0x0000000099900000| Untracked 
| 410|0x0000000099a00000, 0x0000000099a00000, 0x0000000099b00000|  0%| F|  |TAMS 0x0000000099a00000, 0x0000000099a00000| Untracked 
| 411|0x0000000099b00000, 0x0000000099b00000, 0x0000000099c00000|  0%| F|  |TAMS 0x0000000099b00000, 0x0000000099b00000| Untracked 
| 412|0x0000000099c00000, 0x0000000099c00000, 0x0000000099d00000|  0%| F|  |TAMS 0x0000000099c00000, 0x0000000099c00000| Untracked 
| 413|0x0000000099d00000, 0x0000000099d00000, 0x0000000099e00000|  0%| F|  |TAMS 0x0000000099d00000, 0x0000000099d00000| Untracked 
| 414|0x0000000099e00000, 0x0000000099e00000, 0x0000000099f00000|  0%| F|  |TAMS 0x0000000099e00000, 0x0000000099e00000| Untracked 
| 415|0x0000000099f00000, 0x0000000099f00000, 0x000000009a000000|  0%| F|  |TAMS 0x0000000099f00000, 0x0000000099f00000| Untracked 
| 416|0x000000009a000000, 0x000000009a000000, 0x000000009a100000|  0%| F|  |TAMS 0x000000009a000000, 0x000000009a000000| Untracked 
| 417|0x000000009a100000, 0x000000009a100000, 0x000000009a200000|  0%| F|  |TAMS 0x000000009a100000, 0x000000009a100000| Untracked 
| 418|0x000000009a200000, 0x000000009a200000, 0x000000009a300000|  0%| F|  |TAMS 0x000000009a200000, 0x000000009a200000| Untracked 
| 419|0x000000009a300000, 0x000000009a300000, 0x000000009a400000|  0%| F|  |TAMS 0x000000009a300000, 0x000000009a300000| Untracked 
| 420|0x000000009a400000, 0x000000009a400000, 0x000000009a500000|  0%| F|  |TAMS 0x000000009a400000, 0x000000009a400000| Untracked 
| 421|0x000000009a500000, 0x000000009a500000, 0x000000009a600000|  0%| F|  |TAMS 0x000000009a500000, 0x000000009a500000| Untracked 
| 422|0x000000009a600000, 0x000000009a600000, 0x000000009a700000|  0%| F|  |TAMS 0x000000009a600000, 0x000000009a600000| Untracked 
| 423|0x000000009a700000, 0x000000009a700000, 0x000000009a800000|  0%| F|  |TAMS 0x000000009a700000, 0x000000009a700000| Untracked 
| 424|0x000000009a800000, 0x000000009a800000, 0x000000009a900000|  0%| F|  |TAMS 0x000000009a800000, 0x000000009a800000| Untracked 
| 425|0x000000009a900000, 0x000000009a900000, 0x000000009aa00000|  0%| F|  |TAMS 0x000000009a900000, 0x000000009a900000| Untracked 
| 426|0x000000009aa00000, 0x000000009aa00000, 0x000000009ab00000|  0%| F|  |TAMS 0x000000009aa00000, 0x000000009aa00000| Untracked 
| 427|0x000000009ab00000, 0x000000009ab00000, 0x000000009ac00000|  0%| F|  |TAMS 0x000000009ab00000, 0x000000009ab00000| Untracked 
| 428|0x000000009ac00000, 0x000000009ac00000, 0x000000009ad00000|  0%| F|  |TAMS 0x000000009ac00000, 0x000000009ac00000| Untracked 
| 429|0x000000009ad00000, 0x000000009ad00000, 0x000000009ae00000|  0%| F|  |TAMS 0x000000009ad00000, 0x000000009ad00000| Untracked 
| 430|0x000000009ae00000, 0x000000009ae00000, 0x000000009af00000|  0%| F|  |TAMS 0x000000009ae00000, 0x000000009ae00000| Untracked 
| 431|0x000000009af00000, 0x000000009af00000, 0x000000009b000000|  0%| F|  |TAMS 0x000000009af00000, 0x000000009af00000| Untracked 
| 432|0x000000009b000000, 0x000000009b000000, 0x000000009b100000|  0%| F|  |TAMS 0x000000009b000000, 0x000000009b000000| Untracked 
| 433|0x000000009b100000, 0x000000009b100000, 0x000000009b200000|  0%| F|  |TAMS 0x000000009b100000, 0x000000009b100000| Untracked 
| 434|0x000000009b200000, 0x000000009b200000, 0x000000009b300000|  0%| F|  |TAMS 0x000000009b200000, 0x000000009b200000| Untracked 
| 435|0x000000009b300000, 0x000000009b300000, 0x000000009b400000|  0%| F|  |TAMS 0x000000009b300000, 0x000000009b300000| Untracked 
| 436|0x000000009b400000, 0x000000009b400000, 0x000000009b500000|  0%| F|  |TAMS 0x000000009b400000, 0x000000009b400000| Untracked 
| 437|0x000000009b500000, 0x000000009b500000, 0x000000009b600000|  0%| F|  |TAMS 0x000000009b500000, 0x000000009b500000| Untracked 
| 438|0x000000009b600000, 0x000000009b600000, 0x000000009b700000|  0%| F|  |TAMS 0x000000009b600000, 0x000000009b600000| Untracked 
| 439|0x000000009b700000, 0x000000009b700000, 0x000000009b800000|  0%| F|  |TAMS 0x000000009b700000, 0x000000009b700000| Untracked 
| 440|0x000000009b800000, 0x000000009b800000, 0x000000009b900000|  0%| F|  |TAMS 0x000000009b800000, 0x000000009b800000| Untracked 
| 441|0x000000009b900000, 0x000000009b900000, 0x000000009ba00000|  0%| F|  |TAMS 0x000000009b900000, 0x000000009b900000| Untracked 
| 442|0x000000009ba00000, 0x000000009bb00000, 0x000000009bb00000|100%| S|CS|TAMS 0x000000009ba00000, 0x000000009ba00000| Complete 
| 443|0x000000009bb00000, 0x000000009bc00000, 0x000000009bc00000|100%| S|CS|TAMS 0x000000009bb00000, 0x000000009bb00000| Complete 
| 444|0x000000009bc00000, 0x000000009bd00000, 0x000000009bd00000|100%| S|CS|TAMS 0x000000009bc00000, 0x000000009bc00000| Complete 
| 445|0x000000009bd00000, 0x000000009bd00000, 0x000000009be00000|  0%| F|  |TAMS 0x000000009bd00000, 0x000000009bd00000| Untracked 
| 446|0x000000009be00000, 0x000000009be00000, 0x000000009bf00000|  0%| F|  |TAMS 0x000000009be00000, 0x000000009be00000| Untracked 
| 447|0x000000009bf00000, 0x000000009bf00000, 0x000000009c000000|  0%| F|  |TAMS 0x000000009bf00000, 0x000000009bf00000| Untracked 
| 448|0x000000009c000000, 0x000000009c000000, 0x000000009c100000|  0%| F|  |TAMS 0x000000009c000000, 0x000000009c000000| Untracked 
| 449|0x000000009c100000, 0x000000009c100000, 0x000000009c200000|  0%| F|  |TAMS 0x000000009c100000, 0x000000009c100000| Untracked 
| 450|0x000000009c200000, 0x000000009c200000, 0x000000009c300000|  0%| F|  |TAMS 0x000000009c200000, 0x000000009c200000| Untracked 
| 451|0x000000009c300000, 0x000000009c300000, 0x000000009c400000|  0%| F|  |TAMS 0x000000009c300000, 0x000000009c300000| Untracked 
| 452|0x000000009c400000, 0x000000009c400000, 0x000000009c500000|  0%| F|  |TAMS 0x000000009c400000, 0x000000009c400000| Untracked 
| 453|0x000000009c500000, 0x000000009c500000, 0x000000009c600000|  0%| F|  |TAMS 0x000000009c500000, 0x000000009c500000| Untracked 
| 454|0x000000009c600000, 0x000000009c600000, 0x000000009c700000|  0%| F|  |TAMS 0x000000009c600000, 0x000000009c600000| Untracked 
| 455|0x000000009c700000, 0x000000009c700000, 0x000000009c800000|  0%| F|  |TAMS 0x000000009c700000, 0x000000009c700000| Untracked 
| 456|0x000000009c800000, 0x000000009c800000, 0x000000009c900000|  0%| F|  |TAMS 0x000000009c800000, 0x000000009c800000| Untracked 
| 457|0x000000009c900000, 0x000000009c900000, 0x000000009ca00000|  0%| F|  |TAMS 0x000000009c900000, 0x000000009c900000| Untracked 
| 458|0x000000009ca00000, 0x000000009ca00000, 0x000000009cb00000|  0%| F|  |TAMS 0x000000009ca00000, 0x000000009ca00000| Untracked 
| 459|0x000000009cb00000, 0x000000009cb00000, 0x000000009cc00000|  0%| F|  |TAMS 0x000000009cb00000, 0x000000009cb00000| Untracked 
| 460|0x000000009cc00000, 0x000000009cc00000, 0x000000009cd00000|  0%| F|  |TAMS 0x000000009cc00000, 0x000000009cc00000| Untracked 
| 461|0x000000009cd00000, 0x000000009cd00000, 0x000000009ce00000|  0%| F|  |TAMS 0x000000009cd00000, 0x000000009cd00000| Untracked 
| 462|0x000000009ce00000, 0x000000009ce00000, 0x000000009cf00000|  0%| F|  |TAMS 0x000000009ce00000, 0x000000009ce00000| Untracked 
| 463|0x000000009cf00000, 0x000000009cf00000, 0x000000009d000000|  0%| F|  |TAMS 0x000000009cf00000, 0x000000009cf00000| Untracked 
| 464|0x000000009d000000, 0x000000009d000000, 0x000000009d100000|  0%| F|  |TAMS 0x000000009d000000, 0x000000009d000000| Untracked 
| 465|0x000000009d100000, 0x000000009d100000, 0x000000009d200000|  0%| F|  |TAMS 0x000000009d100000, 0x000000009d100000| Untracked 
| 466|0x000000009d200000, 0x000000009d200000, 0x000000009d300000|  0%| F|  |TAMS 0x000000009d200000, 0x000000009d200000| Untracked 
| 467|0x000000009d300000, 0x000000009d300000, 0x000000009d400000|  0%| F|  |TAMS 0x000000009d300000, 0x000000009d300000| Untracked 
| 468|0x000000009d400000, 0x000000009d400000, 0x000000009d500000|  0%| F|  |TAMS 0x000000009d400000, 0x000000009d400000| Untracked 
| 469|0x000000009d500000, 0x000000009d500000, 0x000000009d600000|  0%| F|  |TAMS 0x000000009d500000, 0x000000009d500000| Untracked 
| 470|0x000000009d600000, 0x000000009d600000, 0x000000009d700000|  0%| F|  |TAMS 0x000000009d600000, 0x000000009d600000| Untracked 
| 471|0x000000009d700000, 0x000000009d700000, 0x000000009d800000|  0%| F|  |TAMS 0x000000009d700000, 0x000000009d700000| Untracked 
| 472|0x000000009d800000, 0x000000009d800000, 0x000000009d900000|  0%| F|  |TAMS 0x000000009d800000, 0x000000009d800000| Untracked 
| 473|0x000000009d900000, 0x000000009d900000, 0x000000009da00000|  0%| F|  |TAMS 0x000000009d900000, 0x000000009d900000| Untracked 
| 474|0x000000009da00000, 0x000000009da00000, 0x000000009db00000|  0%| F|  |TAMS 0x000000009da00000, 0x000000009da00000| Untracked 
| 475|0x000000009db00000, 0x000000009db00000, 0x000000009dc00000|  0%| F|  |TAMS 0x000000009db00000, 0x000000009db00000| Untracked 
| 476|0x000000009dc00000, 0x000000009dc00000, 0x000000009dd00000|  0%| F|  |TAMS 0x000000009dc00000, 0x000000009dc00000| Untracked 
| 477|0x000000009dd00000, 0x000000009dd00000, 0x000000009de00000|  0%| F|  |TAMS 0x000000009dd00000, 0x000000009dd00000| Untracked 
| 478|0x000000009de00000, 0x000000009de00000, 0x000000009df00000|  0%| F|  |TAMS 0x000000009de00000, 0x000000009de00000| Untracked 
| 479|0x000000009df00000, 0x000000009df00000, 0x000000009e000000|  0%| F|  |TAMS 0x000000009df00000, 0x000000009df00000| Untracked 
| 480|0x000000009e000000, 0x000000009e000000, 0x000000009e100000|  0%| F|  |TAMS 0x000000009e000000, 0x000000009e000000| Untracked 
| 481|0x000000009e100000, 0x000000009e100000, 0x000000009e200000|  0%| F|  |TAMS 0x000000009e100000, 0x000000009e100000| Untracked 
| 482|0x000000009e200000, 0x000000009e200000, 0x000000009e300000|  0%| F|  |TAMS 0x000000009e200000, 0x000000009e200000| Untracked 
| 483|0x000000009e300000, 0x000000009e300000, 0x000000009e400000|  0%| F|  |TAMS 0x000000009e300000, 0x000000009e300000| Untracked 
| 484|0x000000009e400000, 0x000000009e400000, 0x000000009e500000|  0%| F|  |TAMS 0x000000009e400000, 0x000000009e400000| Untracked 
| 485|0x000000009e500000, 0x000000009e500000, 0x000000009e600000|  0%| F|  |TAMS 0x000000009e500000, 0x000000009e500000| Untracked 
| 486|0x000000009e600000, 0x000000009e600000, 0x000000009e700000|  0%| F|  |TAMS 0x000000009e600000, 0x000000009e600000| Untracked 
| 487|0x000000009e700000, 0x000000009e700000, 0x000000009e800000|  0%| F|  |TAMS 0x000000009e700000, 0x000000009e700000| Untracked 
| 488|0x000000009e800000, 0x000000009e800000, 0x000000009e900000|  0%| F|  |TAMS 0x000000009e800000, 0x000000009e800000| Untracked 
| 489|0x000000009e900000, 0x000000009e900000, 0x000000009ea00000|  0%| F|  |TAMS 0x000000009e900000, 0x000000009e900000| Untracked 
| 490|0x000000009ea00000, 0x000000009ea00000, 0x000000009eb00000|  0%| F|  |TAMS 0x000000009ea00000, 0x000000009ea00000| Untracked 
| 491|0x000000009eb00000, 0x000000009eb00000, 0x000000009ec00000|  0%| F|  |TAMS 0x000000009eb00000, 0x000000009eb00000| Untracked 
| 492|0x000000009ec00000, 0x000000009ec00000, 0x000000009ed00000|  0%| F|  |TAMS 0x000000009ec00000, 0x000000009ec00000| Untracked 
| 493|0x000000009ed00000, 0x000000009ed00000, 0x000000009ee00000|  0%| F|  |TAMS 0x000000009ed00000, 0x000000009ed00000| Untracked 
| 494|0x000000009ee00000, 0x000000009ee00000, 0x000000009ef00000|  0%| F|  |TAMS 0x000000009ee00000, 0x000000009ee00000| Untracked 
| 495|0x000000009ef00000, 0x000000009ef00000, 0x000000009f000000|  0%| F|  |TAMS 0x000000009ef00000, 0x000000009ef00000| Untracked 
| 496|0x000000009f000000, 0x000000009f000000, 0x000000009f100000|  0%| F|  |TAMS 0x000000009f000000, 0x000000009f000000| Untracked 
| 497|0x000000009f100000, 0x000000009f100000, 0x000000009f200000|  0%| F|  |TAMS 0x000000009f100000, 0x000000009f100000| Untracked 
| 498|0x000000009f200000, 0x000000009f200000, 0x000000009f300000|  0%| F|  |TAMS 0x000000009f200000, 0x000000009f200000| Untracked 
| 499|0x000000009f300000, 0x000000009f300000, 0x000000009f400000|  0%| F|  |TAMS 0x000000009f300000, 0x000000009f300000| Untracked 
| 500|0x000000009f400000, 0x000000009f400000, 0x000000009f500000|  0%| F|  |TAMS 0x000000009f400000, 0x000000009f400000| Untracked 
| 501|0x000000009f500000, 0x000000009f500000, 0x000000009f600000|  0%| F|  |TAMS 0x000000009f500000, 0x000000009f500000| Untracked 
| 502|0x000000009f600000, 0x000000009f600000, 0x000000009f700000|  0%| F|  |TAMS 0x000000009f600000, 0x000000009f600000| Untracked 
| 503|0x000000009f700000, 0x000000009f700000, 0x000000009f800000|  0%| F|  |TAMS 0x000000009f700000, 0x000000009f700000| Untracked 
| 504|0x000000009f800000, 0x000000009f800000, 0x000000009f900000|  0%| F|  |TAMS 0x000000009f800000, 0x000000009f800000| Untracked 
| 505|0x000000009f900000, 0x000000009f900000, 0x000000009fa00000|  0%| F|  |TAMS 0x000000009f900000, 0x000000009f900000| Untracked 
| 506|0x000000009fa00000, 0x000000009fa00000, 0x000000009fb00000|  0%| F|  |TAMS 0x000000009fa00000, 0x000000009fa00000| Untracked 
| 507|0x000000009fb00000, 0x000000009fb00000, 0x000000009fc00000|  0%| F|  |TAMS 0x000000009fb00000, 0x000000009fb00000| Untracked 
| 508|0x000000009fc00000, 0x000000009fc00000, 0x000000009fd00000|  0%| F|  |TAMS 0x000000009fc00000, 0x000000009fc00000| Untracked 
| 509|0x000000009fd00000, 0x000000009fd00000, 0x000000009fe00000|  0%| F|  |TAMS 0x000000009fd00000, 0x000000009fd00000| Untracked 
| 510|0x000000009fe00000, 0x000000009fe00000, 0x000000009ff00000|  0%| F|  |TAMS 0x000000009fe00000, 0x000000009fe00000| Untracked 
| 511|0x000000009ff00000, 0x000000009ff00000, 0x00000000a0000000|  0%| F|  |TAMS 0x000000009ff00000, 0x000000009ff00000| Untracked 
| 512|0x00000000a0000000, 0x00000000a0000000, 0x00000000a0100000|  0%| F|  |TAMS 0x00000000a0000000, 0x00000000a0000000| Untracked 
| 513|0x00000000a0100000, 0x00000000a0100000, 0x00000000a0200000|  0%| F|  |TAMS 0x00000000a0100000, 0x00000000a0100000| Untracked 
| 514|0x00000000a0200000, 0x00000000a0200000, 0x00000000a0300000|  0%| F|  |TAMS 0x00000000a0200000, 0x00000000a0200000| Untracked 
| 515|0x00000000a0300000, 0x00000000a0300000, 0x00000000a0400000|  0%| F|  |TAMS 0x00000000a0300000, 0x00000000a0300000| Untracked 
| 516|0x00000000a0400000, 0x00000000a0400000, 0x00000000a0500000|  0%| F|  |TAMS 0x00000000a0400000, 0x00000000a0400000| Untracked 
| 517|0x00000000a0500000, 0x00000000a0500000, 0x00000000a0600000|  0%| F|  |TAMS 0x00000000a0500000, 0x00000000a0500000| Untracked 
| 518|0x00000000a0600000, 0x00000000a0600000, 0x00000000a0700000|  0%| F|  |TAMS 0x00000000a0600000, 0x00000000a0600000| Untracked 
| 519|0x00000000a0700000, 0x00000000a0700000, 0x00000000a0800000|  0%| F|  |TAMS 0x00000000a0700000, 0x00000000a0700000| Untracked 
| 520|0x00000000a0800000, 0x00000000a0800000, 0x00000000a0900000|  0%| F|  |TAMS 0x00000000a0800000, 0x00000000a0800000| Untracked 
| 521|0x00000000a0900000, 0x00000000a0900000, 0x00000000a0a00000|  0%| F|  |TAMS 0x00000000a0900000, 0x00000000a0900000| Untracked 
| 522|0x00000000a0a00000, 0x00000000a0a00000, 0x00000000a0b00000|  0%| F|  |TAMS 0x00000000a0a00000, 0x00000000a0a00000| Untracked 
| 523|0x00000000a0b00000, 0x00000000a0b00000, 0x00000000a0c00000|  0%| F|  |TAMS 0x00000000a0b00000, 0x00000000a0b00000| Untracked 
| 524|0x00000000a0c00000, 0x00000000a0c00000, 0x00000000a0d00000|  0%| F|  |TAMS 0x00000000a0c00000, 0x00000000a0c00000| Untracked 
| 525|0x00000000a0d00000, 0x00000000a0d00000, 0x00000000a0e00000|  0%| F|  |TAMS 0x00000000a0d00000, 0x00000000a0d00000| Untracked 
| 526|0x00000000a0e00000, 0x00000000a0e00000, 0x00000000a0f00000|  0%| F|  |TAMS 0x00000000a0e00000, 0x00000000a0e00000| Untracked 
| 527|0x00000000a0f00000, 0x00000000a0f00000, 0x00000000a1000000|  0%| F|  |TAMS 0x00000000a0f00000, 0x00000000a0f00000| Untracked 
| 528|0x00000000a1000000, 0x00000000a1000000, 0x00000000a1100000|  0%| F|  |TAMS 0x00000000a1000000, 0x00000000a1000000| Untracked 
| 529|0x00000000a1100000, 0x00000000a1100000, 0x00000000a1200000|  0%| F|  |TAMS 0x00000000a1100000, 0x00000000a1100000| Untracked 
| 530|0x00000000a1200000, 0x00000000a1200000, 0x00000000a1300000|  0%| F|  |TAMS 0x00000000a1200000, 0x00000000a1200000| Untracked 
| 531|0x00000000a1300000, 0x00000000a1300000, 0x00000000a1400000|  0%| F|  |TAMS 0x00000000a1300000, 0x00000000a1300000| Untracked 
| 532|0x00000000a1400000, 0x00000000a1400000, 0x00000000a1500000|  0%| F|  |TAMS 0x00000000a1400000, 0x00000000a1400000| Untracked 
| 533|0x00000000a1500000, 0x00000000a1500000, 0x00000000a1600000|  0%| F|  |TAMS 0x00000000a1500000, 0x00000000a1500000| Untracked 
| 534|0x00000000a1600000, 0x00000000a1600000, 0x00000000a1700000|  0%| F|  |TAMS 0x00000000a1600000, 0x00000000a1600000| Untracked 
| 535|0x00000000a1700000, 0x00000000a1700000, 0x00000000a1800000|  0%| F|  |TAMS 0x00000000a1700000, 0x00000000a1700000| Untracked 
| 536|0x00000000a1800000, 0x00000000a1800000, 0x00000000a1900000|  0%| F|  |TAMS 0x00000000a1800000, 0x00000000a1800000| Untracked 
| 537|0x00000000a1900000, 0x00000000a1900000, 0x00000000a1a00000|  0%| F|  |TAMS 0x00000000a1900000, 0x00000000a1900000| Untracked 
| 538|0x00000000a1a00000, 0x00000000a1a00000, 0x00000000a1b00000|  0%| F|  |TAMS 0x00000000a1a00000, 0x00000000a1a00000| Untracked 
| 539|0x00000000a1b00000, 0x00000000a1b00000, 0x00000000a1c00000|  0%| F|  |TAMS 0x00000000a1b00000, 0x00000000a1b00000| Untracked 
| 540|0x00000000a1c00000, 0x00000000a1c00000, 0x00000000a1d00000|  0%| F|  |TAMS 0x00000000a1c00000, 0x00000000a1c00000| Untracked 
| 541|0x00000000a1d00000, 0x00000000a1d00000, 0x00000000a1e00000|  0%| F|  |TAMS 0x00000000a1d00000, 0x00000000a1d00000| Untracked 
| 542|0x00000000a1e00000, 0x00000000a1e00000, 0x00000000a1f00000|  0%| F|  |TAMS 0x00000000a1e00000, 0x00000000a1e00000| Untracked 
| 543|0x00000000a1f00000, 0x00000000a1f00000, 0x00000000a2000000|  0%| F|  |TAMS 0x00000000a1f00000, 0x00000000a1f00000| Untracked 
| 544|0x00000000a2000000, 0x00000000a2000000, 0x00000000a2100000|  0%| F|  |TAMS 0x00000000a2000000, 0x00000000a2000000| Untracked 
| 545|0x00000000a2100000, 0x00000000a2100000, 0x00000000a2200000|  0%| F|  |TAMS 0x00000000a2100000, 0x00000000a2100000| Untracked 
| 546|0x00000000a2200000, 0x00000000a2200000, 0x00000000a2300000|  0%| F|  |TAMS 0x00000000a2200000, 0x00000000a2200000| Untracked 
| 547|0x00000000a2300000, 0x00000000a2300000, 0x00000000a2400000|  0%| F|  |TAMS 0x00000000a2300000, 0x00000000a2300000| Untracked 
| 548|0x00000000a2400000, 0x00000000a2400000, 0x00000000a2500000|  0%| F|  |TAMS 0x00000000a2400000, 0x00000000a2400000| Untracked 
| 549|0x00000000a2500000, 0x00000000a2500000, 0x00000000a2600000|  0%| F|  |TAMS 0x00000000a2500000, 0x00000000a2500000| Untracked 
| 550|0x00000000a2600000, 0x00000000a2600000, 0x00000000a2700000|  0%| F|  |TAMS 0x00000000a2600000, 0x00000000a2600000| Untracked 
| 551|0x00000000a2700000, 0x00000000a2700000, 0x00000000a2800000|  0%| F|  |TAMS 0x00000000a2700000, 0x00000000a2700000| Untracked 
| 552|0x00000000a2800000, 0x00000000a2800000, 0x00000000a2900000|  0%| F|  |TAMS 0x00000000a2800000, 0x00000000a2800000| Untracked 
| 553|0x00000000a2900000, 0x00000000a2900000, 0x00000000a2a00000|  0%| F|  |TAMS 0x00000000a2900000, 0x00000000a2900000| Untracked 
| 554|0x00000000a2a00000, 0x00000000a2a00000, 0x00000000a2b00000|  0%| F|  |TAMS 0x00000000a2a00000, 0x00000000a2a00000| Untracked 
| 555|0x00000000a2b00000, 0x00000000a2b00000, 0x00000000a2c00000|  0%| F|  |TAMS 0x00000000a2b00000, 0x00000000a2b00000| Untracked 
| 556|0x00000000a2c00000, 0x00000000a2c00000, 0x00000000a2d00000|  0%| F|  |TAMS 0x00000000a2c00000, 0x00000000a2c00000| Untracked 
| 557|0x00000000a2d00000, 0x00000000a2d00000, 0x00000000a2e00000|  0%| F|  |TAMS 0x00000000a2d00000, 0x00000000a2d00000| Untracked 
| 558|0x00000000a2e00000, 0x00000000a2e00000, 0x00000000a2f00000|  0%| F|  |TAMS 0x00000000a2e00000, 0x00000000a2e00000| Untracked 
| 559|0x00000000a2f00000, 0x00000000a2f00000, 0x00000000a3000000|  0%| F|  |TAMS 0x00000000a2f00000, 0x00000000a2f00000| Untracked 
| 560|0x00000000a3000000, 0x00000000a3000000, 0x00000000a3100000|  0%| F|  |TAMS 0x00000000a3000000, 0x00000000a3000000| Untracked 
| 561|0x00000000a3100000, 0x00000000a3100000, 0x00000000a3200000|  0%| F|  |TAMS 0x00000000a3100000, 0x00000000a3100000| Untracked 
| 562|0x00000000a3200000, 0x00000000a3200000, 0x00000000a3300000|  0%| F|  |TAMS 0x00000000a3200000, 0x00000000a3200000| Untracked 
| 563|0x00000000a3300000, 0x00000000a3300000, 0x00000000a3400000|  0%| F|  |TAMS 0x00000000a3300000, 0x00000000a3300000| Untracked 
| 564|0x00000000a3400000, 0x00000000a3400000, 0x00000000a3500000|  0%| F|  |TAMS 0x00000000a3400000, 0x00000000a3400000| Untracked 
| 565|0x00000000a3500000, 0x00000000a3500000, 0x00000000a3600000|  0%| F|  |TAMS 0x00000000a3500000, 0x00000000a3500000| Untracked 
| 566|0x00000000a3600000, 0x00000000a3600000, 0x00000000a3700000|  0%| F|  |TAMS 0x00000000a3600000, 0x00000000a3600000| Untracked 
| 567|0x00000000a3700000, 0x00000000a3700000, 0x00000000a3800000|  0%| F|  |TAMS 0x00000000a3700000, 0x00000000a3700000| Untracked 
| 568|0x00000000a3800000, 0x00000000a3800000, 0x00000000a3900000|  0%| F|  |TAMS 0x00000000a3800000, 0x00000000a3800000| Untracked 
| 569|0x00000000a3900000, 0x00000000a3900000, 0x00000000a3a00000|  0%| F|  |TAMS 0x00000000a3900000, 0x00000000a3900000| Untracked 
| 570|0x00000000a3a00000, 0x00000000a3a00000, 0x00000000a3b00000|  0%| F|  |TAMS 0x00000000a3a00000, 0x00000000a3a00000| Untracked 
| 571|0x00000000a3b00000, 0x00000000a3b00000, 0x00000000a3c00000|  0%| F|  |TAMS 0x00000000a3b00000, 0x00000000a3b00000| Untracked 
| 572|0x00000000a3c00000, 0x00000000a3c00000, 0x00000000a3d00000|  0%| F|  |TAMS 0x00000000a3c00000, 0x00000000a3c00000| Untracked 
| 573|0x00000000a3d00000, 0x00000000a3d00000, 0x00000000a3e00000|  0%| F|  |TAMS 0x00000000a3d00000, 0x00000000a3d00000| Untracked 
| 574|0x00000000a3e00000, 0x00000000a3e00000, 0x00000000a3f00000|  0%| F|  |TAMS 0x00000000a3e00000, 0x00000000a3e00000| Untracked 
| 575|0x00000000a3f00000, 0x00000000a3f00000, 0x00000000a4000000|  0%| F|  |TAMS 0x00000000a3f00000, 0x00000000a3f00000| Untracked 
| 576|0x00000000a4000000, 0x00000000a4000000, 0x00000000a4100000|  0%| F|  |TAMS 0x00000000a4000000, 0x00000000a4000000| Untracked 
| 577|0x00000000a4100000, 0x00000000a4100000, 0x00000000a4200000|  0%| F|  |TAMS 0x00000000a4100000, 0x00000000a4100000| Untracked 
| 578|0x00000000a4200000, 0x00000000a4200000, 0x00000000a4300000|  0%| F|  |TAMS 0x00000000a4200000, 0x00000000a4200000| Untracked 
| 579|0x00000000a4300000, 0x00000000a4300000, 0x00000000a4400000|  0%| F|  |TAMS 0x00000000a4300000, 0x00000000a4300000| Untracked 
| 580|0x00000000a4400000, 0x00000000a4400000, 0x00000000a4500000|  0%| F|  |TAMS 0x00000000a4400000, 0x00000000a4400000| Untracked 
| 581|0x00000000a4500000, 0x00000000a4500000, 0x00000000a4600000|  0%| F|  |TAMS 0x00000000a4500000, 0x00000000a4500000| Untracked 
| 582|0x00000000a4600000, 0x00000000a4600000, 0x00000000a4700000|  0%| F|  |TAMS 0x00000000a4600000, 0x00000000a4600000| Untracked 
| 583|0x00000000a4700000, 0x00000000a4700000, 0x00000000a4800000|  0%| F|  |TAMS 0x00000000a4700000, 0x00000000a4700000| Untracked 
| 584|0x00000000a4800000, 0x00000000a4800000, 0x00000000a4900000|  0%| F|  |TAMS 0x00000000a4800000, 0x00000000a4800000| Untracked 
| 585|0x00000000a4900000, 0x00000000a4a00000, 0x00000000a4a00000|100%| E|CS|TAMS 0x00000000a4900000, 0x00000000a4900000| Complete 
| 586|0x00000000a4a00000, 0x00000000a4b00000, 0x00000000a4b00000|100%| E|CS|TAMS 0x00000000a4a00000, 0x00000000a4a00000| Complete 
| 587|0x00000000a4b00000, 0x00000000a4c00000, 0x00000000a4c00000|100%| E|CS|TAMS 0x00000000a4b00000, 0x00000000a4b00000| Complete 
| 588|0x00000000a4c00000, 0x00000000a4d00000, 0x00000000a4d00000|100%| E|CS|TAMS 0x00000000a4c00000, 0x00000000a4c00000| Complete 
| 589|0x00000000a4d00000, 0x00000000a4e00000, 0x00000000a4e00000|100%| E|CS|TAMS 0x00000000a4d00000, 0x00000000a4d00000| Complete 
| 590|0x00000000a4e00000, 0x00000000a4f00000, 0x00000000a4f00000|100%| E|CS|TAMS 0x00000000a4e00000, 0x00000000a4e00000| Complete 
| 591|0x00000000a4f00000, 0x00000000a5000000, 0x00000000a5000000|100%| E|CS|TAMS 0x00000000a4f00000, 0x00000000a4f00000| Complete 
| 592|0x00000000a5000000, 0x00000000a5100000, 0x00000000a5100000|100%| E|CS|TAMS 0x00000000a5000000, 0x00000000a5000000| Complete 
| 593|0x00000000a5100000, 0x00000000a5200000, 0x00000000a5200000|100%| E|CS|TAMS 0x00000000a5100000, 0x00000000a5100000| Complete 
| 594|0x00000000a5200000, 0x00000000a5300000, 0x00000000a5300000|100%| E|CS|TAMS 0x00000000a5200000, 0x00000000a5200000| Complete 
| 595|0x00000000a5300000, 0x00000000a5400000, 0x00000000a5400000|100%| E|CS|TAMS 0x00000000a5300000, 0x00000000a5300000| Complete 
| 596|0x00000000a5400000, 0x00000000a5500000, 0x00000000a5500000|100%| E|CS|TAMS 0x00000000a5400000, 0x00000000a5400000| Complete 
| 597|0x00000000a5500000, 0x00000000a5600000, 0x00000000a5600000|100%| E|CS|TAMS 0x00000000a5500000, 0x00000000a5500000| Complete 
| 598|0x00000000a5600000, 0x00000000a5700000, 0x00000000a5700000|100%| E|CS|TAMS 0x00000000a5600000, 0x00000000a5600000| Complete 
| 599|0x00000000a5700000, 0x00000000a5800000, 0x00000000a5800000|100%| E|CS|TAMS 0x00000000a5700000, 0x00000000a5700000| Complete 
| 600|0x00000000a5800000, 0x00000000a5900000, 0x00000000a5900000|100%| E|CS|TAMS 0x00000000a5800000, 0x00000000a5800000| Complete 
| 601|0x00000000a5900000, 0x00000000a5a00000, 0x00000000a5a00000|100%| E|CS|TAMS 0x00000000a5900000, 0x00000000a5900000| Complete 
| 602|0x00000000a5a00000, 0x00000000a5b00000, 0x00000000a5b00000|100%| E|CS|TAMS 0x00000000a5a00000, 0x00000000a5a00000| Complete 
| 603|0x00000000a5b00000, 0x00000000a5c00000, 0x00000000a5c00000|100%| E|CS|TAMS 0x00000000a5b00000, 0x00000000a5b00000| Complete 
| 604|0x00000000a5c00000, 0x00000000a5d00000, 0x00000000a5d00000|100%| E|CS|TAMS 0x00000000a5c00000, 0x00000000a5c00000| Complete 
| 605|0x00000000a5d00000, 0x00000000a5e00000, 0x00000000a5e00000|100%| E|CS|TAMS 0x00000000a5d00000, 0x00000000a5d00000| Complete 
| 606|0x00000000a5e00000, 0x00000000a5f00000, 0x00000000a5f00000|100%| E|CS|TAMS 0x00000000a5e00000, 0x00000000a5e00000| Complete 
| 607|0x00000000a5f00000, 0x00000000a6000000, 0x00000000a6000000|100%| E|CS|TAMS 0x00000000a5f00000, 0x00000000a5f00000| Complete 
| 608|0x00000000a6000000, 0x00000000a6100000, 0x00000000a6100000|100%| E|CS|TAMS 0x00000000a6000000, 0x00000000a6000000| Complete 
| 609|0x00000000a6100000, 0x00000000a6200000, 0x00000000a6200000|100%| E|CS|TAMS 0x00000000a6100000, 0x00000000a6100000| Complete 
| 610|0x00000000a6200000, 0x00000000a6300000, 0x00000000a6300000|100%| E|CS|TAMS 0x00000000a6200000, 0x00000000a6200000| Complete 
| 611|0x00000000a6300000, 0x00000000a6400000, 0x00000000a6400000|100%| E|CS|TAMS 0x00000000a6300000, 0x00000000a6300000| Complete 
| 612|0x00000000a6400000, 0x00000000a6500000, 0x00000000a6500000|100%| E|CS|TAMS 0x00000000a6400000, 0x00000000a6400000| Complete 
| 613|0x00000000a6500000, 0x00000000a6600000, 0x00000000a6600000|100%| E|CS|TAMS 0x00000000a6500000, 0x00000000a6500000| Complete 
| 614|0x00000000a6600000, 0x00000000a6700000, 0x00000000a6700000|100%| E|CS|TAMS 0x00000000a6600000, 0x00000000a6600000| Complete 
| 615|0x00000000a6700000, 0x00000000a6800000, 0x00000000a6800000|100%| E|CS|TAMS 0x00000000a6700000, 0x00000000a6700000| Complete 
| 616|0x00000000a6800000, 0x00000000a6900000, 0x00000000a6900000|100%| E|CS|TAMS 0x00000000a6800000, 0x00000000a6800000| Complete 
| 617|0x00000000a6900000, 0x00000000a6a00000, 0x00000000a6a00000|100%| E|CS|TAMS 0x00000000a6900000, 0x00000000a6900000| Complete 
| 618|0x00000000a6a00000, 0x00000000a6b00000, 0x00000000a6b00000|100%| E|CS|TAMS 0x00000000a6a00000, 0x00000000a6a00000| Complete 
| 619|0x00000000a6b00000, 0x00000000a6c00000, 0x00000000a6c00000|100%| E|CS|TAMS 0x00000000a6b00000, 0x00000000a6b00000| Complete 
| 620|0x00000000a6c00000, 0x00000000a6d00000, 0x00000000a6d00000|100%| E|CS|TAMS 0x00000000a6c00000, 0x00000000a6c00000| Complete 
| 621|0x00000000a6d00000, 0x00000000a6e00000, 0x00000000a6e00000|100%| E|CS|TAMS 0x00000000a6d00000, 0x00000000a6d00000| Complete 
| 622|0x00000000a6e00000, 0x00000000a6f00000, 0x00000000a6f00000|100%| E|CS|TAMS 0x00000000a6e00000, 0x00000000a6e00000| Complete 
| 623|0x00000000a6f00000, 0x00000000a7000000, 0x00000000a7000000|100%| E|CS|TAMS 0x00000000a6f00000, 0x00000000a6f00000| Complete 
| 624|0x00000000a7000000, 0x00000000a7100000, 0x00000000a7100000|100%| E|CS|TAMS 0x00000000a7000000, 0x00000000a7000000| Complete 
| 625|0x00000000a7100000, 0x00000000a7200000, 0x00000000a7200000|100%| E|CS|TAMS 0x00000000a7100000, 0x00000000a7100000| Complete 
| 626|0x00000000a7200000, 0x00000000a7300000, 0x00000000a7300000|100%| E|CS|TAMS 0x00000000a7200000, 0x00000000a7200000| Complete 
| 627|0x00000000a7300000, 0x00000000a7400000, 0x00000000a7400000|100%| E|CS|TAMS 0x00000000a7300000, 0x00000000a7300000| Complete 
| 628|0x00000000a7400000, 0x00000000a7500000, 0x00000000a7500000|100%| E|CS|TAMS 0x00000000a7400000, 0x00000000a7400000| Complete 
| 629|0x00000000a7500000, 0x00000000a7600000, 0x00000000a7600000|100%| E|CS|TAMS 0x00000000a7500000, 0x00000000a7500000| Complete 
| 630|0x00000000a7600000, 0x00000000a7700000, 0x00000000a7700000|100%| E|CS|TAMS 0x00000000a7600000, 0x00000000a7600000| Complete 
| 631|0x00000000a7700000, 0x00000000a7800000, 0x00000000a7800000|100%| E|CS|TAMS 0x00000000a7700000, 0x00000000a7700000| Complete 
| 632|0x00000000a7800000, 0x00000000a7900000, 0x00000000a7900000|100%| E|CS|TAMS 0x00000000a7800000, 0x00000000a7800000| Complete 
| 633|0x00000000a7900000, 0x00000000a7a00000, 0x00000000a7a00000|100%| E|CS|TAMS 0x00000000a7900000, 0x00000000a7900000| Complete 
| 634|0x00000000a7a00000, 0x00000000a7b00000, 0x00000000a7b00000|100%| E|CS|TAMS 0x00000000a7a00000, 0x00000000a7a00000| Complete 
| 635|0x00000000a7b00000, 0x00000000a7c00000, 0x00000000a7c00000|100%| E|CS|TAMS 0x00000000a7b00000, 0x00000000a7b00000| Complete 
| 636|0x00000000a7c00000, 0x00000000a7d00000, 0x00000000a7d00000|100%| E|CS|TAMS 0x00000000a7c00000, 0x00000000a7c00000| Complete 
| 637|0x00000000a7d00000, 0x00000000a7e00000, 0x00000000a7e00000|100%| E|CS|TAMS 0x00000000a7d00000, 0x00000000a7d00000| Complete 
| 638|0x00000000a7e00000, 0x00000000a7f00000, 0x00000000a7f00000|100%| E|CS|TAMS 0x00000000a7e00000, 0x00000000a7e00000| Complete 
| 639|0x00000000a7f00000, 0x00000000a8000000, 0x00000000a8000000|100%| E|CS|TAMS 0x00000000a7f00000, 0x00000000a7f00000| Complete 
| 640|0x00000000a8000000, 0x00000000a8100000, 0x00000000a8100000|100%| E|CS|TAMS 0x00000000a8000000, 0x00000000a8000000| Complete 
| 641|0x00000000a8100000, 0x00000000a8200000, 0x00000000a8200000|100%| E|CS|TAMS 0x00000000a8100000, 0x00000000a8100000| Complete 
| 642|0x00000000a8200000, 0x00000000a8300000, 0x00000000a8300000|100%| E|CS|TAMS 0x00000000a8200000, 0x00000000a8200000| Complete 
| 643|0x00000000a8300000, 0x00000000a8400000, 0x00000000a8400000|100%| E|CS|TAMS 0x00000000a8300000, 0x00000000a8300000| Complete 
| 644|0x00000000a8400000, 0x00000000a8500000, 0x00000000a8500000|100%| E|CS|TAMS 0x00000000a8400000, 0x00000000a8400000| Complete 
| 645|0x00000000a8500000, 0x00000000a8600000, 0x00000000a8600000|100%| E|CS|TAMS 0x00000000a8500000, 0x00000000a8500000| Complete 
| 646|0x00000000a8600000, 0x00000000a8700000, 0x00000000a8700000|100%| E|CS|TAMS 0x00000000a8600000, 0x00000000a8600000| Complete 
| 647|0x00000000a8700000, 0x00000000a8800000, 0x00000000a8800000|100%| E|CS|TAMS 0x00000000a8700000, 0x00000000a8700000| Complete 
| 648|0x00000000a8800000, 0x00000000a8900000, 0x00000000a8900000|100%| E|CS|TAMS 0x00000000a8800000, 0x00000000a8800000| Complete 
| 649|0x00000000a8900000, 0x00000000a8a00000, 0x00000000a8a00000|100%| E|CS|TAMS 0x00000000a8900000, 0x00000000a8900000| Complete 
| 650|0x00000000a8a00000, 0x00000000a8b00000, 0x00000000a8b00000|100%| E|CS|TAMS 0x00000000a8a00000, 0x00000000a8a00000| Complete 
| 651|0x00000000a8b00000, 0x00000000a8c00000, 0x00000000a8c00000|100%| E|CS|TAMS 0x00000000a8b00000, 0x00000000a8b00000| Complete 
| 652|0x00000000a8c00000, 0x00000000a8d00000, 0x00000000a8d00000|100%| E|CS|TAMS 0x00000000a8c00000, 0x00000000a8c00000| Complete 
| 653|0x00000000a8d00000, 0x00000000a8e00000, 0x00000000a8e00000|100%| E|CS|TAMS 0x00000000a8d00000, 0x00000000a8d00000| Complete 
| 654|0x00000000a8e00000, 0x00000000a8f00000, 0x00000000a8f00000|100%| E|CS|TAMS 0x00000000a8e00000, 0x00000000a8e00000| Complete 
| 655|0x00000000a8f00000, 0x00000000a9000000, 0x00000000a9000000|100%| E|CS|TAMS 0x00000000a8f00000, 0x00000000a8f00000| Complete 
| 656|0x00000000a9000000, 0x00000000a9100000, 0x00000000a9100000|100%| E|CS|TAMS 0x00000000a9000000, 0x00000000a9000000| Complete 
| 657|0x00000000a9100000, 0x00000000a9200000, 0x00000000a9200000|100%| E|CS|TAMS 0x00000000a9100000, 0x00000000a9100000| Complete 
| 658|0x00000000a9200000, 0x00000000a9300000, 0x00000000a9300000|100%| E|CS|TAMS 0x00000000a9200000, 0x00000000a9200000| Complete 
| 659|0x00000000a9300000, 0x00000000a9400000, 0x00000000a9400000|100%| E|CS|TAMS 0x00000000a9300000, 0x00000000a9300000| Complete 
| 660|0x00000000a9400000, 0x00000000a9500000, 0x00000000a9500000|100%| E|CS|TAMS 0x00000000a9400000, 0x00000000a9400000| Complete 
| 661|0x00000000a9500000, 0x00000000a9600000, 0x00000000a9600000|100%| E|CS|TAMS 0x00000000a9500000, 0x00000000a9500000| Complete 
| 662|0x00000000a9600000, 0x00000000a9700000, 0x00000000a9700000|100%| E|CS|TAMS 0x00000000a9600000, 0x00000000a9600000| Complete 
| 663|0x00000000a9700000, 0x00000000a9800000, 0x00000000a9800000|100%| E|CS|TAMS 0x00000000a9700000, 0x00000000a9700000| Complete 
| 664|0x00000000a9800000, 0x00000000a9900000, 0x00000000a9900000|100%| E|CS|TAMS 0x00000000a9800000, 0x00000000a9800000| Complete 
| 665|0x00000000a9900000, 0x00000000a9a00000, 0x00000000a9a00000|100%| E|CS|TAMS 0x00000000a9900000, 0x00000000a9900000| Complete 
| 666|0x00000000a9a00000, 0x00000000a9b00000, 0x00000000a9b00000|100%| E|CS|TAMS 0x00000000a9a00000, 0x00000000a9a00000| Complete 
| 667|0x00000000a9b00000, 0x00000000a9c00000, 0x00000000a9c00000|100%| E|CS|TAMS 0x00000000a9b00000, 0x00000000a9b00000| Complete 
| 668|0x00000000a9c00000, 0x00000000a9d00000, 0x00000000a9d00000|100%| E|CS|TAMS 0x00000000a9c00000, 0x00000000a9c00000| Complete 
| 669|0x00000000a9d00000, 0x00000000a9e00000, 0x00000000a9e00000|100%| E|CS|TAMS 0x00000000a9d00000, 0x00000000a9d00000| Complete 
| 670|0x00000000a9e00000, 0x00000000a9f00000, 0x00000000a9f00000|100%| E|CS|TAMS 0x00000000a9e00000, 0x00000000a9e00000| Complete 
| 671|0x00000000a9f00000, 0x00000000aa000000, 0x00000000aa000000|100%| E|CS|TAMS 0x00000000a9f00000, 0x00000000a9f00000| Complete 
| 672|0x00000000aa000000, 0x00000000aa100000, 0x00000000aa100000|100%| E|CS|TAMS 0x00000000aa000000, 0x00000000aa000000| Complete 
| 673|0x00000000aa100000, 0x00000000aa200000, 0x00000000aa200000|100%| E|CS|TAMS 0x00000000aa100000, 0x00000000aa100000| Complete 
| 674|0x00000000aa200000, 0x00000000aa300000, 0x00000000aa300000|100%| E|CS|TAMS 0x00000000aa200000, 0x00000000aa200000| Complete 
| 675|0x00000000aa300000, 0x00000000aa400000, 0x00000000aa400000|100%| E|CS|TAMS 0x00000000aa300000, 0x00000000aa300000| Complete 
| 676|0x00000000aa400000, 0x00000000aa500000, 0x00000000aa500000|100%| E|CS|TAMS 0x00000000aa400000, 0x00000000aa400000| Complete 
| 677|0x00000000aa500000, 0x00000000aa600000, 0x00000000aa600000|100%| E|CS|TAMS 0x00000000aa500000, 0x00000000aa500000| Complete 
| 678|0x00000000aa600000, 0x00000000aa700000, 0x00000000aa700000|100%| E|CS|TAMS 0x00000000aa600000, 0x00000000aa600000| Complete 
| 679|0x00000000aa700000, 0x00000000aa800000, 0x00000000aa800000|100%| E|CS|TAMS 0x00000000aa700000, 0x00000000aa700000| Complete 
| 680|0x00000000aa800000, 0x00000000aa900000, 0x00000000aa900000|100%| E|CS|TAMS 0x00000000aa800000, 0x00000000aa800000| Complete 
| 681|0x00000000aa900000, 0x00000000aaa00000, 0x00000000aaa00000|100%| E|CS|TAMS 0x00000000aa900000, 0x00000000aa900000| Complete 
| 682|0x00000000aaa00000, 0x00000000aab00000, 0x00000000aab00000|100%| E|CS|TAMS 0x00000000aaa00000, 0x00000000aaa00000| Complete 
| 683|0x00000000aab00000, 0x00000000aac00000, 0x00000000aac00000|100%| E|CS|TAMS 0x00000000aab00000, 0x00000000aab00000| Complete 
| 684|0x00000000aac00000, 0x00000000aad00000, 0x00000000aad00000|100%| E|CS|TAMS 0x00000000aac00000, 0x00000000aac00000| Complete 
| 685|0x00000000aad00000, 0x00000000aae00000, 0x00000000aae00000|100%| E|CS|TAMS 0x00000000aad00000, 0x00000000aad00000| Complete 
| 686|0x00000000aae00000, 0x00000000aaf00000, 0x00000000aaf00000|100%| E|CS|TAMS 0x00000000aae00000, 0x00000000aae00000| Complete 
| 687|0x00000000aaf00000, 0x00000000ab000000, 0x00000000ab000000|100%| E|CS|TAMS 0x00000000aaf00000, 0x00000000aaf00000| Complete 
| 688|0x00000000ab000000, 0x00000000ab100000, 0x00000000ab100000|100%| E|CS|TAMS 0x00000000ab000000, 0x00000000ab000000| Complete 
| 689|0x00000000ab100000, 0x00000000ab200000, 0x00000000ab200000|100%| E|CS|TAMS 0x00000000ab100000, 0x00000000ab100000| Complete 
| 690|0x00000000ab200000, 0x00000000ab300000, 0x00000000ab300000|100%| E|CS|TAMS 0x00000000ab200000, 0x00000000ab200000| Complete 
| 691|0x00000000ab300000, 0x00000000ab400000, 0x00000000ab400000|100%| E|CS|TAMS 0x00000000ab300000, 0x00000000ab300000| Complete 
| 692|0x00000000ab400000, 0x00000000ab500000, 0x00000000ab500000|100%| E|CS|TAMS 0x00000000ab400000, 0x00000000ab400000| Complete 
| 693|0x00000000ab500000, 0x00000000ab600000, 0x00000000ab600000|100%| E|CS|TAMS 0x00000000ab500000, 0x00000000ab500000| Complete 
| 694|0x00000000ab600000, 0x00000000ab700000, 0x00000000ab700000|100%| E|CS|TAMS 0x00000000ab600000, 0x00000000ab600000| Complete 
| 695|0x00000000ab700000, 0x00000000ab800000, 0x00000000ab800000|100%| E|CS|TAMS 0x00000000ab700000, 0x00000000ab700000| Complete 
| 696|0x00000000ab800000, 0x00000000ab900000, 0x00000000ab900000|100%| E|CS|TAMS 0x00000000ab800000, 0x00000000ab800000| Complete 
| 697|0x00000000ab900000, 0x00000000aba00000, 0x00000000aba00000|100%| E|CS|TAMS 0x00000000ab900000, 0x00000000ab900000| Complete 
| 698|0x00000000aba00000, 0x00000000abb00000, 0x00000000abb00000|100%| E|CS|TAMS 0x00000000aba00000, 0x00000000aba00000| Complete 
| 699|0x00000000abb00000, 0x00000000abc00000, 0x00000000abc00000|100%| E|CS|TAMS 0x00000000abb00000, 0x00000000abb00000| Complete 
| 700|0x00000000abc00000, 0x00000000abd00000, 0x00000000abd00000|100%| E|CS|TAMS 0x00000000abc00000, 0x00000000abc00000| Complete 
| 701|0x00000000abd00000, 0x00000000abe00000, 0x00000000abe00000|100%| E|CS|TAMS 0x00000000abd00000, 0x00000000abd00000| Complete 
| 702|0x00000000abe00000, 0x00000000abf00000, 0x00000000abf00000|100%| E|CS|TAMS 0x00000000abe00000, 0x00000000abe00000| Complete 
| 703|0x00000000abf00000, 0x00000000ac000000, 0x00000000ac000000|100%| E|CS|TAMS 0x00000000abf00000, 0x00000000abf00000| Complete 
| 704|0x00000000ac000000, 0x00000000ac100000, 0x00000000ac100000|100%| E|CS|TAMS 0x00000000ac000000, 0x00000000ac000000| Complete 
| 705|0x00000000ac100000, 0x00000000ac200000, 0x00000000ac200000|100%| E|CS|TAMS 0x00000000ac100000, 0x00000000ac100000| Complete 
| 706|0x00000000ac200000, 0x00000000ac300000, 0x00000000ac300000|100%| E|CS|TAMS 0x00000000ac200000, 0x00000000ac200000| Complete 
| 707|0x00000000ac300000, 0x00000000ac400000, 0x00000000ac400000|100%| E|CS|TAMS 0x00000000ac300000, 0x00000000ac300000| Complete 
| 708|0x00000000ac400000, 0x00000000ac500000, 0x00000000ac500000|100%| E|CS|TAMS 0x00000000ac400000, 0x00000000ac400000| Complete 
| 709|0x00000000ac500000, 0x00000000ac600000, 0x00000000ac600000|100%| E|CS|TAMS 0x00000000ac500000, 0x00000000ac500000| Complete 
| 710|0x00000000ac600000, 0x00000000ac700000, 0x00000000ac700000|100%| E|CS|TAMS 0x00000000ac600000, 0x00000000ac600000| Complete 
| 711|0x00000000ac700000, 0x00000000ac800000, 0x00000000ac800000|100%| E|CS|TAMS 0x00000000ac700000, 0x00000000ac700000| Complete 
| 712|0x00000000ac800000, 0x00000000ac900000, 0x00000000ac900000|100%| E|CS|TAMS 0x00000000ac800000, 0x00000000ac800000| Complete 
| 713|0x00000000ac900000, 0x00000000aca00000, 0x00000000aca00000|100%| E|CS|TAMS 0x00000000ac900000, 0x00000000ac900000| Complete 
| 714|0x00000000aca00000, 0x00000000acb00000, 0x00000000acb00000|100%| E|CS|TAMS 0x00000000aca00000, 0x00000000aca00000| Complete 
| 715|0x00000000acb00000, 0x00000000acc00000, 0x00000000acc00000|100%| E|CS|TAMS 0x00000000acb00000, 0x00000000acb00000| Complete 
| 716|0x00000000acc00000, 0x00000000acd00000, 0x00000000acd00000|100%| E|CS|TAMS 0x00000000acc00000, 0x00000000acc00000| Complete 
| 717|0x00000000acd00000, 0x00000000ace00000, 0x00000000ace00000|100%| E|CS|TAMS 0x00000000acd00000, 0x00000000acd00000| Complete 
| 718|0x00000000ace00000, 0x00000000acf00000, 0x00000000acf00000|100%| E|CS|TAMS 0x00000000ace00000, 0x00000000ace00000| Complete 
| 719|0x00000000acf00000, 0x00000000ad000000, 0x00000000ad000000|100%| E|CS|TAMS 0x00000000acf00000, 0x00000000acf00000| Complete 
| 720|0x00000000ad000000, 0x00000000ad100000, 0x00000000ad100000|100%| E|CS|TAMS 0x00000000ad000000, 0x00000000ad000000| Complete 
| 721|0x00000000ad100000, 0x00000000ad200000, 0x00000000ad200000|100%| E|CS|TAMS 0x00000000ad100000, 0x00000000ad100000| Complete 
| 722|0x00000000ad200000, 0x00000000ad300000, 0x00000000ad300000|100%| E|CS|TAMS 0x00000000ad200000, 0x00000000ad200000| Complete 
| 723|0x00000000ad300000, 0x00000000ad400000, 0x00000000ad400000|100%| E|CS|TAMS 0x00000000ad300000, 0x00000000ad300000| Complete 
| 724|0x00000000ad400000, 0x00000000ad500000, 0x00000000ad500000|100%| E|CS|TAMS 0x00000000ad400000, 0x00000000ad400000| Complete 
| 725|0x00000000ad500000, 0x00000000ad600000, 0x00000000ad600000|100%| E|CS|TAMS 0x00000000ad500000, 0x00000000ad500000| Complete 
| 726|0x00000000ad600000, 0x00000000ad700000, 0x00000000ad700000|100%| E|CS|TAMS 0x00000000ad600000, 0x00000000ad600000| Complete 
| 727|0x00000000ad700000, 0x00000000ad800000, 0x00000000ad800000|100%| E|CS|TAMS 0x00000000ad700000, 0x00000000ad700000| Complete 
| 728|0x00000000ad800000, 0x00000000ad900000, 0x00000000ad900000|100%| E|CS|TAMS 0x00000000ad800000, 0x00000000ad800000| Complete 
| 729|0x00000000ad900000, 0x00000000ada00000, 0x00000000ada00000|100%| E|CS|TAMS 0x00000000ad900000, 0x00000000ad900000| Complete 
| 730|0x00000000ada00000, 0x00000000adb00000, 0x00000000adb00000|100%| E|CS|TAMS 0x00000000ada00000, 0x00000000ada00000| Complete 
| 731|0x00000000adb00000, 0x00000000adc00000, 0x00000000adc00000|100%| E|CS|TAMS 0x00000000adb00000, 0x00000000adb00000| Complete 
| 732|0x00000000adc00000, 0x00000000add00000, 0x00000000add00000|100%| E|CS|TAMS 0x00000000adc00000, 0x00000000adc00000| Complete 
| 733|0x00000000add00000, 0x00000000ade00000, 0x00000000ade00000|100%| E|CS|TAMS 0x00000000add00000, 0x00000000add00000| Complete 
| 734|0x00000000ade00000, 0x00000000adf00000, 0x00000000adf00000|100%| E|CS|TAMS 0x00000000ade00000, 0x00000000ade00000| Complete 
| 735|0x00000000adf00000, 0x00000000ae000000, 0x00000000ae000000|100%| E|CS|TAMS 0x00000000adf00000, 0x00000000adf00000| Complete 
| 736|0x00000000ae000000, 0x00000000ae100000, 0x00000000ae100000|100%| E|CS|TAMS 0x00000000ae000000, 0x00000000ae000000| Complete 
| 737|0x00000000ae100000, 0x00000000ae200000, 0x00000000ae200000|100%| E|CS|TAMS 0x00000000ae100000, 0x00000000ae100000| Complete 
| 738|0x00000000ae200000, 0x00000000ae300000, 0x00000000ae300000|100%| E|CS|TAMS 0x00000000ae200000, 0x00000000ae200000| Complete 
| 739|0x00000000ae300000, 0x00000000ae400000, 0x00000000ae400000|100%| E|CS|TAMS 0x00000000ae300000, 0x00000000ae300000| Complete 
| 740|0x00000000ae400000, 0x00000000ae500000, 0x00000000ae500000|100%| E|CS|TAMS 0x00000000ae400000, 0x00000000ae400000| Complete 
| 741|0x00000000ae500000, 0x00000000ae600000, 0x00000000ae600000|100%| E|CS|TAMS 0x00000000ae500000, 0x00000000ae500000| Complete 
| 742|0x00000000ae600000, 0x00000000ae700000, 0x00000000ae700000|100%| E|CS|TAMS 0x00000000ae600000, 0x00000000ae600000| Complete 
| 743|0x00000000ae700000, 0x00000000ae800000, 0x00000000ae800000|100%| E|CS|TAMS 0x00000000ae700000, 0x00000000ae700000| Complete 
| 744|0x00000000ae800000, 0x00000000ae900000, 0x00000000ae900000|100%| E|CS|TAMS 0x00000000ae800000, 0x00000000ae800000| Complete 
| 745|0x00000000ae900000, 0x00000000aea00000, 0x00000000aea00000|100%| E|CS|TAMS 0x00000000ae900000, 0x00000000ae900000| Complete 
| 746|0x00000000aea00000, 0x00000000aeb00000, 0x00000000aeb00000|100%| E|CS|TAMS 0x00000000aea00000, 0x00000000aea00000| Complete 
| 747|0x00000000aeb00000, 0x00000000aec00000, 0x00000000aec00000|100%| E|CS|TAMS 0x00000000aeb00000, 0x00000000aeb00000| Complete 
| 748|0x00000000aec00000, 0x00000000aed00000, 0x00000000aed00000|100%| E|CS|TAMS 0x00000000aec00000, 0x00000000aec00000| Complete 
| 749|0x00000000aed00000, 0x00000000aee00000, 0x00000000aee00000|100%| E|CS|TAMS 0x00000000aed00000, 0x00000000aed00000| Complete 
| 750|0x00000000aee00000, 0x00000000aef00000, 0x00000000aef00000|100%| E|CS|TAMS 0x00000000aee00000, 0x00000000aee00000| Complete 
| 751|0x00000000aef00000, 0x00000000af000000, 0x00000000af000000|100%| E|CS|TAMS 0x00000000aef00000, 0x00000000aef00000| Complete 
| 752|0x00000000af000000, 0x00000000af100000, 0x00000000af100000|100%| E|CS|TAMS 0x00000000af000000, 0x00000000af000000| Complete 
| 753|0x00000000af100000, 0x00000000af200000, 0x00000000af200000|100%| E|CS|TAMS 0x00000000af100000, 0x00000000af100000| Complete 
| 754|0x00000000af200000, 0x00000000af300000, 0x00000000af300000|100%| E|CS|TAMS 0x00000000af200000, 0x00000000af200000| Complete 
| 755|0x00000000af300000, 0x00000000af400000, 0x00000000af400000|100%| E|CS|TAMS 0x00000000af300000, 0x00000000af300000| Complete 
| 756|0x00000000af400000, 0x00000000af500000, 0x00000000af500000|100%| E|CS|TAMS 0x00000000af400000, 0x00000000af400000| Complete 
| 757|0x00000000af500000, 0x00000000af600000, 0x00000000af600000|100%| E|CS|TAMS 0x00000000af500000, 0x00000000af500000| Complete 
| 758|0x00000000af600000, 0x00000000af700000, 0x00000000af700000|100%| E|CS|TAMS 0x00000000af600000, 0x00000000af600000| Complete 
| 759|0x00000000af700000, 0x00000000af800000, 0x00000000af800000|100%| E|CS|TAMS 0x00000000af700000, 0x00000000af700000| Complete 
| 760|0x00000000af800000, 0x00000000af900000, 0x00000000af900000|100%| E|CS|TAMS 0x00000000af800000, 0x00000000af800000| Complete 
| 761|0x00000000af900000, 0x00000000afa00000, 0x00000000afa00000|100%| E|CS|TAMS 0x00000000af900000, 0x00000000af900000| Complete 
| 762|0x00000000afa00000, 0x00000000afb00000, 0x00000000afb00000|100%| E|CS|TAMS 0x00000000afa00000, 0x00000000afa00000| Complete 
| 763|0x00000000afb00000, 0x00000000afc00000, 0x00000000afc00000|100%| E|CS|TAMS 0x00000000afb00000, 0x00000000afb00000| Complete 
| 764|0x00000000afc00000, 0x00000000afd00000, 0x00000000afd00000|100%| E|CS|TAMS 0x00000000afc00000, 0x00000000afc00000| Complete 
| 765|0x00000000afd00000, 0x00000000afe00000, 0x00000000afe00000|100%| E|CS|TAMS 0x00000000afd00000, 0x00000000afd00000| Complete 
| 766|0x00000000afe00000, 0x00000000aff00000, 0x00000000aff00000|100%| E|CS|TAMS 0x00000000afe00000, 0x00000000afe00000| Complete 
| 767|0x00000000aff00000, 0x00000000b0000000, 0x00000000b0000000|100%| E|CS|TAMS 0x00000000aff00000, 0x00000000aff00000| Complete 
| 768|0x00000000b0000000, 0x00000000b0100000, 0x00000000b0100000|100%| E|CS|TAMS 0x00000000b0000000, 0x00000000b0000000| Complete 
| 769|0x00000000b0100000, 0x00000000b0200000, 0x00000000b0200000|100%| E|CS|TAMS 0x00000000b0100000, 0x00000000b0100000| Complete 
| 770|0x00000000b0200000, 0x00000000b0300000, 0x00000000b0300000|100%| E|CS|TAMS 0x00000000b0200000, 0x00000000b0200000| Complete 
| 771|0x00000000b0300000, 0x00000000b0400000, 0x00000000b0400000|100%| E|CS|TAMS 0x00000000b0300000, 0x00000000b0300000| Complete 
| 772|0x00000000b0400000, 0x00000000b0500000, 0x00000000b0500000|100%| E|CS|TAMS 0x00000000b0400000, 0x00000000b0400000| Complete 
| 773|0x00000000b0500000, 0x00000000b0600000, 0x00000000b0600000|100%| E|CS|TAMS 0x00000000b0500000, 0x00000000b0500000| Complete 
| 774|0x00000000b0600000, 0x00000000b0700000, 0x00000000b0700000|100%| E|CS|TAMS 0x00000000b0600000, 0x00000000b0600000| Complete 
| 775|0x00000000b0700000, 0x00000000b0800000, 0x00000000b0800000|100%| E|CS|TAMS 0x00000000b0700000, 0x00000000b0700000| Complete 
| 776|0x00000000b0800000, 0x00000000b0900000, 0x00000000b0900000|100%| E|CS|TAMS 0x00000000b0800000, 0x00000000b0800000| Complete 
| 777|0x00000000b0900000, 0x00000000b0a00000, 0x00000000b0a00000|100%| E|CS|TAMS 0x00000000b0900000, 0x00000000b0900000| Complete 
| 778|0x00000000b0a00000, 0x00000000b0b00000, 0x00000000b0b00000|100%| E|CS|TAMS 0x00000000b0a00000, 0x00000000b0a00000| Complete 
| 779|0x00000000b0b00000, 0x00000000b0c00000, 0x00000000b0c00000|100%| E|CS|TAMS 0x00000000b0b00000, 0x00000000b0b00000| Complete 
| 780|0x00000000b0c00000, 0x00000000b0d00000, 0x00000000b0d00000|100%| E|CS|TAMS 0x00000000b0c00000, 0x00000000b0c00000| Complete 
| 781|0x00000000b0d00000, 0x00000000b0e00000, 0x00000000b0e00000|100%| E|CS|TAMS 0x00000000b0d00000, 0x00000000b0d00000| Complete 
| 782|0x00000000b0e00000, 0x00000000b0f00000, 0x00000000b0f00000|100%| E|CS|TAMS 0x00000000b0e00000, 0x00000000b0e00000| Complete 
| 783|0x00000000b0f00000, 0x00000000b1000000, 0x00000000b1000000|100%| E|CS|TAMS 0x00000000b0f00000, 0x00000000b0f00000| Complete 
| 784|0x00000000b1000000, 0x00000000b1100000, 0x00000000b1100000|100%| E|CS|TAMS 0x00000000b1000000, 0x00000000b1000000| Complete 
| 785|0x00000000b1100000, 0x00000000b1200000, 0x00000000b1200000|100%| E|CS|TAMS 0x00000000b1100000, 0x00000000b1100000| Complete 
| 786|0x00000000b1200000, 0x00000000b1300000, 0x00000000b1300000|100%| E|CS|TAMS 0x00000000b1200000, 0x00000000b1200000| Complete 
| 787|0x00000000b1300000, 0x00000000b1400000, 0x00000000b1400000|100%| E|CS|TAMS 0x00000000b1300000, 0x00000000b1300000| Complete 
| 788|0x00000000b1400000, 0x00000000b1500000, 0x00000000b1500000|100%| E|CS|TAMS 0x00000000b1400000, 0x00000000b1400000| Complete 
| 789|0x00000000b1500000, 0x00000000b1600000, 0x00000000b1600000|100%| E|CS|TAMS 0x00000000b1500000, 0x00000000b1500000| Complete 
| 790|0x00000000b1600000, 0x00000000b1700000, 0x00000000b1700000|100%| E|CS|TAMS 0x00000000b1600000, 0x00000000b1600000| Complete 
| 791|0x00000000b1700000, 0x00000000b1800000, 0x00000000b1800000|100%| E|CS|TAMS 0x00000000b1700000, 0x00000000b1700000| Complete 
| 792|0x00000000b1800000, 0x00000000b1900000, 0x00000000b1900000|100%| E|CS|TAMS 0x00000000b1800000, 0x00000000b1800000| Complete 
| 793|0x00000000b1900000, 0x00000000b1a00000, 0x00000000b1a00000|100%| E|CS|TAMS 0x00000000b1900000, 0x00000000b1900000| Complete 
| 794|0x00000000b1a00000, 0x00000000b1b00000, 0x00000000b1b00000|100%| E|CS|TAMS 0x00000000b1a00000, 0x00000000b1a00000| Complete 
| 795|0x00000000b1b00000, 0x00000000b1c00000, 0x00000000b1c00000|100%| E|CS|TAMS 0x00000000b1b00000, 0x00000000b1b00000| Complete 
| 796|0x00000000b1c00000, 0x00000000b1d00000, 0x00000000b1d00000|100%| E|CS|TAMS 0x00000000b1c00000, 0x00000000b1c00000| Complete 
| 797|0x00000000b1d00000, 0x00000000b1e00000, 0x00000000b1e00000|100%| E|CS|TAMS 0x00000000b1d00000, 0x00000000b1d00000| Complete 
| 798|0x00000000b1e00000, 0x00000000b1f00000, 0x00000000b1f00000|100%| E|CS|TAMS 0x00000000b1e00000, 0x00000000b1e00000| Complete 
| 799|0x00000000b1f00000, 0x00000000b2000000, 0x00000000b2000000|100%| E|CS|TAMS 0x00000000b1f00000, 0x00000000b1f00000| Complete 
| 800|0x00000000b2000000, 0x00000000b2100000, 0x00000000b2100000|100%| E|CS|TAMS 0x00000000b2000000, 0x00000000b2000000| Complete 
| 801|0x00000000b2100000, 0x00000000b2200000, 0x00000000b2200000|100%| E|CS|TAMS 0x00000000b2100000, 0x00000000b2100000| Complete 
| 802|0x00000000b2200000, 0x00000000b2300000, 0x00000000b2300000|100%| E|CS|TAMS 0x00000000b2200000, 0x00000000b2200000| Complete 
| 803|0x00000000b2300000, 0x00000000b2400000, 0x00000000b2400000|100%| E|CS|TAMS 0x00000000b2300000, 0x00000000b2300000| Complete 
| 804|0x00000000b2400000, 0x00000000b2500000, 0x00000000b2500000|100%| E|CS|TAMS 0x00000000b2400000, 0x00000000b2400000| Complete 
| 805|0x00000000b2500000, 0x00000000b2600000, 0x00000000b2600000|100%| E|CS|TAMS 0x00000000b2500000, 0x00000000b2500000| Complete 
| 806|0x00000000b2600000, 0x00000000b2700000, 0x00000000b2700000|100%| E|CS|TAMS 0x00000000b2600000, 0x00000000b2600000| Complete 
| 807|0x00000000b2700000, 0x00000000b2800000, 0x00000000b2800000|100%| E|CS|TAMS 0x00000000b2700000, 0x00000000b2700000| Complete 
| 808|0x00000000b2800000, 0x00000000b2900000, 0x00000000b2900000|100%| E|CS|TAMS 0x00000000b2800000, 0x00000000b2800000| Complete 
| 809|0x00000000b2900000, 0x00000000b2a00000, 0x00000000b2a00000|100%| E|CS|TAMS 0x00000000b2900000, 0x00000000b2900000| Complete 
| 810|0x00000000b2a00000, 0x00000000b2b00000, 0x00000000b2b00000|100%| E|CS|TAMS 0x00000000b2a00000, 0x00000000b2a00000| Complete 
| 811|0x00000000b2b00000, 0x00000000b2c00000, 0x00000000b2c00000|100%| E|CS|TAMS 0x00000000b2b00000, 0x00000000b2b00000| Complete 
| 812|0x00000000b2c00000, 0x00000000b2d00000, 0x00000000b2d00000|100%| E|CS|TAMS 0x00000000b2c00000, 0x00000000b2c00000| Complete 
| 813|0x00000000b2d00000, 0x00000000b2e00000, 0x00000000b2e00000|100%| E|CS|TAMS 0x00000000b2d00000, 0x00000000b2d00000| Complete 
| 814|0x00000000b2e00000, 0x00000000b2f00000, 0x00000000b2f00000|100%| E|CS|TAMS 0x00000000b2e00000, 0x00000000b2e00000| Complete 
| 815|0x00000000b2f00000, 0x00000000b3000000, 0x00000000b3000000|100%| E|CS|TAMS 0x00000000b2f00000, 0x00000000b2f00000| Complete 
| 816|0x00000000b3000000, 0x00000000b3100000, 0x00000000b3100000|100%| E|CS|TAMS 0x00000000b3000000, 0x00000000b3000000| Complete 
| 817|0x00000000b3100000, 0x00000000b3200000, 0x00000000b3200000|100%| E|CS|TAMS 0x00000000b3100000, 0x00000000b3100000| Complete 
| 818|0x00000000b3200000, 0x00000000b3300000, 0x00000000b3300000|100%| E|CS|TAMS 0x00000000b3200000, 0x00000000b3200000| Complete 
| 819|0x00000000b3300000, 0x00000000b3400000, 0x00000000b3400000|100%| E|CS|TAMS 0x00000000b3300000, 0x00000000b3300000| Complete 
| 820|0x00000000b3400000, 0x00000000b3500000, 0x00000000b3500000|100%| E|CS|TAMS 0x00000000b3400000, 0x00000000b3400000| Complete 
| 821|0x00000000b3500000, 0x00000000b3600000, 0x00000000b3600000|100%| E|CS|TAMS 0x00000000b3500000, 0x00000000b3500000| Complete 
| 822|0x00000000b3600000, 0x00000000b3700000, 0x00000000b3700000|100%| E|CS|TAMS 0x00000000b3600000, 0x00000000b3600000| Complete 
| 823|0x00000000b3700000, 0x00000000b3800000, 0x00000000b3800000|100%| E|CS|TAMS 0x00000000b3700000, 0x00000000b3700000| Complete 
| 824|0x00000000b3800000, 0x00000000b3900000, 0x00000000b3900000|100%| E|CS|TAMS 0x00000000b3800000, 0x00000000b3800000| Complete 
| 825|0x00000000b3900000, 0x00000000b3a00000, 0x00000000b3a00000|100%| E|CS|TAMS 0x00000000b3900000, 0x00000000b3900000| Complete 
| 826|0x00000000b3a00000, 0x00000000b3b00000, 0x00000000b3b00000|100%| E|CS|TAMS 0x00000000b3a00000, 0x00000000b3a00000| Complete 
| 827|0x00000000b3b00000, 0x00000000b3c00000, 0x00000000b3c00000|100%| E|CS|TAMS 0x00000000b3b00000, 0x00000000b3b00000| Complete 
| 828|0x00000000b3c00000, 0x00000000b3d00000, 0x00000000b3d00000|100%| E|CS|TAMS 0x00000000b3c00000, 0x00000000b3c00000| Complete 
| 829|0x00000000b3d00000, 0x00000000b3e00000, 0x00000000b3e00000|100%| E|CS|TAMS 0x00000000b3d00000, 0x00000000b3d00000| Complete 
| 830|0x00000000b3e00000, 0x00000000b3f00000, 0x00000000b3f00000|100%| E|CS|TAMS 0x00000000b3e00000, 0x00000000b3e00000| Complete 
| 831|0x00000000b3f00000, 0x00000000b4000000, 0x00000000b4000000|100%| E|CS|TAMS 0x00000000b3f00000, 0x00000000b3f00000| Complete 
| 832|0x00000000b4000000, 0x00000000b4100000, 0x00000000b4100000|100%| E|CS|TAMS 0x00000000b4000000, 0x00000000b4000000| Complete 
| 833|0x00000000b4100000, 0x00000000b4200000, 0x00000000b4200000|100%| E|CS|TAMS 0x00000000b4100000, 0x00000000b4100000| Complete 
| 834|0x00000000b4200000, 0x00000000b4300000, 0x00000000b4300000|100%| E|CS|TAMS 0x00000000b4200000, 0x00000000b4200000| Complete 
| 835|0x00000000b4300000, 0x00000000b4400000, 0x00000000b4400000|100%| E|CS|TAMS 0x00000000b4300000, 0x00000000b4300000| Complete 
| 836|0x00000000b4400000, 0x00000000b4500000, 0x00000000b4500000|100%| E|CS|TAMS 0x00000000b4400000, 0x00000000b4400000| Complete 
| 837|0x00000000b4500000, 0x00000000b4600000, 0x00000000b4600000|100%| E|CS|TAMS 0x00000000b4500000, 0x00000000b4500000| Complete 
| 838|0x00000000b4600000, 0x00000000b4700000, 0x00000000b4700000|100%| E|CS|TAMS 0x00000000b4600000, 0x00000000b4600000| Complete 
| 839|0x00000000b4700000, 0x00000000b4800000, 0x00000000b4800000|100%| E|CS|TAMS 0x00000000b4700000, 0x00000000b4700000| Complete 
| 840|0x00000000b4800000, 0x00000000b4900000, 0x00000000b4900000|100%| E|CS|TAMS 0x00000000b4800000, 0x00000000b4800000| Complete 
| 841|0x00000000b4900000, 0x00000000b4a00000, 0x00000000b4a00000|100%| E|CS|TAMS 0x00000000b4900000, 0x00000000b4900000| Complete 
| 842|0x00000000b4a00000, 0x00000000b4b00000, 0x00000000b4b00000|100%| E|  |TAMS 0x00000000b4a00000, 0x00000000b4a00000| Complete 
| 843|0x00000000b4b00000, 0x00000000b4c00000, 0x00000000b4c00000|100%| E|CS|TAMS 0x00000000b4b00000, 0x00000000b4b00000| Complete 
| 844|0x00000000b4c00000, 0x00000000b4d00000, 0x00000000b4d00000|100%| E|CS|TAMS 0x00000000b4c00000, 0x00000000b4c00000| Complete 
| 845|0x00000000b4d00000, 0x00000000b4e00000, 0x00000000b4e00000|100%| E|CS|TAMS 0x00000000b4d00000, 0x00000000b4d00000| Complete 
| 846|0x00000000b4e00000, 0x00000000b4f00000, 0x00000000b4f00000|100%| E|CS|TAMS 0x00000000b4e00000, 0x00000000b4e00000| Complete 
| 847|0x00000000b4f00000, 0x00000000b5000000, 0x00000000b5000000|100%| E|CS|TAMS 0x00000000b4f00000, 0x00000000b4f00000| Complete 
| 848|0x00000000b5000000, 0x00000000b5100000, 0x00000000b5100000|100%| E|CS|TAMS 0x00000000b5000000, 0x00000000b5000000| Complete 
| 849|0x00000000b5100000, 0x00000000b5200000, 0x00000000b5200000|100%| E|CS|TAMS 0x00000000b5100000, 0x00000000b5100000| Complete 
| 850|0x00000000b5200000, 0x00000000b5300000, 0x00000000b5300000|100%| E|CS|TAMS 0x00000000b5200000, 0x00000000b5200000| Complete 
| 851|0x00000000b5300000, 0x00000000b5400000, 0x00000000b5400000|100%| E|CS|TAMS 0x00000000b5300000, 0x00000000b5300000| Complete 
| 852|0x00000000b5400000, 0x00000000b5500000, 0x00000000b5500000|100%| E|CS|TAMS 0x00000000b5400000, 0x00000000b5400000| Complete 
| 853|0x00000000b5500000, 0x00000000b5600000, 0x00000000b5600000|100%| E|CS|TAMS 0x00000000b5500000, 0x00000000b5500000| Complete 
| 854|0x00000000b5600000, 0x00000000b5700000, 0x00000000b5700000|100%| E|CS|TAMS 0x00000000b5600000, 0x00000000b5600000| Complete 
| 855|0x00000000b5700000, 0x00000000b5800000, 0x00000000b5800000|100%| E|CS|TAMS 0x00000000b5700000, 0x00000000b5700000| Complete 
| 856|0x00000000b5800000, 0x00000000b5900000, 0x00000000b5900000|100%| E|CS|TAMS 0x00000000b5800000, 0x00000000b5800000| Complete 
| 857|0x00000000b5900000, 0x00000000b5a00000, 0x00000000b5a00000|100%| E|CS|TAMS 0x00000000b5900000, 0x00000000b5900000| Complete 
| 858|0x00000000b5a00000, 0x00000000b5b00000, 0x00000000b5b00000|100%| E|CS|TAMS 0x00000000b5a00000, 0x00000000b5a00000| Complete 
| 859|0x00000000b5b00000, 0x00000000b5c00000, 0x00000000b5c00000|100%| E|CS|TAMS 0x00000000b5b00000, 0x00000000b5b00000| Complete 
| 860|0x00000000b5c00000, 0x00000000b5d00000, 0x00000000b5d00000|100%| E|CS|TAMS 0x00000000b5c00000, 0x00000000b5c00000| Complete 
| 861|0x00000000b5d00000, 0x00000000b5e00000, 0x00000000b5e00000|100%| E|CS|TAMS 0x00000000b5d00000, 0x00000000b5d00000| Complete 
| 862|0x00000000b5e00000, 0x00000000b5f00000, 0x00000000b5f00000|100%| E|CS|TAMS 0x00000000b5e00000, 0x00000000b5e00000| Complete 
| 863|0x00000000b5f00000, 0x00000000b6000000, 0x00000000b6000000|100%| E|CS|TAMS 0x00000000b5f00000, 0x00000000b5f00000| Complete 
| 864|0x00000000b6000000, 0x00000000b6100000, 0x00000000b6100000|100%| E|CS|TAMS 0x00000000b6000000, 0x00000000b6000000| Complete 

Card table byte_map: [0x00007f160a22f000,0x00007f160a62f000] _byte_map_base: 0x00007f1609e2f000

Marking Bits (Prev, Next): (CMBitMap*) 0x00007f1604085490, (CMBitMap*) 0x00007f1604085450
 Prev Bits: [0x00007f15eda00000, 0x00007f15efa00000)
 Next Bits: [0x00007f15efa00000, 0x00007f15f1a00000)

Polling page: 0x00007f160ca9b000

Metaspace:

Usage:
  Non-class:    147.04 MB used.
      Class:     22.36 MB used.
       Both:    169.40 MB used.

Virtual space:
  Non-class space:      192.00 MB reserved,     147.50 MB ( 77%) committed,  3 nodes.
      Class space:        1.00 GB reserved,      22.81 MB (  2%) committed,  1 nodes.
             Both:        1.19 GB reserved,     170.31 MB ( 14%) committed. 

Chunk freelists:
   Non-Class:  12.44 MB
       Class:  9.09 MB
        Both:  21.53 MB

MaxMetaspaceSize: unlimited
CompressedClassSpaceSize: 1.00 GB
Initial GC threshold: 21.00 MB
Current GC threshold: 260.62 MB
CDS: off
MetaspaceReclaimPolicy: balanced
 - commit_granule_bytes: 65536.
 - commit_granule_words: 8192.
 - virtual_space_node_default_size: 8388608.
 - enlarge_chunks_in_place: 1.
 - new_chunks_are_fully_committed: 0.
 - uncommit_free_chunks: 1.
 - use_allocation_guard: 0.
 - handle_deallocations: 1.


Internal statistics:

num_allocs_failed_limit: 9.
num_arena_births: 1384.
num_arena_deaths: 2.
num_vsnodes_births: 4.
num_vsnodes_deaths: 0.
num_space_committed: 2722.
num_space_uncommitted: 0.
num_chunks_returned_to_freelist: 12.
num_chunks_taken_from_freelist: 7897.
num_chunk_merges: 6.
num_chunk_splits: 5707.
num_chunks_enlarged: 4279.
num_inconsistent_stats: 0.

CodeHeap 'non-profiled nmethods': size=120028Kb used=8613Kb max_used=8613Kb free=111414Kb
 bounds [0x00007f15f94c9000, 0x00007f15f9d39000, 0x00007f1600a00000]
CodeHeap 'profiled nmethods': size=120028Kb used=25538Kb max_used=25538Kb free=94489Kb
 bounds [0x00007f15f1a00000, 0x00007f15f3300000, 0x00007f15f8f37000]
CodeHeap 'non-nmethods': size=5704Kb used=2618Kb max_used=2716Kb free=3085Kb
 bounds [0x00007f15f8f37000, 0x00007f15f91f7000, 0x00007f15f94c9000]
 total_blobs=14408 nmethods=13244 adapters=1071
 compilation: enabled
              stopped_count=0, restarted_count=0
 full_count=0

Compilation events (20 events):
Event: 46.221 Thread 0x00007f16042118f0 15581       3       java.util.zip.InflaterInputStream::fill (60 bytes)
Event: 46.221 Thread 0x00007f16042118f0 nmethod 15581 0x00007f15f32f0d10 code [0x00007f15f32f0f00, 0x00007f15f32f1390]
Event: 46.221 Thread 0x00007f1604210400 15579   !   4       java.util.zip.Inflater::needsDictionary (19 bytes)
Event: 46.222 Thread 0x00007f1604210400 nmethod 15579 0x00007f15f9d29d10 code [0x00007f15f9d29ea0, 0x00007f15f9d2a078]
Event: 46.234 Thread 0x00007f15acacd590 nmethod 15542 0x00007f15f9d2a110 code [0x00007f15f9d2a3c0, 0x00007f15f9d2cc00]
Event: 46.236 Thread 0x00007f15acad8270 nmethod 15573 0x00007f15f9d2e010 code [0x00007f15f9d2e200, 0x00007f15f9d2f348]
Event: 46.239 Thread 0x00007f15acacd590 15582   !   4       java.util.zip.Inflater::setInput (69 bytes)
Event: 46.241 Thread 0x00007f15acacd590 nmethod 15582 0x00007f15f9d2fb10 code [0x00007f15f9d2fca0, 0x00007f15f9d30058]
Event: 46.250 Thread 0x00007f16042118f0 15583       3       java.io.FileInputStream::available (5 bytes)
Event: 46.250 Thread 0x00007f16042118f0 nmethod 15583 0x00007f15f32f1590 code [0x00007f15f32f1740, 0x00007f15f32f1880]
Event: 46.259 Thread 0x00007f1604210400 15585       4       java.io.FilterInputStream::read (9 bytes)
Event: 46.260 Thread 0x00007f1604210400 nmethod 15585 0x00007f15f9d30590 code [0x00007f15f9d30720, 0x00007f15f9d307d8]
Event: 46.264 Thread 0x00007f1604210400 15586       4       java.io.FileOutputStream::write (20 bytes)
Event: 46.264 Thread 0x00007f1604210400 nmethod 15586 0x00007f15f9d30890 code [0x00007f15f9d30a20, 0x00007f15f9d30ac8]
Event: 46.265 Thread 0x00007f15acacd590 15587       4       java.io.PushbackInputStream::read (145 bytes)
Event: 46.267 Thread 0x00007f1604210400 15588       4       java.util.zip.ZipInputStream::read (304 bytes)
Event: 46.267 Thread 0x00007f15acacd590 nmethod 15587 0x00007f15f9d30b90 code [0x00007f15f9d30d20, 0x00007f15f9d30f38]
Event: 46.269 Thread 0x00007f1604210400 nmethod 15588 0x00007f15f9d31190 code [0x00007f15f9d31340, 0x00007f15f9d31668]
Event: 46.356 Thread 0x00007f15acacd590 15589       4       java.util.zip.InflaterInputStream::fill (60 bytes)
Event: 46.368 Thread 0x00007f15acacd590 nmethod 15589 0x00007f15f9d31a10 code [0x00007f15f9d31bc0, 0x00007f15f9d32158]

GC Heap History (20 events):
Event: 27.670 GC heap before
{Heap before GC invocations=40 (full 0):
 garbage-first heap   total 464896K, used 155597K [0x0000000080000000, 0x0000000100000000)
  region size 1024K, 22 young (22528K), 17 survivors (17408K)
 Metaspace       used 121925K, committed 122688K, reserved 1179648K
  class space    used 16053K, committed 16384K, reserved 1048576K
}
Event: 27.703 GC heap after
{Heap after GC invocations=41 (full 0):
 garbage-first heap   total 464896K, used 152611K [0x0000000080000000, 0x0000000100000000)
  region size 1024K, 2 young (2048K), 2 survivors (2048K)
 Metaspace       used 121925K, committed 122688K, reserved 1179648K
  class space    used 16053K, committed 16384K, reserved 1048576K
}
Event: 30.527 GC heap before
{Heap before GC invocations=41 (full 0):
 garbage-first heap   total 464896K, used 370723K [0x0000000080000000, 0x0000000100000000)
  region size 1024K, 207 young (211968K), 2 survivors (2048K)
 Metaspace       used 139925K, committed 140736K, reserved 1179648K
  class space    used 18377K, committed 18752K, reserved 1048576K
}
Event: 30.559 GC heap after
{Heap after GC invocations=42 (full 0):
 garbage-first heap   total 464896K, used 167684K [0x0000000080000000, 0x0000000100000000)
  region size 1024K, 12 young (12288K), 12 survivors (12288K)
 Metaspace       used 139925K, committed 140736K, reserved 1179648K
  class space    used 18377K, committed 18752K, reserved 1048576K
}
Event: 32.035 GC heap before
{Heap before GC invocations=42 (full 0):
 garbage-first heap   total 464896K, used 252676K [0x0000000080000000, 0x0000000100000000)
  region size 1024K, 96 young (98304K), 12 survivors (12288K)
 Metaspace       used 143890K, committed 144704K, reserved 1179648K
  class space    used 18911K, committed 19328K, reserved 1048576K
}
Event: 32.071 GC heap after
{Heap after GC invocations=43 (full 0):
 garbage-first heap   total 464896K, used 173587K [0x0000000080000000, 0x0000000100000000)
  region size 1024K, 18 young (18432K), 18 survivors (18432K)
 Metaspace       used 143890K, committed 144704K, reserved 1179648K
  class space    used 18911K, committed 19328K, reserved 1048576K
}
Event: 36.039 GC heap before
{Heap before GC invocations=44 (full 0):
 garbage-first heap   total 464896K, used 390675K [0x0000000080000000, 0x0000000100000000)
  region size 1024K, 214 young (219136K), 18 survivors (18432K)
 Metaspace       used 158221K, committed 159104K, reserved 1245184K
  class space    used 21055K, committed 21440K, reserved 1048576K
}
Event: 36.086 GC heap after
{Heap after GC invocations=45 (full 0):
 garbage-first heap   total 464896K, used 193265K [0x0000000080000000, 0x0000000100000000)
  region size 1024K, 22 young (22528K), 22 survivors (22528K)
 Metaspace       used 158221K, committed 159104K, reserved 1245184K
  class space    used 21055K, committed 21440K, reserved 1048576K
}
Event: 36.128 GC heap before
{Heap before GC invocations=45 (full 0):
 garbage-first heap   total 464896K, used 194289K [0x0000000080000000, 0x0000000100000000)
  region size 1024K, 23 young (23552K), 22 survivors (22528K)
 Metaspace       used 158446K, committed 159360K, reserved 1245184K
  class space    used 21075K, committed 21504K, reserved 1048576K
}
Event: 36.153 GC heap after
{Heap after GC invocations=46 (full 0):
 garbage-first heap   total 464896K, used 191973K [0x0000000080000000, 0x0000000100000000)
  region size 1024K, 3 young (3072K), 3 survivors (3072K)
 Metaspace       used 158446K, committed 159360K, reserved 1245184K
  class space    used 21075K, committed 21504K, reserved 1048576K
}
Event: 37.890 GC heap before
{Heap before GC invocations=46 (full 0):
 garbage-first heap   total 464896K, used 376293K [0x0000000080000000, 0x0000000100000000)
  region size 1024K, 183 young (187392K), 3 survivors (3072K)
 Metaspace       used 159252K, committed 160128K, reserved 1245184K
  class space    used 21180K, committed 21568K, reserved 1048576K
}
Event: 37.919 GC heap after
{Heap after GC invocations=47 (full 0):
 garbage-first heap   total 464896K, used 196730K [0x0000000080000000, 0x0000000100000000)
  region size 1024K, 8 young (8192K), 8 survivors (8192K)
 Metaspace       used 159252K, committed 160128K, reserved 1245184K
  class space    used 21180K, committed 21568K, reserved 1048576K
}
Event: 39.118 GC heap before
{Heap before GC invocations=47 (full 0):
 garbage-first heap   total 464896K, used 379002K [0x0000000080000000, 0x0000000100000000)
  region size 1024K, 186 young (190464K), 8 survivors (8192K)
 Metaspace       used 159253K, committed 160128K, reserved 1245184K
  class space    used 21180K, committed 21568K, reserved 1048576K
}
Event: 39.166 GC heap after
{Heap after GC invocations=48 (full 0):
 garbage-first heap   total 464896K, used 203039K [0x0000000080000000, 0x0000000100000000)
  region size 1024K, 14 young (14336K), 14 survivors (14336K)
 Metaspace       used 159253K, committed 160128K, reserved 1245184K
  class space    used 21180K, committed 21568K, reserved 1048576K
}
Event: 39.869 GC heap before
{Heap before GC invocations=48 (full 0):
 garbage-first heap   total 464896K, used 381215K [0x0000000080000000, 0x0000000100000000)
  region size 1024K, 188 young (192512K), 14 survivors (14336K)
 Metaspace       used 159255K, committed 160128K, reserved 1245184K
  class space    used 21180K, committed 21568K, reserved 1048576K
}
Event: 39.910 GC heap after
{Heap after GC invocations=49 (full 0):
 garbage-first heap   total 464896K, used 208385K [0x0000000080000000, 0x0000000100000000)
  region size 1024K, 14 young (14336K), 14 survivors (14336K)
 Metaspace       used 159255K, committed 160128K, reserved 1245184K
  class space    used 21180K, committed 21568K, reserved 1048576K
}
Event: 40.777 GC heap before
{Heap before GC invocations=50 (full 0):
 garbage-first heap   total 464896K, used 384513K [0x0000000080000000, 0x0000000100000000)
  region size 1024K, 186 young (190464K), 14 survivors (14336K)
 Metaspace       used 159257K, committed 160128K, reserved 1245184K
  class space    used 21180K, committed 21568K, reserved 1048576K
}
Event: 40.807 GC heap after
{Heap after GC invocations=51 (full 0):
 garbage-first heap   total 464896K, used 213179K [0x0000000080000000, 0x0000000100000000)
  region size 1024K, 13 young (13312K), 13 survivors (13312K)
 Metaspace       used 159257K, committed 160128K, reserved 1245184K
  class space    used 21180K, committed 21568K, reserved 1048576K
}
Event: 40.884 GC heap before
{Heap before GC invocations=51 (full 0):
 garbage-first heap   total 464896K, used 222395K [0x0000000080000000, 0x0000000100000000)
  region size 1024K, 22 young (22528K), 13 survivors (13312K)
 Metaspace       used 159343K, committed 160192K, reserved 1245184K
  class space    used 21193K, committed 21568K, reserved 1048576K
}
Event: 40.915 GC heap after
{Heap after GC invocations=52 (full 0):
 garbage-first heap   total 885760K, used 211284K [0x0000000080000000, 0x0000000100000000)
  region size 1024K, 3 young (3072K), 3 survivors (3072K)
 Metaspace       used 159343K, committed 160192K, reserved 1245184K
  class space    used 21193K, committed 21568K, reserved 1048576K
}

Dll operation events (13 events):
Event: 0.003 Loaded shared library /opt/android-studio/jbr/lib/libjava.so
Event: 0.292 Loaded shared library /opt/android-studio/jbr/lib/libzip.so
Event: 0.297 Loaded shared library /opt/android-studio/jbr/lib/libinstrument.so
Event: 0.309 Loaded shared library /opt/android-studio/jbr/lib/libnio.so
Event: 0.325 Loaded shared library /opt/android-studio/jbr/lib/libzip.so
Event: 0.526 Loaded shared library /opt/android-studio/jbr/lib/libjimage.so
Event: 0.646 Loaded shared library /opt/android-studio/jbr/lib/libverify.so
Event: 0.955 Loaded shared library /opt/android-studio/jbr/lib/libnet.so
Event: 0.957 Loaded shared library /home/leerixon54/.gradle/native/c067742578af261105cb4f569cf0c3c89f3d7b1fecec35dd04571415982c5e48/linux-amd64/libnative-platform.so
Event: 0.961 Loaded shared library /home/leerixon54/.gradle/native/38dada09dfb8b06ba9b0570ebf7e218e3eb74d4ef43ca46872605cf95ebc2f47/linux-amd64/libnative-platform-file-events.so
Event: 2.066 Loaded shared library /opt/android-studio/jbr/lib/libmanagement.so
Event: 2.072 Loaded shared library /opt/android-studio/jbr/lib/libmanagement_ext.so
Event: 2.440 Loaded shared library /opt/android-studio/jbr/lib/libextnet.so

Deoptimization events (20 events):
Event: 46.102 Thread 0x00007f157bd2c040 DEOPT PACKING pc=0x00007f15f2bb5574 sp=0x00007f14dcafd470
Event: 46.102 Thread 0x00007f157bd2c040 DEOPT UNPACKING pc=0x00007f15f8f8de2f sp=0x00007f14dcafc980 mode 0
Event: 46.102 Thread 0x00007f157bd2c040 DEOPT PACKING pc=0x00007f15f2bb5574 sp=0x00007f14dcafe1d0
Event: 46.103 Thread 0x00007f157bd2c040 DEOPT UNPACKING pc=0x00007f15f8f8de2f sp=0x00007f14dcafd6e0 mode 0
Event: 46.212 Thread 0x00007f15800077c0 Uncommon trap: trap_request=0xffffffde fr.pc=0x00007f15f95b7c88 relative=0x0000000000001468
Event: 46.212 Thread 0x00007f15800077c0 Uncommon trap: reason=class_check action=maybe_recompile pc=0x00007f15f95b7c88 method=java.util.zip.InflaterInputStream.read([BII)I @ 100 c2
Event: 46.212 Thread 0x00007f15800077c0 DEOPT PACKING pc=0x00007f15f95b7c88 sp=0x00007f15ec6f3670
Event: 46.212 Thread 0x00007f15800077c0 DEOPT UNPACKING pc=0x00007f15f8f8d699 sp=0x00007f15ec6f36c0 mode 2
Event: 46.212 Thread 0x00007f15800077c0 Uncommon trap: trap_request=0xffffffde fr.pc=0x00007f15f95b7c88 relative=0x0000000000001468
Event: 46.212 Thread 0x00007f15800077c0 Uncommon trap: reason=class_check action=maybe_recompile pc=0x00007f15f95b7c88 method=java.util.zip.InflaterInputStream.read([BII)I @ 100 c2
Event: 46.212 Thread 0x00007f15800077c0 DEOPT PACKING pc=0x00007f15f95b7c88 sp=0x00007f15ec6f3670
Event: 46.212 Thread 0x00007f15800077c0 DEOPT UNPACKING pc=0x00007f15f8f8d699 sp=0x00007f15ec6f36c0 mode 2
Event: 46.212 Thread 0x00007f15800077c0 Uncommon trap: trap_request=0xffffffde fr.pc=0x00007f15f95b7c88 relative=0x0000000000001468
Event: 46.212 Thread 0x00007f15800077c0 Uncommon trap: reason=class_check action=maybe_recompile pc=0x00007f15f95b7c88 method=java.util.zip.InflaterInputStream.read([BII)I @ 100 c2
Event: 46.212 Thread 0x00007f15800077c0 DEOPT PACKING pc=0x00007f15f95b7c88 sp=0x00007f15ec6f3670
Event: 46.212 Thread 0x00007f15800077c0 DEOPT UNPACKING pc=0x00007f15f8f8d699 sp=0x00007f15ec6f36c0 mode 2
Event: 46.213 Thread 0x00007f15800077c0 Uncommon trap: trap_request=0xffffffde fr.pc=0x00007f15f95b7c88 relative=0x0000000000001468
Event: 46.213 Thread 0x00007f15800077c0 Uncommon trap: reason=class_check action=maybe_recompile pc=0x00007f15f95b7c88 method=java.util.zip.InflaterInputStream.read([BII)I @ 100 c2
Event: 46.213 Thread 0x00007f15800077c0 DEOPT PACKING pc=0x00007f15f95b7c88 sp=0x00007f15ec6f3670
Event: 46.213 Thread 0x00007f15800077c0 DEOPT UNPACKING pc=0x00007f15f8f8d699 sp=0x00007f15ec6f36c0 mode 2

Classes unloaded (1 events):
Event: 10.927 Thread 0x00007f16041d9610 Unloading class 0x00000001006c0800 'java/lang/invoke/LambdaForm$DMH+0x00000001006c0800'

Classes redefined (0 events):
No events

Internal exceptions (20 events):
Event: 36.096 Thread 0x00007f15800077c0 Exception <a 'java/lang/ClassNotFoundException'{0x00000000a6548dc8}: org/gradle/internal/extensibility/DefaultExtensionsSchemaCustomizer> (0x00000000a6548dc8) 
thrown [src/hotspot/share/classfile/systemDictionary.cpp, line 256]
Event: 36.165 Thread 0x00007f15800077c0 Exception <a 'java/lang/ClassNotFoundException'{0x00000000a658d230}: java/lang/IntegerBeanInfo> (0x00000000a658d230) 
thrown [src/hotspot/share/classfile/systemDictionary.cpp, line 256]
Event: 36.166 Thread 0x00007f15800077c0 Exception <a 'java/lang/ClassNotFoundException'{0x00000000a65922d0}: java/lang/NumberBeanInfo> (0x00000000a65922d0) 
thrown [src/hotspot/share/classfile/systemDictionary.cpp, line 256]
Event: 36.166 Thread 0x00007f15800077c0 Exception <a 'java/lang/ClassNotFoundException'{0x00000000a6597370}: java/lang/NumberCustomizer> (0x00000000a6597370) 
thrown [src/hotspot/share/classfile/systemDictionary.cpp, line 256]
Event: 36.166 Thread 0x00007f15800077c0 Exception <a 'java/lang/ClassNotFoundException'{0x00000000a659ef38}: java/lang/IntegerCustomizer> (0x00000000a659ef38) 
thrown [src/hotspot/share/classfile/systemDictionary.cpp, line 256]
Event: 36.192 Thread 0x00007f157ba5dbc0 Exception <a 'java/lang/NoSuchMethodError'{0x00000000a60431a0}: static Lorg/jetbrains/kotlin/idea/gradleTooling/model/allopen/AllOpenModelImpl;.<clinit>()V> (0x00000000a60431a0) 
thrown [src/hotspot/share/prims/jni.cpp, line 1108]
Event: 36.197 Thread 0x00007f157ba5dbc0 Exception <a 'java/lang/NoSuchMethodError'{0x00000000a604b5e8}: static Lorg/jetbrains/kotlin/idea/gradleTooling/model/parcelize/ParcelizeGradleModelImpl;.<clinit>()V> (0x00000000a604b5e8) 
thrown [src/hotspot/share/prims/jni.cpp, line 1108]
Event: 36.198 Thread 0x00007f157ba5dbc0 Exception <a 'java/lang/NoSuchMethodError'{0x00000000a60d4a38}: static Lorg/jetbrains/plugins/gradle/tooling/internal/VersionCatalogsModelImpl;.<clinit>()V> (0x00000000a60d4a38) 
thrown [src/hotspot/share/prims/jni.cpp, line 1108]
Event: 36.204 Thread 0x00007f157ba5dbc0 Exception <a 'java/lang/NoSuchMethodError'{0x00000000a60dd530}: static Lorg/jetbrains/kotlin/android/synthetic/idea/AndroidExtensionsGradleModelImpl;.<clinit>()V> (0x00000000a60dd530) 
thrown [src/hotspot/share/prims/jni.cpp, line 1108]
Event: 36.340 Thread 0x00007f15800077c0 Exception <a 'java/lang/NoSuchMethodError'{0x000000009b8918b8}: 'java.lang.Object java.lang.invoke.DirectMethodHandle$Holder.invokeSpecialIFC(java.lang.Object, java.lang.Object, java.lang.Object)'> (0x000000009b8918b8) 
thrown [src/hotspot/share/interpreter/linkResolver.cpp, line 771]
Event: 41.031 Thread 0x00007f157ba5dbc0 Exception <a 'java/lang/NoSuchMethodError'{0x00000000b57ed4c0}: static Lorg/jetbrains/plugins/gradle/tooling/serialization/internal/adapter/kotlin/dsl/InternalKotlinDslScriptsModel;.<clinit>()V> (0x00000000b57ed4c0) 
thrown [src/hotspot/share/prims/jni.cpp, line 1108]
Event: 41.032 Thread 0x00007f157ba5dbc0 Exception <a 'java/lang/NoSuchMethodError'{0x00000000b57f7ec0}: static Lorg/jetbrains/plugins/gradle/tooling/serialization/internal/adapter/kotlin/dsl/InternalKotlinDslScriptModel;.<clinit>()V> (0x00000000b57f7ec0) 
thrown [src/hotspot/share/prims/jni.cpp, line 1108]
Event: 41.133 Thread 0x00007f15800077c0 Exception <a 'java/lang/NoSuchMethodError'{0x00000000b5004528}: 'java.lang.Object java.lang.invoke.DirectMethodHandle$Holder.invokeStatic(java.lang.Object, int, java.lang.Object)'> (0x00000000b5004528) 
thrown [src/hotspot/share/interpreter/linkResolver.cpp, line 771]
Event: 41.594 Thread 0x00007f15800077c0 Exception <a 'java/lang/NullPointerException'{0x00000000b3205548}> (0x00000000b3205548) 
thrown [src/hotspot/share/interpreter/linkResolver.cpp, line 1447]
Event: 41.701 Thread 0x00007f15800077c0 Implicit null exception at 0x00007f15f985ffac to 0x00007f15f9862be0
Event: 41.737 Thread 0x00007f15800077c0 Implicit null exception at 0x00007f15f964c689 to 0x00007f15f964cd90
Event: 42.369 Thread 0x00007f15800077c0 Exception <a 'java/lang/NoSuchMethodError'{0x00000000b002b220}: 'void java.lang.invoke.DirectMethodHandle$Holder.invokeSpecial(java.lang.Object, java.lang.Object, java.lang.Object, java.lang.Object, int, java.lang.Object, java.lang.Object)'> (0x00000000b002b220) 
thrown [src/hotspot/share/interpreter/linkResolver.cpp, line 771]
Event: 45.604 Thread 0x00007f15800077c0 Implicit null exception at 0x00007f15f957f8d4 to 0x00007f15f957fa68
Event: 45.613 Thread 0x00007f15800077c0 Implicit null exception at 0x00007f15f9684440 to 0x00007f15f96845a8
Event: 46.646 Thread 0x00007f15800077c0 Exception <a 'java/io/IOException'{0x00000000a4ab26e0}> (0x00000000a4ab26e0) 
thrown [src/hotspot/share/prims/jni.cpp, line 517]

VM Operations (20 events):
Event: 42.805 Executing VM operation: HandshakeAllThreads
Event: 42.806 Executing VM operation: HandshakeAllThreads done
Event: 42.940 Executing VM operation: ICBufferFull
Event: 42.940 Executing VM operation: ICBufferFull done
Event: 43.237 Executing VM operation: ICBufferFull
Event: 43.251 Executing VM operation: ICBufferFull done
Event: 43.673 Executing VM operation: ICBufferFull
Event: 43.673 Executing VM operation: ICBufferFull done
Event: 44.676 Executing VM operation: Cleanup
Event: 44.676 Executing VM operation: Cleanup done
Event: 45.676 Executing VM operation: Cleanup
Event: 45.676 Executing VM operation: Cleanup done
Event: 45.910 Executing VM operation: ICBufferFull
Event: 45.911 Executing VM operation: ICBufferFull done
Event: 46.097 Executing VM operation: HandshakeAllThreads
Event: 46.098 Executing VM operation: HandshakeAllThreads done
Event: 46.108 Executing VM operation: HandshakeAllThreads
Event: 46.109 Executing VM operation: HandshakeAllThreads done
Event: 46.175 Executing VM operation: HandshakeAllThreads
Event: 46.176 Executing VM operation: HandshakeAllThreads done

Events (20 events):
Event: 45.736 Thread 0x00007f157bd615a0 Thread added: 0x00007f157bd615a0
Event: 45.736 Protecting memory [0x00007f14dcf00000,0x00007f14dcf04000] with protection modes 0
Event: 45.737 Thread 0x00007f157bd62900 Thread added: 0x00007f157bd62900
Event: 45.737 Protecting memory [0x00007f14dce00000,0x00007f14dce04000] with protection modes 0
Event: 45.738 Thread 0x00007f157bd63910 Thread added: 0x00007f157bd63910
Event: 45.738 Protecting memory [0x00007f14dcd00000,0x00007f14dcd04000] with protection modes 0
Event: 45.738 Thread 0x00007f157bd64c80 Thread added: 0x00007f157bd64c80
Event: 45.738 Protecting memory [0x00007f14dcc00000,0x00007f14dcc04000] with protection modes 0
Event: 45.922 Thread 0x00007f157bd57140 Thread added: 0x00007f157bd57140
Event: 45.922 Protecting memory [0x00007f14dcb00000,0x00007f14dcb04000] with protection modes 0
Event: 45.922 Thread 0x00007f157bd2c040 Thread added: 0x00007f157bd2c040
Event: 45.922 Protecting memory [0x00007f14dca00000,0x00007f14dca04000] with protection modes 0
Event: 45.923 Thread 0x00007f157b113b20 Thread added: 0x00007f157b113b20
Event: 45.923 Protecting memory [0x00007f14dc900000,0x00007f14dc904000] with protection modes 0
Event: 45.923 Thread 0x00007f157b1148e0 Thread added: 0x00007f157b1148e0
Event: 45.923 Thread 0x00007f157b115840 Thread added: 0x00007f157b115840
Event: 45.923 Protecting memory [0x00007f14dc700000,0x00007f14dc704000] with protection modes 0
Event: 45.924 Protecting memory [0x00007f14dc800000,0x00007f14dc804000] with protection modes 0
Event: 46.172 loading class java/util/zip/ZipInputStream
Event: 46.173 loading class java/util/zip/ZipInputStream done


Dynamic libraries:
80000000-b6100000 rw-p 00000000 00:00 0 
b6100000-100000000 ---p 00000000 00:00 0 
100000000-100010000 rw-p 00000000 00:00 0 
100010000-100030000 rw-p 00000000 00:00 0 
100030000-1000b0000 rw-p 00000000 00:00 0 
1000b0000-100130000 rw-p 00000000 00:00 0 
100130000-1001b0000 rw-p 00000000 00:00 0 
1001b0000-1001f0000 rw-p 00000000 00:00 0 
1001f0000-100270000 rw-p 00000000 00:00 0 
100270000-1005b0000 rw-p 00000000 00:00 0 
1005b0000-1005f0000 rw-p 00000000 00:00 0 
1005f0000-101050000 rw-p 00000000 00:00 0 
101050000-101070000 rw-p 00000000 00:00 0 
101070000-101130000 rw-p 00000000 00:00 0 
101130000-101630000 rw-p 00000000 00:00 0 
101630000-101660000 rw-p 00000000 00:00 0 
101660000-101680000 ---p 00000000 00:00 0 
101680000-1016f0000 rw-p 00000000 00:00 0 
1016f0000-140000000 ---p 00000000 00:00 0 
55f641d86000-55f641d87000 r--p 00000000 00:2e 41531                      /opt/android-studio/jbr/bin/java
55f641d87000-55f641d88000 r-xp 00000000 00:2e 41531                      /opt/android-studio/jbr/bin/java
55f641d88000-55f641d8a000 r--p 00000000 00:2e 41531                      /opt/android-studio/jbr/bin/java
55f641d8a000-55f641d8b000 rw-p 00001000 00:2e 41531                      /opt/android-studio/jbr/bin/java
55f643bd6000-55f643d55000 rw-p 00000000 00:00 0                          [heap]
7f14dc463000-7f14dc700000 rw-p 00000000 00:00 0 
7f14dc700000-7f14dc704000 ---p 00000000 00:00 0 
7f14dc704000-7f14dc800000 rw-p 00000000 00:00 0 
7f14dc800000-7f14dc804000 ---p 00000000 00:00 0 
7f14dc804000-7f14dc900000 rw-p 00000000 00:00 0 
7f14dc900000-7f14dc904000 ---p 00000000 00:00 0 
7f14dc904000-7f14dca00000 rw-p 00000000 00:00 0 
7f14dca00000-7f14dca04000 ---p 00000000 00:00 0 
7f14dca04000-7f14dcb00000 rw-p 00000000 00:00 0 
7f14dcb00000-7f14dcb04000 ---p 00000000 00:00 0 
7f14dcb04000-7f14dcc00000 rw-p 00000000 00:00 0 
7f14dcc00000-7f14dcc04000 ---p 00000000 00:00 0 
7f14dcc04000-7f14dcd00000 rw-p 00000000 00:00 0 
7f14dcd00000-7f14dcd04000 ---p 00000000 00:00 0 
7f14dcd04000-7f14dce00000 rw-p 00000000 00:00 0 
7f14dce00000-7f14dce04000 ---p 00000000 00:00 0 
7f14dce04000-7f14dcf00000 rw-p 00000000 00:00 0 
7f14dcf00000-7f14dcf04000 ---p 00000000 00:00 0 
7f14dcf04000-7f14dd000000 rw-p 00000000 00:00 0 
7f14dd000000-7f14dd004000 ---p 00000000 00:00 0 
7f14dd004000-7f14dd100000 rw-p 00000000 00:00 0 
7f14dd100000-7f14dd104000 ---p 00000000 00:00 0 
7f14dd104000-7f14dd200000 rw-p 00000000 00:00 0 
7f14dd200000-7f14dd204000 ---p 00000000 00:00 0 
7f14dd204000-7f14dd300000 rw-p 00000000 00:00 0 
7f14dd300000-7f14dd304000 ---p 00000000 00:00 0 
7f14dd304000-7f14dd400000 rw-p 00000000 00:00 0 
7f14dd400000-7f14dd404000 ---p 00000000 00:00 0 
7f14dd404000-7f14dd500000 rw-p 00000000 00:00 0 
7f14dd500000-7f14dd504000 ---p 00000000 00:00 0 
7f14dd504000-7f14dd600000 rw-p 00000000 00:00 0 
7f14dd600000-7f14dd604000 ---p 00000000 00:00 0 
7f14dd604000-7f14dd700000 rw-p 00000000 00:00 0 
7f14dd700000-7f14dd704000 ---p 00000000 00:00 0 
7f14dd704000-7f14dd800000 rw-p 00000000 00:00 0 
7f14dd800000-7f14dd804000 ---p 00000000 00:00 0 
7f14dd804000-7f14dd900000 rw-p 00000000 00:00 0 
7f14dd900000-7f14dd904000 ---p 00000000 00:00 0 
7f14dd904000-7f14dda00000 rw-p 00000000 00:00 0 
7f14dda00000-7f14dda04000 ---p 00000000 00:00 0 
7f14dda04000-7f14ddb00000 rw-p 00000000 00:00 0 
7f14ddb00000-7f14ddb04000 ---p 00000000 00:00 0 
7f14ddb04000-7f14ddc00000 rw-p 00000000 00:00 0 
7f14ddc00000-7f14ddc04000 ---p 00000000 00:00 0 
7f14ddc04000-7f14ddd00000 rw-p 00000000 00:00 0 
7f14ddd00000-7f14ddd04000 ---p 00000000 00:00 0 
7f14ddd04000-7f14dde00000 rw-p 00000000 00:00 0 
7f14dde00000-7f14dde04000 ---p 00000000 00:00 0 
7f14dde04000-7f14ddf00000 rw-p 00000000 00:00 0 
7f14ddf00000-7f14ddf04000 ---p 00000000 00:00 0 
7f14ddf04000-7f14de000000 rw-p 00000000 00:00 0 
7f14de000000-7f14de004000 ---p 00000000 00:00 0 
7f14de004000-7f14de100000 rw-p 00000000 00:00 0 
7f14de100000-7f14de104000 ---p 00000000 00:00 0 
7f14de104000-7f14de200000 rw-p 00000000 00:00 0 
7f14de200000-7f14de204000 ---p 00000000 00:00 0 
7f14de204000-7f14de300000 rw-p 00000000 00:00 0 
7f14de300000-7f14de304000 ---p 00000000 00:00 0 
7f14de304000-7f14de400000 rw-p 00000000 00:00 0 
7f14de400000-7f14de404000 ---p 00000000 00:00 0 
7f14de404000-7f14de500000 rw-p 00000000 00:00 0 
7f14de500000-7f14de504000 ---p 00000000 00:00 0 
7f14de504000-7f14de600000 rw-p 00000000 00:00 0 
7f14de600000-7f14de604000 ---p 00000000 00:00 0 
7f14de604000-7f14de700000 rw-p 00000000 00:00 0 
7f14de700000-7f14de704000 ---p 00000000 00:00 0 
7f14de704000-7f14de800000 rw-p 00000000 00:00 0 
7f14de800000-7f14de804000 ---p 00000000 00:00 0 
7f14de804000-7f14de900000 rw-p 00000000 00:00 0 
7f14de900000-7f14de904000 ---p 00000000 00:00 0 
7f14de904000-7f14dea00000 rw-p 00000000 00:00 0 
7f14dea00000-7f14dea04000 ---p 00000000 00:00 0 
7f14dea04000-7f14deb00000 rw-p 00000000 00:00 0 
7f14deb00000-7f14deb04000 ---p 00000000 00:00 0 
7f14deb04000-7f14dec00000 rw-p 00000000 00:00 0 
7f14dec00000-7f14dec04000 ---p 00000000 00:00 0 
7f14dec04000-7f14ded00000 rw-p 00000000 00:00 0 
7f14ded00000-7f14ded04000 ---p 00000000 00:00 0 
7f14ded04000-7f14dee00000 rw-p 00000000 00:00 0 
7f14dee00000-7f14dee04000 ---p 00000000 00:00 0 
7f14dee04000-7f14def00000 rw-p 00000000 00:00 0 
7f14def00000-7f14def04000 ---p 00000000 00:00 0 
7f14def04000-7f14df190000 rw-p 00000000 00:00 0 
7f14df190000-7f14dfdf0000 rw-p 00000000 00:00 0 
7f14dfdf0000-7f14dffd0000 rw-p 00000000 00:00 0 
7f14dffd0000-7f14e01b0000 rw-p 00000000 00:00 0 
7f14e01b0000-7f14e01f0000 rw-p 00000000 00:00 0 
7f14e01f0000-7f14e0200000 ---p 00000000 00:00 0 
7f14e0200000-7f14e0390000 rw-p 00000000 00:00 0 
7f14e0390000-7f14e3000000 ---p 00000000 00:00 0 
7f14e3000000-7f14e3004000 ---p 00000000 00:00 0 
7f14e3004000-7f14e3100000 rw-p 00000000 00:00 0 
7f14e3100000-7f14e3104000 ---p 00000000 00:00 0 
7f14e3104000-7f14e3200000 rw-p 00000000 00:00 0 
7f14e3200000-7f14e3204000 ---p 00000000 00:00 0 
7f14e3204000-7f14e3300000 rw-p 00000000 00:00 0 
7f14e3300000-7f14e3304000 ---p 00000000 00:00 0 
7f14e3304000-7f14e3400000 rw-p 00000000 00:00 0 
7f14e3400000-7f14e3404000 ---p 00000000 00:00 0 
7f14e3404000-7f14e3500000 rw-p 00000000 00:00 0 
7f14e3500000-7f14e3504000 ---p 00000000 00:00 0 
7f14e3504000-7f14e3600000 rw-p 00000000 00:00 0 
7f14e3600000-7f14e3604000 ---p 00000000 00:00 0 
7f14e3604000-7f14e3700000 rw-p 00000000 00:00 0 
7f14e3700000-7f14e3704000 ---p 00000000 00:00 0 
7f14e3704000-7f14e3800000 rw-p 00000000 00:00 0 
7f14e3800000-7f14e3804000 ---p 00000000 00:00 0 
7f14e3804000-7f14e3900000 rw-p 00000000 00:00 0 
7f14e3900000-7f14e3904000 ---p 00000000 00:00 0 
7f14e3904000-7f14e3a00000 rw-p 00000000 00:00 0 
7f14e3a00000-7f14e6eeb000 r--s 00000000 00:2e 41940                      /opt/android-studio/jbr/lib/modules
7f14e6f00000-7f14e6f04000 ---p 00000000 00:00 0 
7f14e6f04000-7f14e9d70000 rw-p 00000000 00:00 0 
7f14e9d70000-7f14e9df0000 rw-p 00000000 00:00 0 
7f14e9df0000-7f14e9ef0000 rw-p 00000000 00:00 0 
7f14e9ef0000-7f14e9ff0000 rw-p 00000000 00:00 0 
7f14e9ff0000-7f14ea370000 rw-p 00000000 00:00 0 
7f14ea370000-7f14ea4f0000 rw-p 00000000 00:00 0 
7f14ea4f0000-7f14eb000000 rw-p 00000000 00:00 0 
7f14eb0fb000-7f14eb0ff000 ---p 00000000 00:00 0 
7f14eb0ff000-7f14eb1fb000 rw-p 00000000 00:00 0 
7f14eb1fb000-7f14eb1ff000 ---p 00000000 00:00 0 
7f14eb1ff000-7f14eb2fb000 rw-p 00000000 00:00 0 
7f14eb2fb000-7f14eb2fc000 ---p 00000000 00:00 0 
7f14eb2fc000-7f14eb3fc000 rw-p 00000000 00:00 0 
7f14eb3fc000-7f14eb3fd000 ---p 00000000 00:00 0 
7f14eb3fd000-7f14eb4fd000 rw-p 00000000 00:00 0 
7f14eb4fd000-7f14eb4fe000 ---p 00000000 00:00 0 
7f14eb4fe000-7f14eb5fe000 rw-p 00000000 00:00 0 
7f14eb5fe000-7f14eb5ff000 ---p 00000000 00:00 0 
7f14eb5ff000-7f14eb6ff000 rw-p 00000000 00:00 0 
7f14eb6ff000-7f14eb700000 ---p 00000000 00:00 0 
7f14eb700000-7f14eb800000 rw-p 00000000 00:00 0 
7f14eb800000-7f14eb804000 ---p 00000000 00:00 0 
7f14eb804000-7f14eb900000 rw-p 00000000 00:00 0 
7f14eb900000-7f14eb904000 ---p 00000000 00:00 0 
7f14eb904000-7f14eba00000 rw-p 00000000 00:00 0 
7f14eba00000-7f14eba04000 ---p 00000000 00:00 0 
7f14eba04000-7f14ebb00000 rw-p 00000000 00:00 0 
7f14ebb00000-7f14ebb04000 ---p 00000000 00:00 0 
7f14ebb04000-7f14ebc00000 rw-p 00000000 00:00 0 
7f14ebc00000-7f14ebc04000 ---p 00000000 00:00 0 
7f14ebc04000-7f14ebd00000 rw-p 00000000 00:00 0 
7f14ebd00000-7f14ebd04000 ---p 00000000 00:00 0 
7f14ebd04000-7f14ebe00000 rw-p 00000000 00:00 0 
7f14ebe00000-7f14ebe04000 ---p 00000000 00:00 0 
7f14ebe04000-7f14ebf00000 rw-p 00000000 00:00 0 
7f14ebf00000-7f14ebf04000 ---p 00000000 00:00 0 
7f14ebf04000-7f14ec000000 rw-p 00000000 00:00 0 
7f14ec000000-7f14ec139000 rw-p 00000000 00:00 0 
7f14ec139000-7f14f0000000 ---p 00000000 00:00 0 
7f14f0000000-7f14f0065000 rw-p 00000000 00:00 0 
7f14f0065000-7f14f4000000 ---p 00000000 00:00 0 
7f14f4000000-7f14f4022000 rw-p 00000000 00:00 0 
7f14f4022000-7f14f8000000 ---p 00000000 00:00 0 
7f14f8000000-7f14f8ca9000 rw-p 00000000 00:00 0 
7f14f8ca9000-7f14fc000000 ---p 00000000 00:00 0 
7f14fc000000-7f14fc02d000 rw-p 00000000 00:00 0 
7f14fc02d000-7f1500000000 ---p 00000000 00:00 0 
7f1500000000-7f1500025000 rw-p 00000000 00:00 0 
7f1500025000-7f1504000000 ---p 00000000 00:00 0 
7f1504000000-7f1504054000 rw-p 00000000 00:00 0 
7f1504054000-7f1508000000 ---p 00000000 00:00 0 
7f1508000000-7f1508032000 rw-p 00000000 00:00 0 
7f1508032000-7f150c000000 ---p 00000000 00:00 0 
7f150c000000-7f150c04f000 rw-p 00000000 00:00 0 
7f150c04f000-7f1510000000 ---p 00000000 00:00 0 
7f1510000000-7f151004f000 rw-p 00000000 00:00 0 
7f151004f000-7f1514000000 ---p 00000000 00:00 0 
7f1514000000-7f151484f000 rw-p 00000000 00:00 0 
7f151484f000-7f1518000000 ---p 00000000 00:00 0 
7f1518000000-7f151802b000 rw-p 00000000 00:00 0 
7f151802b000-7f151c000000 ---p 00000000 00:00 0 
7f151c000000-7f151c021000 rw-p 00000000 00:00 0 
7f151c021000-7f1520000000 ---p 00000000 00:00 0 
7f1520000000-7f1520c86000 rw-p 00000000 00:00 0 
7f1520c86000-7f1524000000 ---p 00000000 00:00 0 
7f1524000000-7f1524021000 rw-p 00000000 00:00 0 
7f1524021000-7f1528000000 ---p 00000000 00:00 0 
7f1528000000-7f1528021000 rw-p 00000000 00:00 0 
7f1528021000-7f152c000000 ---p 00000000 00:00 0 
7f152c000000-7f152c08d000 rw-p 00000000 00:00 0 
7f152c08d000-7f1530000000 ---p 00000000 00:00 0 
7f1530000000-7f1530021000 rw-p 00000000 00:00 0 
7f1530021000-7f1534000000 ---p 00000000 00:00 0 
7f1534000000-7f1534501000 rw-p 00000000 00:00 0 
7f1534501000-7f1538000000 ---p 00000000 00:00 0 
7f1538000000-7f153853c000 rw-p 00000000 00:00 0 
7f153853c000-7f153c000000 ---p 00000000 00:00 0 
7f153c000000-7f153caae000 rw-p 00000000 00:00 0 
7f153caae000-7f1540000000 ---p 00000000 00:00 0 
7f1540000000-7f1540044000 rw-p 00000000 00:00 0 
7f1540044000-7f1544000000 ---p 00000000 00:00 0 
7f1544000000-7f15441f2000 rw-p 00000000 00:00 0 
7f15441f2000-7f1548000000 ---p 00000000 00:00 0 
7f1548000000-7f1548025000 rw-p 00000000 00:00 0 
7f1548025000-7f154c000000 ---p 00000000 00:00 0 
7f154c000000-7f154c021000 rw-p 00000000 00:00 0 
7f154c021000-7f1550000000 ---p 00000000 00:00 0 
7f1550000000-7f1551c21000 rw-p 00000000 00:00 0 
7f1551c21000-7f1554000000 ---p 00000000 00:00 0 
7f1554000000-7f155404f000 rw-p 00000000 00:00 0 
7f155404f000-7f1558000000 ---p 00000000 00:00 0 
7f1558000000-7f1558037000 rw-p 00000000 00:00 0 
7f1558037000-7f155c000000 ---p 00000000 00:00 0 
7f155c000000-7f155c021000 rw-p 00000000 00:00 0 
7f155c021000-7f1560000000 ---p 00000000 00:00 0 
7f1560000000-7f1560021000 rw-p 00000000 00:00 0 
7f1560021000-7f1564000000 ---p 00000000 00:00 0 
7f1564000000-7f1564021000 rw-p 00000000 00:00 0 
7f1564021000-7f1568000000 ---p 00000000 00:00 0 
7f1568000000-7f156805e000 rw-p 00000000 00:00 0 
7f156805e000-7f156c000000 ---p 00000000 00:00 0 
7f156c000000-7f156c021000 rw-p 00000000 00:00 0 
7f156c021000-7f1570000000 ---p 00000000 00:00 0 
7f1570000000-7f1570021000 rw-p 00000000 00:00 0 
7f1570021000-7f1574000000 ---p 00000000 00:00 0 
7f1574000000-7f157473d000 rw-p 00000000 00:00 0 
7f157473d000-7f1578000000 ---p 00000000 00:00 0 
7f1578000000-7f157bfce000 rw-p 00000000 00:00 0 
7f157bfce000-7f157c000000 ---p 00000000 00:00 0 
7f157c000000-7f157c021000 rw-p 00000000 00:00 0 
7f157c021000-7f1580000000 ---p 00000000 00:00 0 
7f1580000000-7f1580095000 rw-p 00000000 00:00 0 
7f1580095000-7f1584000000 ---p 00000000 00:00 0 
7f1584000000-7f15840da000 rw-p 00000000 00:00 0 
7f15840da000-7f1588000000 ---p 00000000 00:00 0 
7f1588000000-7f1588106000 rw-p 00000000 00:00 0 
7f1588106000-7f158c000000 ---p 00000000 00:00 0 
7f158c000000-7f158c9c9000 rw-p 00000000 00:00 0 
7f158c9c9000-7f1590000000 ---p 00000000 00:00 0 
7f1590000000-7f15900e5000 rw-p 00000000 00:00 0 
7f15900e5000-7f1594000000 ---p 00000000 00:00 0 
7f1594000000-7f1594b50000 rw-p 00000000 00:00 0 
7f1594b50000-7f1598000000 ---p 00000000 00:00 0 
7f1598000000-7f1598335000 rw-p 00000000 00:00 0 
7f1598335000-7f159c000000 ---p 00000000 00:00 0 
7f159c000000-7f159c2d5000 rw-p 00000000 00:00 0 
7f159c2d5000-7f15a0000000 ---p 00000000 00:00 0 
7f15a0000000-7f15a0ccb000 rw-p 00000000 00:00 0 
7f15a0ccb000-7f15a4000000 ---p 00000000 00:00 0 
7f15a4000000-7f15a405d000 rw-p 00000000 00:00 0 
7f15a405d000-7f15a8000000 ---p 00000000 00:00 0 
7f15a8000000-7f15a8021000 rw-p 00000000 00:00 0 
7f15a8021000-7f15ac000000 ---p 00000000 00:00 0 
7f15ac000000-7f15acb02000 rw-p 00000000 00:00 0 
7f15acb02000-7f15b0000000 ---p 00000000 00:00 0 
7f15b0000000-7f15b02db000 rw-p 00000000 00:00 0 
7f15b02db000-7f15b4000000 ---p 00000000 00:00 0 
7f15b4000000-7f15b405b000 rw-p 00000000 00:00 0 
7f15b405b000-7f15b8000000 ---p 00000000 00:00 0 
7f15b8000000-7f15b959f000 rw-p 00000000 00:00 0 
7f15b959f000-7f15bc000000 ---p 00000000 00:00 0 
7f15bc000000-7f15bc053000 rw-p 00000000 00:00 0 
7f15bc053000-7f15c0000000 ---p 00000000 00:00 0 
7f15c0000000-7f15c004f000 rw-p 00000000 00:00 0 
7f15c004f000-7f15c4000000 ---p 00000000 00:00 0 
7f15c4000000-7f15c43c9000 rw-p 00000000 00:00 0 
7f15c43c9000-7f15c8000000 ---p 00000000 00:00 0 
7f15c8000000-7f15c8452000 rw-p 00000000 00:00 0 
7f15c8452000-7f15cc000000 ---p 00000000 00:00 0 
7f15cc000000-7f15cc1d7000 rw-p 00000000 00:00 0 
7f15cc1d7000-7f15d0000000 ---p 00000000 00:00 0 
7f15d0000000-7f15d0021000 rw-p 00000000 00:00 0 
7f15d0021000-7f15d4000000 ---p 00000000 00:00 0 
7f15d4000000-7f15d44f0000 rw-p 00000000 00:00 0 
7f15d44f0000-7f15d4530000 rw-p 00000000 00:00 0 
7f15d4530000-7f15d4570000 rw-p 00000000 00:00 0 
7f15d4570000-7f15d46f0000 rw-p 00000000 00:00 0 
7f15d46f0000-7f15d4770000 rw-p 00000000 00:00 0 
7f15d4770000-7f15d47f0000 rw-p 00000000 00:00 0 
7f15d47f0000-7f15d48f0000 rw-p 00000000 00:00 0 
7f15d48f0000-7f15d49f0000 rw-p 00000000 00:00 0 
7f15d49f0000-7f15d4af0000 rw-p 00000000 00:00 0 
7f15d4af0000-7f15d4cb0000 rw-p 00000000 00:00 0 
7f15d4cb0000-7f15d4cf0000 rw-p 00000000 00:00 0 
7f15d4cf0000-7f15d4ef0000 rw-p 00000000 00:00 0 
7f15d4ef0000-7f15d4f70000 rw-p 00000000 00:00 0 
7f15d4f70000-7f15d4ff0000 rw-p 00000000 00:00 0 
7f15d4ff0000-7f15d50f0000 rw-p 00000000 00:00 0 
7f15d50f0000-7f15d51f0000 rw-p 00000000 00:00 0 
7f15d51f0000-7f15d5bb0000 rw-p 00000000 00:00 0 
7f15d5bb0000-7f15d5bf0000 rw-p 00000000 00:00 0 
7f15d5bf0000-7f15d5f70000 rw-p 00000000 00:00 0 
7f15d5f70000-7f15d5ff0000 rw-p 00000000 00:00 0 
7f15d5ff0000-7f15d6170000 rw-p 00000000 00:00 0 
7f15d6170000-7f15d61f0000 rw-p 00000000 00:00 0 
7f15d61f0000-7f15d62f0000 rw-p 00000000 00:00 0 
7f15d62f0000-7f15d64f0000 rw-p 00000000 00:00 0 
7f15d64f0000-7f15d65f0000 rw-p 00000000 00:00 0 
7f15d65f0000-7f15d70f0000 rw-p 00000000 00:00 0 
7f15d70f0000-7f15d71f0000 rw-p 00000000 00:00 0 
7f15d71f0000-7f15d8000000 rw-p 00000000 00:00 0 
7f15d8000000-7f15d8026000 rw-p 00000000 00:00 0 
7f15d8026000-7f15dc000000 ---p 00000000 00:00 0 
7f15dc0e1000-7f15dc0e5000 ---p 00000000 00:00 0 
7f15dc0e5000-7f15dc1e1000 rw-p 00000000 00:00 0 
7f15dc1e1000-7f15dc1e5000 ---p 00000000 00:00 0 
7f15dc1e5000-7f15dc2e1000 rw-p 00000000 00:00 0 
7f15dc2e1000-7f15dc2e5000 ---p 00000000 00:00 0 
7f15dc2e5000-7f15dc3e1000 rw-p 00000000 00:00 0 
7f15dc3e1000-7f15dc3e5000 ---p 00000000 00:00 0 
7f15dc3e5000-7f15dc4e1000 rw-p 00000000 00:00 0 
7f15dc4e1000-7f15dc4e5000 ---p 00000000 00:00 0 
7f15dc4e5000-7f15dc5e1000 rw-p 00000000 00:00 0 
7f15dc5e1000-7f15dc5e5000 ---p 00000000 00:00 0 
7f15dc5e5000-7f15dc6e1000 rw-p 00000000 00:00 0 
7f15dc6e1000-7f15dc6e5000 ---p 00000000 00:00 0 
7f15dc6e5000-7f15dc7e1000 rw-p 00000000 00:00 0 
7f15dc7e1000-7f15dc7e5000 ---p 00000000 00:00 0 
7f15dc7e5000-7f15dc8e1000 rw-p 00000000 00:00 0 
7f15dc8e1000-7f15dc8e5000 ---p 00000000 00:00 0 
7f15dc8e5000-7f15dc9e1000 rw-p 00000000 00:00 0 
7f15dc9e1000-7f15dc9e5000 ---p 00000000 00:00 0 
7f15dc9e5000-7f15dcae1000 rw-p 00000000 00:00 0 
7f15dcae1000-7f15dcae5000 ---p 00000000 00:00 0 
7f15dcae5000-7f15dcbe1000 rw-p 00000000 00:00 0 
7f15dcbe1000-7f15dcbe5000 ---p 00000000 00:00 0 
7f15dcbe5000-7f15dcce1000 rw-p 00000000 00:00 0 
7f15dcce1000-7f15dcce5000 ---p 00000000 00:00 0 
7f15dcce5000-7f15dcde1000 rw-p 00000000 00:00 0 
7f15dcde1000-7f15dcde5000 ---p 00000000 00:00 0 
7f15dcde5000-7f15dcee1000 rw-p 00000000 00:00 0 
7f15dcee1000-7f15dcee5000 ---p 00000000 00:00 0 
7f15dcee5000-7f15dcfe1000 rw-p 00000000 00:00 0 
7f15dcfe1000-7f15dcfe5000 ---p 00000000 00:00 0 
7f15dcfe5000-7f15dd0e1000 rw-p 00000000 00:00 0 
7f15dd0e1000-7f15dd0e5000 ---p 00000000 00:00 0 
7f15dd0e5000-7f15dd1e1000 rw-p 00000000 00:00 0 
7f15dd1e1000-7f15dd1e5000 ---p 00000000 00:00 0 
7f15dd1e5000-7f15dd2e1000 rw-p 00000000 00:00 0 
7f15dd2e1000-7f15dd2e5000 ---p 00000000 00:00 0 
7f15dd2e5000-7f15dd3e1000 rw-p 00000000 00:00 0 
7f15dd3e1000-7f15dd3e5000 ---p 00000000 00:00 0 
7f15dd3e5000-7f15dd4e1000 rw-p 00000000 00:00 0 
7f15dd4e1000-7f15dd4e5000 ---p 00000000 00:00 0 
7f15dd4e5000-7f15dd5e1000 rw-p 00000000 00:00 0 
7f15dd5fe000-7f15dd602000 ---p 00000000 00:00 0 
7f15dd602000-7f15dd6fe000 rw-p 00000000 00:00 0 
7f15dd6fe000-7f15dd702000 ---p 00000000 00:00 0 
7f15dd702000-7f15dd7fe000 rw-p 00000000 00:00 0 
7f15dd7fe000-7f15dd802000 ---p 00000000 00:00 0 
7f15dd802000-7f15dd8fe000 rw-p 00000000 00:00 0 
7f15dd8fe000-7f15dd902000 ---p 00000000 00:00 0 
7f15dd902000-7f15dd9fe000 rw-p 00000000 00:00 0 
7f15dd9fe000-7f15dda02000 ---p 00000000 00:00 0 
7f15dda02000-7f15ddafe000 rw-p 00000000 00:00 0 
7f15ddafe000-7f15ddb02000 ---p 00000000 00:00 0 
7f15ddb02000-7f15ddbfe000 rw-p 00000000 00:00 0 
7f15ddbfe000-7f15ddc02000 ---p 00000000 00:00 0 
7f15ddc02000-7f15ddcfe000 rw-p 00000000 00:00 0 
7f15ddcfe000-7f15ddd02000 ---p 00000000 00:00 0 
7f15ddd02000-7f15dddfe000 rw-p 00000000 00:00 0 
7f15dddfe000-7f15dddff000 ---p 00000000 00:00 0 
7f15dddff000-7f15ddeff000 rw-p 00000000 00:00 0 
7f15ddeff000-7f15ddf00000 ---p 00000000 00:00 0 
7f15ddf00000-7f15e0000000 rw-p 00000000 00:00 0 
7f15e0000000-7f15e0021000 rw-p 00000000 00:00 0 
7f15e0021000-7f15e4000000 ---p 00000000 00:00 0 
7f15e4000000-7f15e4063000 rw-p 00000000 00:00 0 
7f15e4063000-7f15e8000000 ---p 00000000 00:00 0 
7f15e8000000-7f15e8033000 rw-p 00000000 00:00 0 
7f15e8033000-7f15ec000000 ---p 00000000 00:00 0 
7f15ec0fd000-7f15ec0fe000 ---p 00000000 00:00 0 
7f15ec0fe000-7f15ec1fe000 rw-p 00000000 00:00 0 
7f15ec1fe000-7f15ec1ff000 ---p 00000000 00:00 0 
7f15ec1ff000-7f15ec2ff000 rw-p 00000000 00:00 0 
7f15ec2ff000-7f15ec303000 ---p 00000000 00:00 0 
7f15ec303000-7f15ec3ff000 rw-p 00000000 00:00 0 
7f15ec3ff000-7f15ec403000 ---p 00000000 00:00 0 
7f15ec403000-7f15ec4ff000 rw-p 00000000 00:00 0 
7f15ec4ff000-7f15ec503000 ---p 00000000 00:00 0 
7f15ec503000-7f15ec5ff000 rw-p 00000000 00:00 0 
7f15ec5ff000-7f15ec603000 ---p 00000000 00:00 0 
7f15ec603000-7f15ec6ff000 rw-p 00000000 00:00 0 
7f15ec6ff000-7f15ec703000 ---p 00000000 00:00 0 
7f15ec703000-7f15ec7ff000 rw-p 00000000 00:00 0 
7f15ec7ff000-7f15ec803000 ---p 00000000 00:00 0 
7f15ec803000-7f15ec8ff000 rw-p 00000000 00:00 0 
7f15ec8ff000-7f15ec903000 ---p 00000000 00:00 0 
7f15ec903000-7f15ec9ff000 rw-p 00000000 00:00 0 
7f15ec9ff000-7f15eca03000 ---p 00000000 00:00 0 
7f15eca03000-7f15ecaff000 rw-p 00000000 00:00 0 
7f15ecaff000-7f15ecb00000 ---p 00000000 00:00 0 
7f15ecb00000-7f15ecc00000 rw-p 00000000 00:00 0 
7f15ecc00000-7f15ecc99000 r--p 00000000 00:2e 5053                       /usr/lib/x86_64-linux-gnu/libstdc++.so.6.0.30
7f15ecc99000-7f15ecd9a000 r-xp 00099000 00:2e 5053                       /usr/lib/x86_64-linux-gnu/libstdc++.so.6.0.30
7f15ecd9a000-7f15ece09000 r--p 0019a000 00:2e 5053                       /usr/lib/x86_64-linux-gnu/libstdc++.so.6.0.30
7f15ece09000-7f15ece14000 r--p 00209000 00:2e 5053                       /usr/lib/x86_64-linux-gnu/libstdc++.so.6.0.30
7f15ece14000-7f15ece17000 rw-p 00214000 00:2e 5053                       /usr/lib/x86_64-linux-gnu/libstdc++.so.6.0.30
7f15ece17000-7f15ece1a000 rw-p 00000000 00:00 0 
7f15eceff000-7f15ecf00000 ---p 00000000 00:00 0 
7f15ecf00000-7f15ed000000 rw-p 00000000 00:00 0 
7f15ed000000-7f15ed053000 r-xp 00000000 00:2e 79784                      /home/leerixon54/.gradle/native/38dada09dfb8b06ba9b0570ebf7e218e3eb74d4ef43ca46872605cf95ebc2f47/linux-amd64/libnative-platform-file-events.so
7f15ed053000-7f15ed252000 ---p 00053000 00:2e 79784                      /home/leerixon54/.gradle/native/38dada09dfb8b06ba9b0570ebf7e218e3eb74d4ef43ca46872605cf95ebc2f47/linux-amd64/libnative-platform-file-events.so
7f15ed252000-7f15ed253000 r--p 00052000 00:2e 79784                      /home/leerixon54/.gradle/native/38dada09dfb8b06ba9b0570ebf7e218e3eb74d4ef43ca46872605cf95ebc2f47/linux-amd64/libnative-platform-file-events.so
7f15ed253000-7f15ed255000 rw-p 00053000 00:2e 79784                      /home/leerixon54/.gradle/native/38dada09dfb8b06ba9b0570ebf7e218e3eb74d4ef43ca46872605cf95ebc2f47/linux-amd64/libnative-platform-file-events.so
7f15ed2ff000-7f15ed300000 ---p 00000000 00:00 0 
7f15ed300000-7f15ed400000 rw-p 00000000 00:00 0 
7f15ed400000-7f15ed405000 r-xp 00000000 00:2e 79768                      /home/leerixon54/.gradle/native/c067742578af261105cb4f569cf0c3c89f3d7b1fecec35dd04571415982c5e48/linux-amd64/libnative-platform.so
7f15ed405000-7f15ed605000 ---p 00005000 00:2e 79768                      /home/leerixon54/.gradle/native/c067742578af261105cb4f569cf0c3c89f3d7b1fecec35dd04571415982c5e48/linux-amd64/libnative-platform.so
7f15ed605000-7f15ed606000 r--p 00005000 00:2e 79768                      /home/leerixon54/.gradle/native/c067742578af261105cb4f569cf0c3c89f3d7b1fecec35dd04571415982c5e48/linux-amd64/libnative-platform.so
7f15ed606000-7f15ed607000 rw-p 00006000 00:2e 79768                      /home/leerixon54/.gradle/native/c067742578af261105cb4f569cf0c3c89f3d7b1fecec35dd04571415982c5e48/linux-amd64/libnative-platform.so
7f15ed6df000-7f15ed6e0000 ---p 00000000 00:00 0 
7f15ed6e0000-7f15ed7e0000 rw-p 00000000 00:00 0 
7f15ed7e0000-7f15ed7e3000 r--p 00000000 00:2e 4782                       /usr/lib/x86_64-linux-gnu/libgcc_s.so.1
7f15ed7e3000-7f15ed7fa000 r-xp 00003000 00:2e 4782                       /usr/lib/x86_64-linux-gnu/libgcc_s.so.1
7f15ed7fa000-7f15ed7fe000 r--p 0001a000 00:2e 4782                       /usr/lib/x86_64-linux-gnu/libgcc_s.so.1
7f15ed7fe000-7f15ed7ff000 r--p 0001d000 00:2e 4782                       /usr/lib/x86_64-linux-gnu/libgcc_s.so.1
7f15ed7ff000-7f15ed800000 rw-p 0001e000 00:2e 4782                       /usr/lib/x86_64-linux-gnu/libgcc_s.so.1
7f15ed800000-7f15ed804000 ---p 00000000 00:00 0 
7f15ed804000-7f15ed900000 rw-p 00000000 00:00 0 
7f15ed900000-7f15ed904000 ---p 00000000 00:00 0 
7f15ed904000-7f15ee784000 rw-p 00000000 00:00 0 
7f15ee784000-7f15efa00000 ---p 00000000 00:00 0 
7f15efa00000-7f15efc40000 rw-p 00000000 00:00 0 
7f15efc40000-7f15efd5c000 rw-p 00000000 00:00 0 
7f15efd5c000-7f15f0784000 rw-p 00000000 00:00 0 
7f15f0784000-7f15f1a00000 ---p 00000000 00:00 0 
7f15f1a00000-7f15f3300000 rwxp 00000000 00:00 0 
7f15f3300000-7f15f8f37000 ---p 00000000 00:00 0 
7f15f8f37000-7f15f91f7000 rwxp 00000000 00:00 0 
7f15f91f7000-7f15f94c9000 ---p 00000000 00:00 0 
7f15f94c9000-7f15f9d39000 rwxp 00000000 00:00 0 
7f15f9d39000-7f1600a00000 ---p 00000000 00:00 0 
7f1600a00000-7f1603eeb000 r--s 00000000 00:2e 41940                      /opt/android-studio/jbr/lib/modules
7f1603eff000-7f1603f00000 ---p 00000000 00:00 0 
7f1603f00000-7f1604000000 rw-p 00000000 00:00 0 
7f1604000000-7f16055ab000 rw-p 00000000 00:00 0 
7f16055ab000-7f1608000000 ---p 00000000 00:00 0 
7f1608000000-7f1608004000 ---p 00000000 00:00 0 
7f1608004000-7f1608100000 rw-p 00000000 00:00 0 
7f1608100000-7f1608104000 ---p 00000000 00:00 0 
7f1608104000-7f1608200000 rw-p 00000000 00:00 0 
7f1608200000-7f1608204000 ---p 00000000 00:00 0 
7f1608204000-7f1608300000 rw-p 00000000 00:00 0 
7f1608300000-7f1608304000 ---p 00000000 00:00 0 
7f1608304000-7f1608400000 rw-p 00000000 00:00 0 
7f1608400000-7f1608404000 ---p 00000000 00:00 0 
7f1608404000-7f1608500000 rw-p 00000000 00:00 0 
7f1608500000-7f1608504000 ---p 00000000 00:00 0 
7f1608504000-7f1608600000 rw-p 00000000 00:00 0 
7f1608600000-7f1608604000 ---p 00000000 00:00 0 
7f1608604000-7f1608700000 rw-p 00000000 00:00 0 
7f1608700000-7f1608704000 ---p 00000000 00:00 0 
7f1608704000-7f1608800000 rw-p 00000000 00:00 0 
7f1608800000-7f1608ae9000 r--p 00000000 00:2e 47582                      /usr/lib/locale/locale-archive
7f1608aed000-7f1608af4000 r--s 00000000 00:2e 45969                      /usr/lib/x86_64-linux-gnu/gconv/gconv-modules.cache
7f1608af4000-7f1608af5000 r--p 00000000 00:2e 41911                      /opt/android-studio/jbr/lib/libextnet.so
7f1608af5000-7f1608af7000 r-xp 00000000 00:2e 41911                      /opt/android-studio/jbr/lib/libextnet.so
7f1608af7000-7f1608af8000 r--p 00001000 00:2e 41911                      /opt/android-studio/jbr/lib/libextnet.so
7f1608af8000-7f1608af9000 rw-p 00001000 00:2e 41911                      /opt/android-studio/jbr/lib/libextnet.so
7f1608af9000-7f1608afc000 r--p 00000000 00:2e 41929                      /opt/android-studio/jbr/lib/libmanagement_ext.so
7f1608afc000-7f1608aff000 r-xp 00002000 00:2e 41929                      /opt/android-studio/jbr/lib/libmanagement_ext.so
7f1608aff000-7f1608b00000 r--p 00004000 00:2e 41929                      /opt/android-studio/jbr/lib/libmanagement_ext.so
7f1608b00000-7f1608b01000 rw-p 00004000 00:2e 41929                      /opt/android-studio/jbr/lib/libmanagement_ext.so
7f1608b01000-7f1608b04000 r--p 00000000 00:2e 41927                      /opt/android-studio/jbr/lib/libmanagement.so
7f1608b04000-7f1608b06000 r-xp 00002000 00:2e 41927                      /opt/android-studio/jbr/lib/libmanagement.so
7f1608b06000-7f1608b07000 r--p 00003000 00:2e 41927                      /opt/android-studio/jbr/lib/libmanagement.so
7f1608b07000-7f1608b08000 rw-p 00003000 00:2e 41927                      /opt/android-studio/jbr/lib/libmanagement.so
7f1608b08000-7f1608b0e000 r--p 00000000 00:2e 41938                      /opt/android-studio/jbr/lib/libverify.so
7f1608b0e000-7f1608b16000 r-xp 00005000 00:2e 41938                      /opt/android-studio/jbr/lib/libverify.so
7f1608b16000-7f1608b18000 r--p 0000c000 00:2e 41938                      /opt/android-studio/jbr/lib/libverify.so
7f1608b18000-7f1608b19000 rw-p 0000d000 00:2e 41938                      /opt/android-studio/jbr/lib/libverify.so
7f1608b19000-7f1608b20000 r--p 00000000 00:2e 41931                      /opt/android-studio/jbr/lib/libnet.so
7f1608b20000-7f1608b2d000 r-xp 00006000 00:2e 41931                      /opt/android-studio/jbr/lib/libnet.so
7f1608b2d000-7f1608b2e000 r--p 00012000 00:2e 41931                      /opt/android-studio/jbr/lib/libnet.so
7f1608b2e000-7f1608b2f000 rw-p 00012000 00:2e 41931                      /opt/android-studio/jbr/lib/libnet.so
7f1608b2f000-7f1608b30000 rw-p 00000000 00:00 0 
7f1608b30000-7f1608b3b000 r--p 00000000 00:2e 41932                      /opt/android-studio/jbr/lib/libnio.so
7f1608b3b000-7f1608b43000 r-xp 0000a000 00:2e 41932                      /opt/android-studio/jbr/lib/libnio.so
7f1608b43000-7f1608b44000 r--p 00011000 00:2e 41932                      /opt/android-studio/jbr/lib/libnio.so
7f1608b44000-7f1608b45000 rw-p 00011000 00:2e 41932                      /opt/android-studio/jbr/lib/libnio.so
7f1608b45000-7f1608b49000 ---p 00000000 00:00 0 
7f1608b49000-7f1608c45000 rw-p 00000000 00:00 0 
7f1608c45000-7f1608c49000 ---p 00000000 00:00 0 
7f1608c49000-7f1608d45000 rw-p 00000000 00:00 0 
7f1608d45000-7f1608d46000 ---p 00000000 00:00 0 
7f1608d46000-7f1608e46000 rw-p 00000000 00:00 0 
7f1608e46000-7f1608e4f000 r--p 00000000 00:2e 41939                      /opt/android-studio/jbr/lib/libzip.so
7f1608e4f000-7f1608e64000 r-xp 00008000 00:2e 41939                      /opt/android-studio/jbr/lib/libzip.so
7f1608e64000-7f1608e65000 r--p 0001c000 00:2e 41939                      /opt/android-studio/jbr/lib/libzip.so
7f1608e65000-7f1608e66000 rw-p 0001c000 00:2e 41939                      /opt/android-studio/jbr/lib/libzip.so
7f1608f80000-7f160909d000 rw-p 00000000 00:00 0 
7f160909d000-7f160909e000 ---p 00000000 00:00 0 
7f160909e000-7f160919e000 rw-p 00000000 00:00 0 
7f160919e000-7f160919f000 ---p 00000000 00:00 0 
7f160919f000-7f1609aa7000 rw-p 00000000 00:00 0 
7f1609aa7000-7f1609aa8000 ---p 00000000 00:00 0 
7f1609aa8000-7f1609ba8000 rw-p 00000000 00:00 0 
7f1609ba8000-7f1609ba9000 ---p 00000000 00:00 0 
7f1609ba9000-7f1609ca9000 rw-p 00000000 00:00 0 
7f1609ca9000-7f1609caa000 ---p 00000000 00:00 0 
7f1609caa000-7f1609fe0000 rw-p 00000000 00:00 0 
7f1609fe0000-7f160a22f000 ---p 00000000 00:00 0 
7f160a22f000-7f160a3e0000 rw-p 00000000 00:00 0 
7f160a3e0000-7f160a62f000 ---p 00000000 00:00 0 
7f160a62f000-7f160a7e0000 rw-p 00000000 00:00 0 
7f160a7e0000-7f160aa2f000 ---p 00000000 00:00 0 
7f160aa2f000-7f160b248000 rw-p 00000000 00:00 0 
7f160b248000-7f160b322000 ---p 00000000 00:00 0 
7f160b322000-7f160b354000 rw-p 00000000 00:00 0 
7f160b354000-7f160b40d000 ---p 00000000 00:00 0 
7f160b40d000-7f160b413000 rw-p 00000000 00:00 0 
7f160b413000-7f160b419000 ---p 00000000 00:00 0 
7f160b419000-7f160b421000 rw-s 00000000 00:2e 283746                     /tmp/hsperfdata_leerixon54/2135
7f160b421000-7f160b425000 ---p 00000000 00:00 0 
7f160b425000-7f160b521000 rw-p 00000000 00:00 0 
7f160b521000-7f160b531000 r--p 00000000 00:2e 45707                      /usr/lib/x86_64-linux-gnu/libm.so.6
7f160b531000-7f160b5a4000 r-xp 00010000 00:2e 45707                      /usr/lib/x86_64-linux-gnu/libm.so.6
7f160b5a4000-7f160b5fe000 r--p 00083000 00:2e 45707                      /usr/lib/x86_64-linux-gnu/libm.so.6
7f160b5fe000-7f160b5ff000 r--p 000dc000 00:2e 45707                      /usr/lib/x86_64-linux-gnu/libm.so.6
7f160b5ff000-7f160b600000 rw-p 000dd000 00:2e 45707                      /usr/lib/x86_64-linux-gnu/libm.so.6
7f160b600000-7f160bb29000 r--p 00000000 00:2e 41950                      /opt/android-studio/jbr/lib/server/libjvm.so
7f160bb29000-7f160c6ea000 r-xp 00528000 00:2e 41950                      /opt/android-studio/jbr/lib/server/libjvm.so
7f160c6ea000-7f160c7ac000 r--p 010e8000 00:2e 41950                      /opt/android-studio/jbr/lib/server/libjvm.so
7f160c7ac000-7f160c7d6000 rw-p 011a9000 00:2e 41950                      /opt/android-studio/jbr/lib/server/libjvm.so
7f160c7d6000-7f160c84a000 rw-p 00000000 00:00 0 
7f160c84e000-7f160c860000 r--p 00000000 00:2e 41918                      /opt/android-studio/jbr/lib/libjava.so
7f160c860000-7f160c872000 r-xp 00011000 00:2e 41918                      /opt/android-studio/jbr/lib/libjava.so
7f160c872000-7f160c873000 r--p 00022000 00:2e 41918                      /opt/android-studio/jbr/lib/libjava.so
7f160c873000-7f160c875000 rw-p 00022000 00:2e 41918                      /opt/android-studio/jbr/lib/libjava.so
7f160c875000-7f160c879000 r--p 00000000 00:2e 41913                      /opt/android-studio/jbr/lib/libinstrument.so
7f160c879000-7f160c880000 r-xp 00003000 00:2e 41913                      /opt/android-studio/jbr/lib/libinstrument.so
7f160c880000-7f160c881000 r--p 00009000 00:2e 41913                      /opt/android-studio/jbr/lib/libinstrument.so
7f160c881000-7f160c882000 rw-p 00009000 00:2e 41913                      /opt/android-studio/jbr/lib/libinstrument.so
7f160c882000-7f160c88d000 r--p 00000000 00:2e 41922                      /opt/android-studio/jbr/lib/libjimage.so
7f160c88d000-7f160c8a1000 r-xp 0000a000 00:2e 41922                      /opt/android-studio/jbr/lib/libjimage.so
7f160c8a1000-7f160c8a3000 r--p 0001d000 00:2e 41922                      /opt/android-studio/jbr/lib/libjimage.so
7f160c8a3000-7f160c8a4000 rw-p 0001e000 00:2e 41922                      /opt/android-studio/jbr/lib/libjimage.so
7f160c8a4000-7f160c8a5000 rw-p 00000000 00:00 0 
7f160c8a5000-7f160c8a6000 r--p 00000000 00:2e 45718                      /usr/lib/x86_64-linux-gnu/librt.so.1
7f160c8a6000-7f160c8a7000 r-xp 00001000 00:2e 45718                      /usr/lib/x86_64-linux-gnu/librt.so.1
7f160c8a7000-7f160c8a8000 r--p 00002000 00:2e 45718                      /usr/lib/x86_64-linux-gnu/librt.so.1
7f160c8a8000-7f160c8a9000 r--p 00002000 00:2e 45718                      /usr/lib/x86_64-linux-gnu/librt.so.1
7f160c8a9000-7f160c8aa000 rw-p 00003000 00:2e 45718                      /usr/lib/x86_64-linux-gnu/librt.so.1
7f160c8aa000-7f160c8ac000 rw-p 00000000 00:00 0 
7f160c8ac000-7f160c8d2000 r--p 00000000 00:2e 45704                      /usr/lib/x86_64-linux-gnu/libc.so.6
7f160c8d2000-7f160ca27000 r-xp 00026000 00:2e 45704                      /usr/lib/x86_64-linux-gnu/libc.so.6
7f160ca27000-7f160ca7a000 r--p 0017b000 00:2e 45704                      /usr/lib/x86_64-linux-gnu/libc.so.6
7f160ca7a000-7f160ca7e000 r--p 001ce000 00:2e 45704                      /usr/lib/x86_64-linux-gnu/libc.so.6
7f160ca7e000-7f160ca80000 rw-p 001d2000 00:2e 45704                      /usr/lib/x86_64-linux-gnu/libc.so.6
7f160ca80000-7f160ca8d000 rw-p 00000000 00:00 0 
7f160ca8d000-7f160ca8e000 r--p 00000000 00:2e 45706                      /usr/lib/x86_64-linux-gnu/libdl.so.2
7f160ca8e000-7f160ca8f000 r-xp 00001000 00:2e 45706                      /usr/lib/x86_64-linux-gnu/libdl.so.2
7f160ca8f000-7f160ca90000 r--p 00002000 00:2e 45706                      /usr/lib/x86_64-linux-gnu/libdl.so.2
7f160ca90000-7f160ca91000 r--p 00002000 00:2e 45706                      /usr/lib/x86_64-linux-gnu/libdl.so.2
7f160ca91000-7f160ca92000 rw-p 00003000 00:2e 45706                      /usr/lib/x86_64-linux-gnu/libdl.so.2
7f160ca92000-7f160ca93000 r--p 00000000 00:2e 45716                      /usr/lib/x86_64-linux-gnu/libpthread.so.0
7f160ca93000-7f160ca94000 r-xp 00001000 00:2e 45716                      /usr/lib/x86_64-linux-gnu/libpthread.so.0
7f160ca94000-7f160ca95000 r--p 00002000 00:2e 45716                      /usr/lib/x86_64-linux-gnu/libpthread.so.0
7f160ca95000-7f160ca96000 r--p 00002000 00:2e 45716                      /usr/lib/x86_64-linux-gnu/libpthread.so.0
7f160ca96000-7f160ca97000 rw-p 00003000 00:2e 45716                      /usr/lib/x86_64-linux-gnu/libpthread.so.0
7f160ca9b000-7f160ca9c000 ---p 00000000 00:00 0 
7f160ca9c000-7f160ca9d000 r--p 00000000 00:00 0 
7f160ca9d000-7f160ca9e000 ---p 00000000 00:00 0 
7f160ca9e000-7f160caa7000 r--p 00000000 00:2e 41923                      /opt/android-studio/jbr/lib/libjli.so
7f160caa7000-7f160cab5000 r-xp 00008000 00:2e 41923                      /opt/android-studio/jbr/lib/libjli.so
7f160cab5000-7f160cab6000 r--p 00015000 00:2e 41923                      /opt/android-studio/jbr/lib/libjli.so
7f160cab6000-7f160cab8000 rw-p 00015000 00:2e 41923                      /opt/android-studio/jbr/lib/libjli.so
7f160cab8000-7f160caba000 rw-p 00000000 00:00 0 
7f160caba000-7f160cabb000 r--p 00000000 00:2e 45701                      /usr/lib/x86_64-linux-gnu/ld-linux-x86-64.so.2
7f160cabb000-7f160cae0000 r-xp 00001000 00:2e 45701                      /usr/lib/x86_64-linux-gnu/ld-linux-x86-64.so.2
7f160cae0000-7f160caea000 r--p 00026000 00:2e 45701                      /usr/lib/x86_64-linux-gnu/ld-linux-x86-64.so.2
7f160caea000-7f160caec000 r--p 00030000 00:2e 45701                      /usr/lib/x86_64-linux-gnu/ld-linux-x86-64.so.2
7f160caec000-7f160caee000 rw-p 00032000 00:2e 45701                      /usr/lib/x86_64-linux-gnu/ld-linux-x86-64.so.2
7ffe5afed000-7ffe5b00e000 rw-p 00000000 00:00 0                          [stack]
7ffe5b093000-7ffe5b097000 r--p 00000000 00:00 0                          [vvar]
7ffe5b097000-7ffe5b099000 r-xp 00000000 00:00 0                          [vdso]
ffffffffff600000-ffffffffff601000 --xp 00000000 00:00 0                  [vsyscall]


VM Arguments:
jvm_args: --add-opens=java.base/java.util=ALL-UNNAMED --add-opens=java.base/java.lang=ALL-UNNAMED --add-opens=java.base/java.lang.invoke=ALL-UNNAMED --add-opens=java.prefs/java.util.prefs=ALL-UNNAMED --add-opens=java.base/java.nio.charset=ALL-UNNAMED --add-opens=java.base/java.net=ALL-UNNAMED --add-opens=java.base/java.util.concurrent.atomic=ALL-UNNAMED -Xmx2048m -Dfile.encoding=UTF-8 -Duser.country=US -Duser.language=en -Duser.variant -javaagent:/home/leerixon54/.gradle/wrapper/dists/gradle-8.6-bin/afr5mpiioh2wthjmwnkmdsd5w/gradle-8.6/lib/agents/gradle-instrumentation-agent-8.6.jar 
java_command: org.gradle.launcher.daemon.bootstrap.GradleDaemon 8.6
java_class_path (initial): /home/leerixon54/.gradle/wrapper/dists/gradle-8.6-bin/afr5mpiioh2wthjmwnkmdsd5w/gradle-8.6/lib/gradle-launcher-8.6.jar
Launcher Type: SUN_STANDARD

[Global flags]
     intx CICompilerCount                          = 4                                         {product} {ergonomic}
     uint ConcGCThreads                            = 2                                         {product} {ergonomic}
     uint G1ConcRefinementThreads                  = 8                                         {product} {ergonomic}
   size_t G1HeapRegionSize                         = 1048576                                   {product} {ergonomic}
    uintx GCDrainStackTargetSize                   = 64                                        {product} {ergonomic}
   size_t InitialHeapSize                          = 239075328                                 {product} {ergonomic}
   size_t MarkStackSize                            = 4194304                                   {product} {ergonomic}
   size_t MaxHeapSize                              = 2147483648                                {product} {command line}
   size_t MaxNewSize                               = 1287651328                                {product} {ergonomic}
   size_t MinHeapDeltaBytes                        = 1048576                                   {product} {ergonomic}
   size_t MinHeapSize                              = 8388608                                   {product} {ergonomic}
    uintx NonNMethodCodeHeapSize                   = 5839372                                {pd product} {ergonomic}
    uintx NonProfiledCodeHeapSize                  = 122909434                              {pd product} {ergonomic}
    uintx ProfiledCodeHeapSize                     = 122909434                              {pd product} {ergonomic}
    uintx ReservedCodeCacheSize                    = 251658240                              {pd product} {ergonomic}
     bool SegmentedCodeCache                       = true                                      {product} {ergonomic}
   size_t SoftMaxHeapSize                          = 2147483648                             {manageable} {ergonomic}
     bool UseCompressedClassPointers               = true                           {product lp64_product} {ergonomic}
     bool UseCompressedOops                        = true                           {product lp64_product} {ergonomic}
     bool UseG1GC                                  = true                                      {product} {ergonomic}

Logging:
Log output configuration:
 #0: stdout all=warning uptime,level,tags
 #1: stderr all=off uptime,level,tags

Environment Variables:
PATH=/usr/local/sbin:/usr/local/bin:/usr/local/games:/usr/sbin:/usr/bin:/usr/games:/sbin:/bin
XDG_CONFIG_HOME=/home/leerixon54/.config
SHELL=/bin/bash
DISPLAY=:0
LANG=en_US.UTF-8

Active Locale:
LC_ALL=en_US.UTF-8
LC_COLLATE=en_US.UTF-8
LC_CTYPE=en_US.UTF-8
LC_MESSAGES=en_US.UTF-8
LC_MONETARY=en_US.UTF-8
LC_NUMERIC=en_US.UTF-8
LC_TIME=en_US.UTF-8

Signal Handlers:
   SIGSEGV: crash_handler in libjvm.so, mask=11100100010111111101111111111110, flags=SA_RESTART|SA_SIGINFO, unblocked
    SIGBUS: crash_handler in libjvm.so, mask=11100100010111111101111111111110, flags=SA_RESTART|SA_SIGINFO, unblocked
    SIGFPE: crash_handler in libjvm.so, mask=11100100010111111101111111111110, flags=SA_RESTART|SA_SIGINFO, unblocked
   SIGPIPE: javaSignalHandler in libjvm.so, mask=11100100010111111101111111111110, flags=SA_RESTART|SA_SIGINFO, blocked
   SIGXFSZ: javaSignalHandler in libjvm.so, mask=11100100010111111101111111111110, flags=SA_RESTART|SA_SIGINFO, blocked
    SIGILL: crash_handler in libjvm.so, mask=11100100010111111101111111111110, flags=SA_RESTART|SA_SIGINFO, unblocked
   SIGUSR2: SR_handler in libjvm.so, mask=00100000000000000000000000000000, flags=SA_RESTART|SA_SIGINFO, blocked
    SIGHUP: UserHandler in libjvm.so, mask=11100100010111111101111111111110, flags=SA_RESTART|SA_SIGINFO, blocked
    SIGINT: UserHandler in libjvm.so, mask=11100100010111111101111111111110, flags=SA_RESTART|SA_SIGINFO, blocked
   SIGTERM: UserHandler in libjvm.so, mask=11100100010111111101111111111110, flags=SA_RESTART|SA_SIGINFO, blocked
   SIGQUIT: UserHandler in libjvm.so, mask=11100100010111111101111111111110, flags=SA_RESTART|SA_SIGINFO, blocked
   SIGTRAP: crash_handler in libjvm.so, mask=11100100010111111101111111111110, flags=SA_RESTART|SA_SIGINFO, unblocked


Periodic native trim disabled

JNI global refs:
JNI global refs: 29, weak refs: 0

JNI global refs memory usage: 867, weak refs: 865

OOME stack traces (most recent first):
Classloader memory used:
Loader org.gradle.internal.classloader.VisitableURLClassLoader                         : 11846K
Loader org.gradle.internal.classloader.VisitableURLClassLoader$InstrumentingVisitableURLClassLoader: 4044K
Loader bootstrap                                                                       : 3150K
Loader org.gradle.initialization.MixInLegacyTypesClassLoader                           : 1544K
Loader org.gradle.internal.classloader.VisitableURLClassLoader                         : 850K
Loader jdk.internal.reflect.DelegatingClassLoader                                      : 104K
Loader jdk.internal.loader.ClassLoaders$PlatformClassLoader                            : 52688B
Loader jdk.internal.jrtfs.JrtFileSystemProvider$JrtFsLoader                            : 41590B
Loader jdk.internal.loader.ClassLoaders$AppClassLoader                                 : 28553B
Loader org.codehaus.groovy.runtime.callsite.CallSiteClassLoader                        : 11577B
Loader org.gradle.groovy.scripts.internal.DefaultScriptCompilationHandler$ScriptClassLoader: 11113B
Loader sun.reflect.misc.MethodUtil                                                     : 375B

Classes loaded by more than one classloader:
Class Program                                                                         : loaded 5 times (x 71B)
Class com.google.common.collect.Iterators$MergingIterator                             : loaded 3 times (x 80B)
Class com.google.common.collect.SingletonImmutableList                                : loaded 3 times (x 168B)
Class com.google.common.base.CharMatcher$JavaDigit                                    : loaded 3 times (x 110B)
Class com.google.common.base.CharMatcher$Digit                                        : loaded 3 times (x 111B)
Class org.gradle.api.Action                                                           : loaded 3 times (x 69B)
Class com.google.common.collect.ImmutableEntry                                        : loaded 3 times (x 81B)
Class com.google.common.collect.Lists$StringAsImmutableList                           : loaded 3 times (x 168B)
Class com.google.common.base.CharMatcher                                              : loaded 3 times (x 110B)
Class com.google.common.base.CharMatcher$IsNot                                        : loaded 3 times (x 110B)
Class com.google.common.base.Splitter                                                 : loaded 3 times (x 71B)
Class com.google.common.collect.Iterators$ArrayItr                                    : loaded 3 times (x 96B)
Class com.google.common.base.CharMatcher$BitSetMatcher                                : loaded 3 times (x 111B)
Class com.google.common.collect.ImmutableMap$IteratorBasedImmutableMap                : loaded 3 times (x 124B)
Class com.google.common.collect.ImmutableMap                                          : loaded 3 times (x 119B)
Class com.google.common.base.Predicate                                                : loaded 3 times (x 69B)
Class com.google.common.collect.RegularImmutableSet                                   : loaded 3 times (x 147B)
Class com.google.common.base.CharMatcher$InRange                                      : loaded 3 times (x 110B)
Class com.google.common.collect.BiMap                                                 : loaded 3 times (x 69B)
Class com.google.common.collect.Lists                                                 : loaded 3 times (x 70B)
Class com.google.common.collect.UnmodifiableIterator                                  : loaded 3 times (x 79B)
Class com.google.common.base.CharMatcher$SingleWidth                                  : loaded 3 times (x 111B)
Class com.google.common.base.JdkPattern                                               : loaded 3 times (x 74B)
Class org.gradle.api.GradleException                                                  : loaded 3 times (x 81B)
Class com.google.common.base.CharMatcher$JavaLetterOrDigit                            : loaded 3 times (x 110B)
Class com.google.common.collect.ForwardingObject                                      : loaded 3 times (x 71B)
Class com.google.common.collect.ImmutableCollection                                   : loaded 3 times (x 124B)
Class com.google.common.collect.RegularImmutableMap$Values                            : loaded 3 times (x 168B)
Class com.google.common.collect.ImmutableList$ReverseImmutableList                    : loaded 3 times (x 169B)
Class com.google.common.collect.ObjectArrays                                          : loaded 3 times (x 70B)
Class com.google.common.collect.Iterators$10                                          : loaded 3 times (x 80B)
Class com.google.common.collect.ImmutableList                                         : loaded 3 times (x 167B)
Class com.google.common.base.CharMatcher$Whitespace                                   : loaded 3 times (x 111B)
Class com.google.common.collect.Iterators$1                                           : loaded 3 times (x 80B)
Class com.google.common.collect.Iterators$4                                           : loaded 3 times (x 81B)
Class com.google.common.collect.RegularImmutableMap$BucketOverflowException           : loaded 3 times (x 81B)
Class com.google.common.collect.Iterators$5                                           : loaded 3 times (x 81B)
Class com.google.common.base.Joiner                                                   : loaded 3 times (x 78B)
Class com.google.common.base.Preconditions                                            : loaded 3 times (x 70B)
Class com.google.common.base.Function                                                 : loaded 3 times (x 69B)
Class com.google.common.collect.Iterators$9                                           : loaded 3 times (x 80B)
Class org.gradle.internal.IoActions                                                   : loaded 3 times (x 70B)
Class com.google.common.collect.RegularImmutableMap$KeySet                            : loaded 3 times (x 149B)
Class com.google.common.collect.CollectPreconditions                                  : loaded 3 times (x 70B)
Class com.google.common.collect.RegularImmutableMap                                   : loaded 3 times (x 120B)
Class com.google.common.collect.AbstractIndexedListIterator                           : loaded 3 times (x 95B)
Class com.google.common.base.CharMatcher$None                                         : loaded 3 times (x 111B)
Class com.google.common.collect.UnmodifiableListIterator                              : loaded 3 times (x 94B)
Class com.google.common.collect.ImmutableList$1                                       : loaded 3 times (x 96B)
Class com.google.common.base.Splitter$Strategy                                        : loaded 3 times (x 69B)
Class com.google.common.collect.ImmutableMapEntrySet$RegularEntrySet                  : loaded 3 times (x 150B)
Class com.google.common.base.Splitter$1$1                                             : loaded 3 times (x 85B)
Class com.google.common.collect.ImmutableSet$RegularSetBuilderImpl                    : loaded 3 times (x 76B)
Class com.google.common.base.Splitter$SplittingIterator                               : loaded 3 times (x 83B)
Class com.google.common.base.CharMatcher$Is                                           : loaded 3 times (x 110B)
Class com.google.common.collect.RegularImmutableAsList                                : loaded 3 times (x 177B)
Class com.google.common.collect.PeekingIterator                                       : loaded 3 times (x 69B)
Class com.google.common.collect.ImmutableMapEntrySet                                  : loaded 3 times (x 150B)
Class com.google.common.collect.ImmutableBiMapFauxverideShim                          : loaded 3 times (x 119B)
Class com.google.common.collect.SingletonImmutableSet                                 : loaded 3 times (x 145B)
Class [Lcom.google.common.base.AbstractIterator$State;                                : loaded 3 times (x 68B)
Class com.google.common.base.AbstractIterator                                         : loaded 3 times (x 79B)
Class com.google.common.base.AbstractIterator$1                                       : loaded 3 times (x 70B)
Class com.google.common.collect.Iterators                                             : loaded 3 times (x 70B)
Class com.google.common.base.CharMatcher$Ascii                                        : loaded 3 times (x 111B)
Class com.google.common.base.CharMatcher$1                                            : loaded 3 times (x 112B)
Class org.gradle.api.UncheckedIOException                                             : loaded 3 times (x 81B)
Class com.google.common.base.CharMatcher$And                                          : loaded 3 times (x 111B)
Class com.google.common.collect.IndexedImmutableSet                                   : loaded 3 times (x 149B)
Class com.google.common.base.CharMatcher$Any                                          : loaded 3 times (x 111B)
Class com.google.common.base.CharMatcher$RangesMatcher                                : loaded 3 times (x 111B)
Class com.google.common.collect.ImmutableList$SubList                                 : loaded 3 times (x 169B)
Class com.google.common.base.Splitter$1                                               : loaded 3 times (x 76B)
Class com.google.common.collect.ImmutableSet$SetBuilderImpl                           : loaded 3 times (x 75B)
Class com.google.common.base.CharMatcher$JavaIsoControl                               : loaded 3 times (x 111B)
Class com.google.common.collect.ImmutableMap$1                                        : loaded 3 times (x 80B)
Class com.google.common.base.CharMatcher$Or                                           : loaded 3 times (x 111B)
Class com.google.common.collect.Iterables                                             : loaded 3 times (x 70B)
Class com.google.common.base.CharMatcher$JavaLowerCase                                : loaded 3 times (x 110B)
Class com.google.common.collect.ImmutableCollection$Builder                           : loaded 3 times (x 75B)
Class com.google.common.base.CommonPattern                                            : loaded 3 times (x 73B)
Class com.google.common.base.CharMatcher$NegatedFastMatcher                           : loaded 3 times (x 112B)
Class com.google.common.collect.AbstractIterator                                      : loaded 3 times (x 81B)
Class com.google.common.base.NullnessCasts                                            : loaded 3 times (x 70B)
Class com.google.common.collect.AbstractMapEntry                                      : loaded 3 times (x 80B)
Class com.google.common.collect.ImmutableList$Builder                                 : loaded 3 times (x 76B)
Class com.google.common.base.CharMatcher$Negated                                      : loaded 3 times (x 112B)
Class com.google.common.base.CharMatcher$ForPredicate                                 : loaded 3 times (x 111B)
Class com.google.common.collect.ImmutableMap$MapViewOfValuesAsSingletonSets           : loaded 3 times (x 124B)
Class com.google.common.collect.ImmutableBiMap                                        : loaded 3 times (x 142B)
Class org.gradle.internal.Cast                                                        : loaded 3 times (x 70B)
Class com.google.common.collect.ImmutableSet                                          : loaded 3 times (x 144B)
Class com.google.common.base.AbstractIterator$State                                   : loaded 3 times (x 78B)
Class com.google.common.base.CharMatcher$NamedFastMatcher                             : loaded 3 times (x 111B)
Class com.google.common.collect.ImmutableMapEntry                                     : loaded 3 times (x 84B)
Class com.google.common.base.CharMatcher$Invisible                                    : loaded 3 times (x 111B)
Class com.google.common.base.Joiner$1                                                 : loaded 3 times (x 79B)
Class com.google.common.base.Joiner$2                                                 : loaded 3 times (x 78B)
Class com.google.common.base.CharMatcher$FastMatcher                                  : loaded 3 times (x 110B)
Class com.google.common.base.CharMatcher$JavaLetter                                   : loaded 3 times (x 110B)
Class com.google.common.collect.ImmutableAsList                                       : loaded 3 times (x 170B)
Class com.google.common.base.CharMatcher$AnyOf                                        : loaded 3 times (x 111B)
Class com.google.common.base.CharMatcher$IsEither                                     : loaded 3 times (x 110B)
Class com.google.common.collect.RegularImmutableList                                  : loaded 3 times (x 173B)
Class com.google.common.base.CharMatcher$JavaUpperCase                                : loaded 3 times (x 110B)
Class com.google.common.collect.ImmutableSet$CachingAsList                            : loaded 3 times (x 146B)
Class com.google.common.collect.ImmutableMapEntry$NonTerminalImmutableMapEntry        : loaded 3 times (x 84B)
Class com.amazon.ion.system.IonSystemBuilder                                          : loaded 2 times (x 74B)
Class org.jetbrains.kotlin.config.MavenComparableVersion$ListItem                     : loaded 2 times (x 179B)
Class org.gradle.internal.installation.GradleInstallation                             : loaded 2 times (x 74B)
Class com.amazon.ion.util._Private_FastAppendable                                     : loaded 2 times (x 69B)
Class org.gradle.util.GradleVersion                                                   : loaded 2 times (x 82B)
Class com.google.common.collect.UsingToStringOrdering                                 : loaded 2 times (x 113B)
Class kotlin.collections.AbstractList                                                 : loaded 2 times (x 158B)
Class kotlin.collections.AbstractCollection                                           : loaded 2 times (x 116B)
Class kotlin.collections.ArraysKt__ArraysJVMKt                                        : loaded 2 times (x 70B)
Class com.google.common.io.Closer$SuppressingSuppressor                               : loaded 2 times (x 74B)
Class com.android.builder.model.v2.dsl.BuildType                                      : loaded 2 times (x 69B)
Class com.amazon.ion.impl.lite.IonIntLite                                             : loaded 2 times (x 155B)
Class org.objectweb.asm.ModuleVisitor                                                 : loaded 2 times (x 80B)
Class com.google.common.io.ByteSource                                                 : loaded 2 times (x 83B)
Class org.jetbrains.plugins.gradle.model.MavenRepositoryModel                         : loaded 2 times (x 69B)
Class kotlin.collections.CollectionsKt__IterablesKt                                   : loaded 2 times (x 70B)
Class org.gradle.util.internal.DefaultGradleVersion                                   : loaded 2 times (x 83B)
Class [Lcom.google.common.collect.AbstractMapEntry;                                   : loaded 2 times (x 68B)
Class com.google.common.collect.ImmutableRangeSet$AsSet                               : loaded 2 times (x 234B)
Class kotlin.coroutines.jvm.internal.SuspendFunction                                  : loaded 2 times (x 69B)
Class com.google.common.cache.CacheLoader$SupplierToCacheLoader                       : loaded 2 times (x 74B)
Class org.gradle.internal.classpath.ClassPath                                         : loaded 2 times (x 69B)
Class com.google.common.io.FileWriteMode                                              : loaded 2 times (x 78B)
Class com.google.common.cache.RemovalListener                                         : loaded 2 times (x 69B)
Class org.gradle.api.internal.classpath.DefaultModuleRegistry                         : loaded 2 times (x 85B)
Class org.gradle.internal.exceptions.NonGradleCauseExceptionsHolder                   : loaded 2 times (x 69B)
Class Settings_gradle$1$1                                                             : loaded 2 times (x 73B)
Class com.google.common.collect.ImmutableEnumSet                                      : loaded 2 times (x 145B)
Class com.android.builder.model.v2.models.AndroidProject                              : loaded 2 times (x 69B)
Class com.google.common.collect.ListMultimap                                          : loaded 2 times (x 69B)
Class com.android.builder.model.v2.ide.BundleInfo                                     : loaded 2 times (x 69B)
Class com.google.common.collect.AbstractMultimap                                      : loaded 2 times (x 122B)
Class com.intellij.openapi.externalSystem.model.ExternalSystemException               : loaded 2 times (x 85B)
Class kotlin.io.FilesKt__FilePathComponentsKt                                         : loaded 2 times (x 70B)
Class org.gradle.tooling.model.kotlin.dsl.KotlinDslScriptsModel                       : loaded 2 times (x 69B)
Class jdk.internal.jimage.BasicImageReader$1                                          : loaded 2 times (x 76B)
Class kotlin.text.StringsKt__RegexExtensionsJVMKt                                     : loaded 2 times (x 70B)
Class kotlin.enums.EnumEntries                                                        : loaded 2 times (x 69B)
Class com.google.common.cache.CacheBuilder$OneWeigher                                 : loaded 2 times (x 81B)
Class com.amazon.ion.impl._Private_SymtabExtendsCache                                 : loaded 2 times (x 71B)
Class kotlin.coroutines.intrinsics.IntrinsicsKt__IntrinsicsKt                         : loaded 2 times (x 70B)
Class org.jetbrains.plugins.gradle.tooling.serialization.KotlinDslScriptsModelSerializationService: loaded 2 times (x 80B)
Class kotlin.ranges.RangesKt                                                          : loaded 2 times (x 70B)
Class org.jetbrains.kotlin.idea.gradleTooling.model.samWithReceiver.SamWithReceiverModel: loaded 2 times (x 69B)
Class kotlin.text.MatchResult                                                         : loaded 2 times (x 69B)
Class com.google.common.io.ByteArrayDataOutput                                        : loaded 2 times (x 69B)
Class kotlin.enums.EnumEntriesKt                                                      : loaded 2 times (x 70B)
Class com.android.builder.model.v2.ide.ViewBindingOptions                             : loaded 2 times (x 69B)
Class org.jetbrains.kotlin.idea.gradleTooling.model.kapt.KaptGradleModel              : loaded 2 times (x 69B)
Class org.gradle.tooling.internal.adapter.ProtocolToModelAdapter$SafeMethodInvoker    : loaded 2 times (x 75B)
Class org.jetbrains.plugins.gradle.model.ExternalProject                              : loaded 2 times (x 69B)
Class kotlin.text.StringsKt__AppendableKt                                             : loaded 2 times (x 70B)
Class com.google.common.base.Throwables                                               : loaded 2 times (x 70B)
Class com.google.common.cache.LocalCache$StrongEntry                                  : loaded 2 times (x 107B)
Class org.gradle.tooling.internal.adapter.ProtocolToModelAdapter$1                    : loaded 2 times (x 74B)
Class com.amazon.ion.impl.lite.IonStructLite                                          : loaded 2 times (x 295B)
Class org.jetbrains.plugins.gradle.model.IntelliJSettings                             : loaded 2 times (x 69B)
Class org.objectweb.asm.FieldWriter                                                   : loaded 2 times (x 77B)
Class kotlin.jvm.internal.CallableReference$NoReceiver                                : loaded 2 times (x 70B)
Class jdk.internal.jimage.ImageBufferCache$1                                          : loaded 2 times (x 79B)
Class jdk.internal.jimage.ImageBufferCache$2                                          : loaded 2 times (x 90B)
Class org.jetbrains.plugins.gradle.model.ExternalLibraryDependency                    : loaded 2 times (x 69B)
Class kotlin.sequences.SequenceBuilderIterator                                        : loaded 2 times (x 84B)
Class com.google.common.collect.RegularImmutableSortedSet                             : loaded 2 times (x 234B)
Class org.jetbrains.kotlin.config.MavenComparableVersion$IntegerItem                  : loaded 2 times (x 79B)
Class org.gradle.internal.impldep.gnu.trove.THash                                     : loaded 2 times (x 80B)
Class org.jetbrains.kotlin.tooling.core.Extras                                        : loaded 2 times (x 69B)
Class kotlin.jvm.internal.markers.KMutableList                                        : loaded 2 times (x 69B)
Class [Lcom.android.builder.model.v2.ide.TestInfo$Execution;                          : loaded 2 times (x 68B)
Class com.amazon.ion.IonReader                                                        : loaded 2 times (x 69B)
Class [Lcom.android.builder.model.v2.ide.ProjectType;                                 : loaded 2 times (x 68B)
Class [Lcom.google.common.cache.Weigher;                                              : loaded 2 times (x 68B)
Class com.google.common.cache.LocalCache$Segment                                      : loaded 2 times (x 153B)
Class org.jetbrains.kotlin.idea.gradleTooling.KotlinMPPGradleModel                    : loaded 2 times (x 69B)
Class org.gradle.api.internal.DefaultClassPathProvider                                : loaded 2 times (x 75B)
Class org.gradle.internal.installation.GradleInstallation$1                           : loaded 2 times (x 74B)
Class com.google.common.cache.LocalCache$AbstractReferenceEntry                       : loaded 2 times (x 106B)
Class org.objectweb.asm.Type                                                          : loaded 2 times (x 71B)
Class jdk.internal.jrtfs.SystemImage$1                                                : loaded 2 times (x 77B)
Class com.google.common.util.concurrent.AbstractFuture$Failure                        : loaded 2 times (x 71B)
Class jdk.internal.jrtfs.SystemImage$2                                                : loaded 2 times (x 75B)
Class com.android.builder.model.v2.dsl.BaseConfig                                     : loaded 2 times (x 69B)
Class com.amazon.ion.impl.bin._Private_IonManagedWriter                               : loaded 2 times (x 69B)
Class org.gradle.internal.exceptions.DefaultMultiCauseException                       : loaded 2 times (x 90B)
Class kotlin.text.MatchNamedGroupCollection                                           : loaded 2 times (x 69B)
Class kotlin.ranges.IntProgression                                                    : loaded 2 times (x 80B)
Class com.google.common.io.Files$FileByteSource                                       : loaded 2 times (x 84B)
Class [Lcom.android.builder.model.v2.ide.BytecodeTransformation;                      : loaded 2 times (x 68B)
Class kotlin.jvm.internal.CallableReference                                           : loaded 2 times (x 105B)
Class com.google.common.base.Converter                                                : loaded 2 times (x 89B)
Class com.amazon.ion.impl.bin.IonRawBinaryWriter$PatchList$Node                       : loaded 2 times (x 71B)
Class org.gradle.tooling.model.UnsupportedMethodException                             : loaded 2 times (x 81B)
Class com.google.common.collect.ImmutableSortedSetFauxverideShim                      : loaded 2 times (x 146B)
Class com.android.builder.model.v2.models.ModelBuilderParameter                       : loaded 2 times (x 69B)
Class com.google.common.collect.ImmutableSet$EmptySetBuilderImpl                      : loaded 2 times (x 75B)
Class com.android.builder.model.v2.ide.ProjectType                                    : loaded 2 times (x 78B)
Class com.amazon.ion.IonBlob                                                          : loaded 2 times (x 69B)
Class kotlin.comparisons.ComparisonsKt                                                : loaded 2 times (x 70B)
Class org.jetbrains.plugins.gradle.model.GradleSourceSetModel                         : loaded 2 times (x 69B)
Class kotlin.io.FilesKt                                                               : loaded 2 times (x 70B)
Class kotlin.collections.CollectionsKt__CollectionsKt                                 : loaded 2 times (x 70B)
Class kotlin.io.FileSystemException                                                   : loaded 2 times (x 81B)
Class com.google.common.base.Equivalence                                              : loaded 2 times (x 81B)
Class com.amazon.ion.impl.lite.ContainerlessContext                                   : loaded 2 times (x 79B)
Class kotlin.coroutines.jvm.internal.RestrictedSuspendLambda                          : loaded 2 times (x 90B)
Class com.google.common.primitives.Ints                                               : loaded 2 times (x 70B)
Class com.google.common.cache.LocalCache$EntryFactory$1                               : loaded 2 times (x 82B)
Class org.gradle.tooling.internal.adapter.ProtocolToModelAdapter$PropertyCachingMethodInvoker: loaded 2 times (x 75B)
Class org.gradle.tooling.model.build.JavaEnvironment                                  : loaded 2 times (x 69B)
Class com.google.common.cache.LocalCache$EntryFactory$2                               : loaded 2 times (x 82B)
Class com.amazon.ion.IonDecimal                                                       : loaded 2 times (x 69B)
Class kotlin.collections.ArraysKt__ArraysKt                                           : loaded 2 times (x 70B)
Class com.google.common.cache.LocalCache$EntryFactory$3                               : loaded 2 times (x 82B)
Class com.google.common.cache.LocalCache$EntryFactory$4                               : loaded 2 times (x 82B)
Class org.gradle.tooling.internal.adapter.ProtocolToModelAdapter$NoOpDecoration       : loaded 2 times (x 78B)
Class com.google.common.cache.LocalCache$EntryFactory$5                               : loaded 2 times (x 82B)
Class com.google.common.cache.LocalCache$EntryFactory$6                               : loaded 2 times (x 82B)
Class com.google.common.cache.LocalCache$EntryFactory$7                               : loaded 2 times (x 82B)
Class org.gradle.internal.time.MonotonicClock                                         : loaded 2 times (x 76B)
Class com.google.common.cache.LocalCache$EntryFactory$8                               : loaded 2 times (x 82B)
Class org.gradle.tooling.internal.adapter.ProtocolToModelAdapter$SupportedPropertyInvoker: loaded 2 times (x 75B)
Class kotlin.reflect.KDeclarationContainer                                            : loaded 2 times (x 69B)
Class com.amazon.ion.impl.bin.IonRawBinaryWriter$PreallocationMode$1                  : loaded 2 times (x 80B)
Class kotlin.collections.ArrayDeque$Companion                                         : loaded 2 times (x 70B)
Class com.amazon.ion.impl.bin.IonRawBinaryWriter$PreallocationMode$2                  : loaded 2 times (x 80B)
Class com.google.common.cache.LocalCache$StrongValueReference                         : loaded 2 times (x 89B)
Class com.amazon.ion.impl.bin.IonRawBinaryWriter$PreallocationMode$3                  : loaded 2 times (x 80B)
Class kotlin.text.StringsKt                                                           : loaded 2 times (x 70B)
Class org.gradle.internal.classloader.FilteringClassLoader                            : loaded 2 times (x 104B)
Class com.amazon.ion.impl.lite.IonSymbolLite                                          : loaded 2 times (x 163B)
Class com.amazon.ion.impl.lite.IonContext                                             : loaded 2 times (x 69B)
Class kotlin.collections.AbstractMutableList                                          : loaded 2 times (x 167B)
Class jdk.internal.jimage.ImageReader$Resource                                        : loaded 2 times (x 83B)
Class org.jetbrains.plugins.gradle.tooling.serialization.SerializationService         : loaded 2 times (x 69B)
Class kotlin.jvm.internal.Lambda                                                      : loaded 2 times (x 74B)
Class org.gradle.tooling.model.idea.IdeaDependencyScope                               : loaded 2 times (x 69B)
Class jdk.internal.jrtfs.SystemImage                                                  : loaded 2 times (x 73B)
Class org.gradle.tooling.model.Model                                                  : loaded 2 times (x 69B)
Class [Lcom.google.common.cache.LocalCache$Strength;                                  : loaded 2 times (x 68B)
Class kotlin.reflect.KCallable                                                        : loaded 2 times (x 69B)
Class org.gradle.internal.classpath.DefaultClassPath$ImmutableUniqueList$Builder      : loaded 2 times (x 74B)
Class com.amazon.ion.impl.bin.IonManagedBinaryWriter$ImportedSymbolResolverMode$1$1   : loaded 2 times (x 77B)
Class com.google.common.collect.AbstractRangeSet                                      : loaded 2 times (x 113B)
Class com.google.common.collect.ExplicitOrdering                                      : loaded 2 times (x 114B)
Class kotlin.UninitializedPropertyAccessException                                     : loaded 2 times (x 81B)
Class com.amazon.ion.impl._Private_IonContainer                                       : loaded 2 times (x 69B)
Class com.google.common.collect.Maps$8                                                : loaded 2 times (x 81B)
Class com.android.utils.FileUtils                                                     : loaded 2 times (x 70B)
Class [Lcom.google.common.cache.CacheBuilder$NullListener;                            : loaded 2 times (x 68B)
Class com.google.common.base.PatternCompiler                                          : loaded 2 times (x 69B)
Class kotlin.Result$Failure                                                           : loaded 2 times (x 71B)
Class com.google.common.collect.ImmutableMultimap$EntryCollection                     : loaded 2 times (x 126B)
Class org.jetbrains.kotlin.idea.gradleTooling.KotlinSourceSetContainer                : loaded 2 times (x 69B)
Class kotlin.Result$Companion                                                         : loaded 2 times (x 70B)
Class com.google.common.collect.Sets$SetView                                          : loaded 2 times (x 137B)
Class jdk.internal.jrtfs.JrtDirectoryStream$1                                         : loaded 2 times (x 82B)
Class kotlin.collections.IntIterator                                                  : loaded 2 times (x 81B)
Class org.objectweb.asm.AnnotationWriter                                              : loaded 2 times (x 78B)
Class com.amazon.ion.IonMutableCatalog                                                : loaded 2 times (x 69B)
Class com.google.common.math.IntMath$1                                                : loaded 2 times (x 70B)
Class kotlin.jvm.internal.markers.KMutableIterable                                    : loaded 2 times (x 69B)
Class org.gradle.internal.classloader.ClassLoaderVisitor                              : loaded 2 times (x 75B)
Class org.objectweb.asm.Label                                                         : loaded 2 times (x 72B)
Class com.google.common.cache.CacheBuilder$NullListener                               : loaded 2 times (x 81B)
Class org.gradle.tooling.internal.adapter.ProtocolToModelAdapter$MethodInvocationCache$MethodInvocationKey: loaded 2 times (x 72B)
Class org.jetbrains.plugins.gradle.tooling.serialization.internal.adapter.Supplier    : loaded 2 times (x 69B)
Class com.android.builder.model.v2.models.Versions$Version                            : loaded 2 times (x 69B)
Class com.google.common.collect.ImmutableMultimap                                     : loaded 2 times (x 146B)
Class com.amazon.ion.impl.SharedSymbolTable                                           : loaded 2 times (x 92B)
Class com.google.common.math.MathPreconditions                                        : loaded 2 times (x 70B)
Class org.gradle.internal.time.DefaultCountdownTimer                                  : loaded 2 times (x 87B)
Class com.google.common.io.ByteStreams$1                                              : loaded 2 times (x 84B)
Class org.jetbrains.kotlin.cli.common.CompilerSystemProperties                        : loaded 2 times (x 79B)
Class [Lcom.amazon.ion.SymbolToken;                                                   : loaded 2 times (x 68B)
Class com.amazon.ion.impl.bin.IonManagedBinaryWriter$ImportedSymbolResolverMode       : loaded 2 times (x 79B)
Class kotlin.text.StringsKt__RegexExtensionsKt                                        : loaded 2 times (x 70B)
Class org.gradle.tooling.internal.adapter.CollectionMapper                            : loaded 2 times (x 72B)
Class com.amazon.ion.impl._Private_LocalSymbolTableFactory                            : loaded 2 times (x 69B)
Class com.android.builder.model.v2.ide.TestInfo                                       : loaded 2 times (x 69B)
Class org.gradle.internal.service.DefaultServiceLocator                               : loaded 2 times (x 82B)
Class com.amazon.ion.impl.lite.IonFloatLite                                           : loaded 2 times (x 154B)
Class kotlin.text.StringsKt__StringBuilderJVMKt                                       : loaded 2 times (x 70B)
Class org.gradle.internal.service.UnknownServiceException                             : loaded 2 times (x 82B)
Class org.jetbrains.plugins.gradle.model.ClasspathEntryModel                          : loaded 2 times (x 69B)
Class kotlin.collections.SetsKt___SetsKt                                              : loaded 2 times (x 70B)
Class com.google.common.util.concurrent.AbstractFuture$SynchronizedHelper             : loaded 2 times (x 77B)
Class com.google.common.collect.ArrayListMultimap                                     : loaded 2 times (x 171B)
Class com.amazon.ion.impl.lite.IonBlobLite                                            : loaded 2 times (x 160B)
Class kotlin.text.StringsKt__StringsJVMKt                                             : loaded 2 times (x 70B)
Class com.google.common.base.Strings                                                  : loaded 2 times (x 70B)
Class com.amazon.ion.IonClob                                                          : loaded 2 times (x 69B)
Class com.android.builder.model.v2.models.BasicAndroidProject                         : loaded 2 times (x 69B)
Class org.jetbrains.plugins.gradle.model.DependencyAccessorsModel                     : loaded 2 times (x 69B)
Class com.google.common.io.Closer                                                     : loaded 2 times (x 77B)
Class kotlin.collections.CollectionsKt___CollectionsKt$asSequence$$inlined$Sequence$1 : loaded 2 times (x 74B)
Class com.google.common.cache.CacheLoader$InvalidCacheLoadException                   : loaded 2 times (x 81B)
Class org.gradle.tooling.model.idea.IdeaCompilerOutput                                : loaded 2 times (x 69B)
Class org.gradle.internal.classloader.DefaultClassLoaderFactory                       : loaded 2 times (x 81B)
Class jdk.internal.jimage.ImageReader$SharedImageReader                               : loaded 2 times (x 94B)
Class org.jetbrains.plugins.gradle.model.internal.TurnOffDefaultTasks                 : loaded 2 times (x 69B)
Class com.google.common.base.Stopwatch                                                : loaded 2 times (x 71B)
Class com.google.common.base.Platform$JdkPatternCompiler                              : loaded 2 times (x 74B)
Class com.amazon.ion.UnsupportedIonVersionException                                   : loaded 2 times (x 84B)
Class org.jetbrains.plugins.gradle.tooling.ModelBuilderService$Parameter              : loaded 2 times (x 69B)
Class com.android.builder.model.v2.ide.AndroidArtifact                                : loaded 2 times (x 69B)
Class com.google.common.cache.LocalCache$LoadingValueReference                        : loaded 2 times (x 95B)
Class kotlin.collections.CollectionsKt__MutableCollectionsKt                          : loaded 2 times (x 70B)
Class org.gradle.tooling.internal.adapter.ProtocolToModelAdapter$DefaultViewBuilder   : loaded 2 times (x 79B)
Class kotlin.ResultKt                                                                 : loaded 2 times (x 70B)
Class com.android.builder.model.v2.ide.AndroidGradlePluginProjectFlags$BooleanFlag    : loaded 2 times (x 78B)
Class com.android.builder.model.v2.ide.CodeShrinker                                   : loaded 2 times (x 78B)
Class com.google.common.collect.Hashing                                               : loaded 2 times (x 70B)
Class com.google.common.io.ByteStreams$LimitedInputStream                             : loaded 2 times (x 91B)
Class com.amazon.ion.impl.LocalSymbolTable                                            : loaded 2 times (x 116B)
Class org.jetbrains.plugins.gradle.model.internal.DummyModel                          : loaded 2 times (x 69B)
Class org.jetbrains.plugins.gradle.model.GradleExtensions                             : loaded 2 times (x 69B)
Class com.google.common.collect.NullsFirstOrdering                                    : loaded 2 times (x 114B)
Class com.google.common.collect.ImmutableRangeSet$ComplementRanges                    : loaded 2 times (x 168B)
Class org.jetbrains.plugins.gradle.tooling.serialization.GradleExtensionsSerializationService$WriteContext: loaded 2 times (x 71B)
Class kotlin.collections.CollectionsKt__ReversedViewsKt                               : loaded 2 times (x 70B)
Class com.google.common.collect.NaturalOrdering                                       : loaded 2 times (x 114B)
Class com.google.common.collect.Multimap                                              : loaded 2 times (x 69B)
Class jdk.internal.jimage.decompressor.ZipDecompressorFactory                         : loaded 2 times (x 73B)
Class com.google.common.collect.ByFunctionOrdering                                    : loaded 2 times (x 114B)
Class com.amazon.ion.impl.LocalSymbolTableAsStruct$Factory                            : loaded 2 times (x 78B)
Class org.gradle.internal.impldep.gnu.trove.PrimeFinder                               : loaded 2 times (x 70B)
Class com.google.common.base.FunctionalEquivalence                                    : loaded 2 times (x 82B)
Class com.amazon.ion.impl.bin.IonRawBinaryWriter$PatchList                            : loaded 2 times (x 84B)
Class org.objectweb.asm.AnnotationVisitor                                             : loaded 2 times (x 77B)
Class org.objectweb.asm.RecordComponentWriter                                         : loaded 2 times (x 77B)
Class com.amazon.ion.impl.bin.Symbols                                                 : loaded 2 times (x 70B)
Class kotlin.sequences.SequenceScope                                                  : loaded 2 times (x 72B)
Class com.google.common.cache.LocalCache$1                                            : loaded 2 times (x 88B)
Class com.google.common.cache.LocalCache$2                                            : loaded 2 times (x 141B)
Class com.amazon.ion.impl.IonWriterSystemText                                         : loaded 2 times (x 189B)
Class com.google.common.collect.RegularImmutableBiMap                                 : loaded 2 times (x 147B)
Class com.android.builder.model.v2.ide.TestedTargetVariant                            : loaded 2 times (x 69B)
Class kotlin.sequences.SequencesKt__SequenceBuilderKt                                 : loaded 2 times (x 70B)
Class org.jetbrains.plugins.gradle.tooling.serialization.internal.IdeaProjectSerializationService$WriteContext$1: loaded 2 times (x 82B)
Class org.jetbrains.plugins.gradle.tooling.serialization.internal.IdeaProjectSerializationService$WriteContext$2: loaded 2 times (x 82B)
Class org.jetbrains.plugins.gradle.model.VersionCatalogsModel                         : loaded 2 times (x 69B)
Class org.jetbrains.plugins.gradle.tooling.serialization.internal.IdeaProjectSerializationService$WriteContext$3: loaded 2 times (x 82B)
Class org.jetbrains.kotlin.idea.gradleTooling.AndroidAwareGradleModelProvider$Companion: loaded 2 times (x 70B)
Class org.jetbrains.plugins.gradle.tooling.serialization.internal.IdeaProjectSerializationService$WriteContext$4: loaded 2 times (x 82B)
Class kotlin.text.StringsKt__StringNumberConversionsKt                                : loaded 2 times (x 70B)
Class org.gradle.internal.classloader.VisitableURLClassLoader$Spec                    : loaded 2 times (x 73B)
Class org.jetbrains.plugins.gradle.tooling.serialization.internal.IdeaProjectSerializationService$WriteContext$5: loaded 2 times (x 82B)
Class org.gradle.tooling.model.ProjectModel                                           : loaded 2 times (x 69B)
Class org.gradle.internal.impldep.gnu.trove.TObjectIdentityHashingStrategy            : loaded 2 times (x 77B)
Class org.jetbrains.plugins.gradle.tooling.serialization.internal.IdeaProjectSerializationService$WriteContext$6: loaded 2 times (x 82B)
Class org.jetbrains.plugins.gradle.tooling.serialization.internal.IdeaProjectSerializationService$WriteContext$7: loaded 2 times (x 82B)
Class org.gradle.tooling.internal.gradle.DefaultProjectIdentifier                     : loaded 2 times (x 85B)
Class org.jetbrains.plugins.gradle.tooling.serialization.internal.IdeaProjectSerializationService$WriteContext$8: loaded 2 times (x 82B)
Class com.intellij.util.containers.IntObjectHashMap                                   : loaded 2 times (x 71B)
Class org.gradle.api.internal.classpath.ModuleRegistry                                : loaded 2 times (x 69B)
Class kotlin.KotlinNothingValueException                                              : loaded 2 times (x 81B)
Class com.google.common.collect.CompoundOrdering                                      : loaded 2 times (x 114B)
Class com.google.common.cache.CacheBuilder                                            : loaded 2 times (x 71B)
Class org.objectweb.asm.ByteVector                                                    : loaded 2 times (x 78B)
Class com.amazon.ion.impl.bin.PooledBlockAllocatorProvider$PooledBlockAllocator       : loaded 2 times (x 80B)
Class org.jetbrains.plugins.gradle.model.RepositoriesModel                            : loaded 2 times (x 69B)
Class kotlin.jvm.internal.markers.KMutableCollection                                  : loaded 2 times (x 69B)
Class org.gradle.api.JavaVersion                                                      : loaded 2 times (x 78B)
Class com.google.common.collect.ImmutableRangeSet                                     : loaded 2 times (x 114B)
Class com.google.common.base.PairwiseEquivalence                                      : loaded 2 times (x 82B)
Class com.google.common.base.Ticker                                                   : loaded 2 times (x 71B)
Class kotlin.jvm.internal.markers.KMappedMarker                                       : loaded 2 times (x 69B)
Class com.amazon.ion.impl.bin.WriteBuffer                                             : loaded 2 times (x 77B)
Class org.gradle.tooling.internal.adapter.TypeInspector                               : loaded 2 times (x 72B)
Class org.gradle.api.internal.ClassPathProvider                                       : loaded 2 times (x 69B)
Class com.google.common.base.Ascii                                                    : loaded 2 times (x 70B)
Class org.objectweb.asm.ModuleWriter                                                  : loaded 2 times (x 81B)
Class org.gradle.internal.classloader.ClasspathUtil$1                                 : loaded 2 times (x 75B)
Class com.android.builder.model.v2.dsl.DependenciesInfo                               : loaded 2 times (x 69B)
Class org.jetbrains.plugins.gradle.tooling.serialization.ExternalTestsSerializationService$ReadContext: loaded 2 times (x 71B)
Class com.google.common.collect.ImmutableEnumMap                                      : loaded 2 times (x 124B)
Class org.gradle.tooling.model.DomainObjectSet                                        : loaded 2 times (x 69B)
Class com.amazon.ion.IonSymbol                                                        : loaded 2 times (x 69B)
Class org.jetbrains.plugins.gradle.model.ExternalProjectDependency                    : loaded 2 times (x 69B)
Class com.google.common.collect.ForwardingMap                                         : loaded 2 times (x 131B)
Class org.jetbrains.plugins.gradle.model.ExternalSourceSet                            : loaded 2 times (x 69B)
Class kotlin.sequences.TransformingSequence                                           : loaded 2 times (x 74B)
Class [Lorg.jetbrains.kotlin.utils.DescriptionAware;                                  : loaded 2 times (x 68B)
Class kotlin.collections.CollectionsKt__MutableCollectionsJVMKt                       : loaded 2 times (x 70B)
Class kotlin.collections.EmptyList                                                    : loaded 2 times (x 135B)
Class com.google.common.cache.AbstractCache$StatsCounter                              : loaded 2 times (x 69B)
Class org.objectweb.asm.FieldVisitor                                                  : loaded 2 times (x 76B)
Class com.android.builder.model.v2.dsl.ProductFlavor                                  : loaded 2 times (x 69B)
Class org.objectweb.asm.Symbol                                                        : loaded 2 times (x 72B)
Class com.android.builder.model.v2.ide.ApiVersion                                     : loaded 2 times (x 69B)
Class com.amazon.ion.impl.bin.BlockAllocator                                          : loaded 2 times (x 79B)
Class com.google.common.collect.Ordering                                              : loaded 2 times (x 113B)
Class com.google.common.cache.LocalCache$Strength$1                                   : loaded 2 times (x 80B)
Class com.amazon.ion.IonCatalog                                                       : loaded 2 times (x 69B)
Class com.google.common.collect.EmptyImmutableListMultimap                            : loaded 2 times (x 175B)
Class com.google.common.cache.LocalCache$Strength$2                                   : loaded 2 times (x 80B)
Class com.google.common.cache.LocalCache$Strength$3                                   : loaded 2 times (x 80B)
Class org.gradle.internal.classloader.ClassLoaderFactory                              : loaded 2 times (x 69B)
Class com.amazon.ion.impl.bin.IonManagedBinaryWriter$LocalSymbolTableView             : loaded 2 times (x 106B)
Class com.google.common.util.concurrent.AbstractFuture$Waiter                         : loaded 2 times (x 71B)
Class com.amazon.ion.system.IonWriterBuilder                                          : loaded 2 times (x 73B)
Class kotlin.jvm.internal.FunctionReference                                           : loaded 2 times (x 121B)
Class com.google.common.util.concurrent.Uninterruptibles                              : loaded 2 times (x 70B)
Class kotlin.coroutines.EmptyCoroutineContext                                         : loaded 2 times (x 76B)
Class jdk.internal.jimage.ImageHeader                                                 : loaded 2 times (x 70B)
Class com.amazon.ion.impl.lite.IonListLite                                            : loaded 2 times (x 458B)
Class com.android.ide.common.repository.GradleVersion                                 : loaded 2 times (x 92B)
Class org.jetbrains.plugins.gradle.model.FileCollectionDependency                     : loaded 2 times (x 69B)
Class org.gradle.api.internal.classpath.ManifestUtil                                  : loaded 2 times (x 70B)
Class org.gradle.api.specs.Spec                                                       : loaded 2 times (x 69B)
Class com.google.common.collect.RangeSet                                              : loaded 2 times (x 69B)
Class com.google.common.cache.CacheLoader$UnsupportedLoadingOperationException        : loaded 2 times (x 81B)
Class kotlin.jvm.internal.Intrinsics                                                  : loaded 2 times (x 70B)
Class com.amazon.ion.impl.bin._Private_IonManagedBinaryWriterBuilder                  : loaded 2 times (x 71B)
Class com.google.common.util.concurrent.ListenableFuture                              : loaded 2 times (x 69B)
Class com.amazon.ion.impl.lite._Private_LiteDomTrampoline                             : loaded 2 times (x 70B)
Class com.amazon.ion.impl.lite.IonValueLite                                           : loaded 2 times (x 144B)
Class com.amazon.ion.IonValue                                                         : loaded 2 times (x 69B)
Class com.amazon.ion.impl.bin.PooledBlockAllocatorProvider$PooledBlockAllocator$1     : loaded 2 times (x 78B)
Class com.amazon.ion.system.IonReaderBuilder$Mutable                                  : loaded 2 times (x 84B)
Class org.gradle.tooling.internal.gradle.GradleBuildIdentity                          : loaded 2 times (x 69B)
Class kotlin.text.StringsKt___StringsJvmKt                                            : loaded 2 times (x 70B)
Class org.gradle.tooling.internal.adapter.ProtocolToModelAdapter$ReflectionMethodInvoker: loaded 2 times (x 75B)
Class org.jetbrains.plugins.gradle.model.GradleConfiguration                          : loaded 2 times (x 69B)
Class com.google.common.collect.BaseImmutableMultimap                                 : loaded 2 times (x 122B)
Class kotlin.ranges.OpenEndRange                                                      : loaded 2 times (x 69B)
Class com.google.common.util.concurrent.AbstractFuture$UnsafeAtomicHelper             : loaded 2 times (x 77B)
Class com.google.common.base.Equivalence$Equals                                       : loaded 2 times (x 81B)
Class com.amazon.ion.impl.bin.PooledBlockAllocatorProvider                            : loaded 2 times (x 72B)
Class kotlin.coroutines.CoroutineContext                                              : loaded 2 times (x 69B)
Class com.amazon.ion.SymbolToken                                                      : loaded 2 times (x 69B)
Class com.amazon.ion.impl.lite.IonSequenceLite                                        : loaded 2 times (x 394B)
Class com.amazon.ion.IonList                                                          : loaded 2 times (x 69B)
Class com.android.builder.model.v2.ide.JavaArtifact                                   : loaded 2 times (x 69B)
Class com.google.common.collect.AllEqualOrdering                                      : loaded 2 times (x 113B)
Class com.android.builder.model.v2.dsl.SigningConfig                                  : loaded 2 times (x 69B)
Class com.google.common.collect.ComparatorOrdering                                    : loaded 2 times (x 114B)
Class org.gradle.tooling.GradleConnectionException                                    : loaded 2 times (x 81B)
Class org.jetbrains.plugins.gradle.model.FilePatternSet                               : loaded 2 times (x 69B)
Class com.amazon.ion.impl._Private_IonWriter                                          : loaded 2 times (x 69B)
Class kotlin.collections.ArrayDeque                                                   : loaded 2 times (x 168B)
Class com.google.common.cache.ReferenceEntry                                          : loaded 2 times (x 69B)
Class org.gradle.tooling.internal.adapter.ObjectGraphAdapter                          : loaded 2 times (x 69B)
Class com.google.common.primitives.IntsMethodsForWeb                                  : loaded 2 times (x 70B)
Class com.google.common.collect.LexicographicalOrdering                               : loaded 2 times (x 114B)
Class kotlin.sequences.SequencesKt                                                    : loaded 2 times (x 70B)
Class com.google.common.collect.RangeGwtSerializationDependencies                     : loaded 2 times (x 70B)
Class com.amazon.ion.impl.lite.IonLoaderLite                                          : loaded 2 times (x 81B)
Class kotlin.collections.EmptyIterator                                                : loaded 2 times (x 88B)
Class com.google.common.collect.Maps                                                  : loaded 2 times (x 70B)
Class com.amazon.ion.impl._Private_ByteTransferSink                                   : loaded 2 times (x 69B)
Class [Lcom.amazon.ion.SymbolTable;                                                   : loaded 2 times (x 68B)
Class jdk.internal.jimage.decompressor.StringSharingDecompressorFactory               : loaded 2 times (x 73B)
Class com.amazon.ion.impl._Private_IonValue                                           : loaded 2 times (x 69B)
Class com.android.ide.gradle.model.LegacyV1AgpVersionModel                            : loaded 2 times (x 69B)
Class kotlin.jvm.internal.FunctionReferenceImpl                                       : loaded 2 times (x 121B)
Class com.google.common.collect.ImmutableMultimap$Builder                             : loaded 2 times (x 82B)
Class kotlin.comparisons.ComparisonsKt___ComparisonsJvmKt                             : loaded 2 times (x 70B)
Class com.android.builder.model.v2.ide.VectorDrawablesOptions                         : loaded 2 times (x 69B)
Class com.android.builder.model.v2.ide.JavaCompileOptions                             : loaded 2 times (x 69B)
Class org.jetbrains.plugins.gradle.tooling.serialization.internal.adapter.InternalBuildIdentifier: loaded 2 times (x 74B)
Class com.android.builder.model.v2.ide.TestInfo$Execution                             : loaded 2 times (x 78B)
Class org.gradle.api.internal.classpath.EffectiveClassPath                            : loaded 2 times (x 89B)
Class com.amazon.ion.impl.bin.IonRawBinaryWriter$StreamFlushMode                      : loaded 2 times (x 78B)
Class com.amazon.ion.impl._Private_ValueFactory                                       : loaded 2 times (x 69B)
Class com.google.common.io.Files                                                      : loaded 2 times (x 70B)
Class kotlin.jvm.internal.DefaultConstructorMarker                                    : loaded 2 times (x 70B)
Class com.amazon.ion.impl.lite.IonBoolLite                                            : loaded 2 times (x 150B)
Class com.android.builder.model.v2.ide.Installation                                   : loaded 2 times (x 69B)
Class com.google.common.cache.CacheLoader$FunctionToCacheLoader                       : loaded 2 times (x 74B)
Class kotlin.text.MatchGroupCollection                                                : loaded 2 times (x 69B)
Class com.google.common.cache.CacheBuilder$1                                          : loaded 2 times (x 84B)
Class com.google.common.cache.CacheBuilder$2                                          : loaded 2 times (x 71B)
Class com.amazon.ion.IonSexp                                                          : loaded 2 times (x 69B)
Class com.amazon.ion.impl.lite.IonSystemLite                                          : loaded 2 times (x 274B)
Class com.android.builder.model.v2.models.Versions                                    : loaded 2 times (x 69B)
Class [Lcom.google.common.cache.RemovalListener;                                      : loaded 2 times (x 68B)
Class [Lcom.google.common.collect.ImmutableMapEntry;                                  : loaded 2 times (x 68B)
Class org.gradle.tooling.model.idea.IdeaDependency                                    : loaded 2 times (x 69B)
Class org.jetbrains.kotlin.idea.gradleTooling.model.annotation.AnnotationBasedPluginModel: loaded 2 times (x 69B)
Class com.amazon.ion.impl.bin.IonManagedBinaryWriter$SymbolResolverBuilder            : loaded 2 times (x 69B)
Class org.jetbrains.kotlin.idea.gradleTooling.model.assignment.AssignmentModel        : loaded 2 times (x 69B)
Class com.android.builder.model.v2.models.VariantDependencies                         : loaded 2 times (x 69B)
Class kotlin.sequences.SequencesKt___SequencesKt$filterNotNull$1                      : loaded 2 times (x 77B)
Class org.jetbrains.plugins.gradle.tooling.serialization.ExternalProjectSerializationService: loaded 2 times (x 76B)
Class org.gradle.internal.installation.CurrentGradleInstallation                      : loaded 2 times (x 72B)
Class org.gradle.internal.agents.InstrumentingClassLoader                             : loaded 2 times (x 69B)
Class org.gradle.internal.installation.CurrentGradleInstallationLocator               : loaded 2 times (x 70B)
Class [Lcom.google.common.cache.LocalCache$Segment;                                   : loaded 2 times (x 68B)
Class com.amazon.ion.impl.LocalSymbolTableAsStruct                                    : loaded 2 times (x 118B)
Class com.amazon.ion.impl.lite.IonClobLite                                            : loaded 2 times (x 161B)
Class kotlin.collections.CollectionsKt__IteratorsJVMKt                                : loaded 2 times (x 70B)
Class org.gradle.api.internal.classpath.Module                                        : loaded 2 times (x 69B)
Class [Lcom.amazon.ion.impl.bin.IonRawBinaryWriter$PreallocationMode;                 : loaded 2 times (x 68B)
Class com.amazon.ion.impl.bin.AbstractSymbolTable                                     : loaded 2 times (x 106B)
Class kotlin.sequences.FilteringSequence                                              : loaded 2 times (x 74B)
Class com.google.common.collect.ImmutableSortedSet                                    : loaded 2 times (x 234B)
Class org.jetbrains.plugins.gradle.tooling.serialization.ProjectDependenciesSerializationService$ReadContext: loaded 2 times (x 71B)
Class org.jetbrains.plugins.gradle.tooling.serialization.internal.IdeaProjectSerializationService$WriteContext: loaded 2 times (x 71B)
Class org.gradle.tooling.internal.adapter.ViewBuilder                                 : loaded 2 times (x 69B)
Class com.amazon.ion.impl.lite.IonNullLite                                            : loaded 2 times (x 147B)
Class org.gradle.tooling.internal.adapter.ProtocolToModelAdapter                      : loaded 2 times (x 79B)
Class kotlin.sequences.SequencesKt__SequencesKt                                       : loaded 2 times (x 70B)
Class kotlin.sequences.SequencesKt__SequencesJVMKt                                    : loaded 2 times (x 70B)
Class com.google.common.collect.ImmutableSet$JdkBackedSetBuilderImpl                  : loaded 2 times (x 75B)
Class [Lcom.amazon.ion.IonType;                                                       : loaded 2 times (x 68B)
Class org.gradle.tooling.internal.adapter.WeakIdentityHashMap$WeakKey                 : loaded 2 times (x 78B)
Class [Lorg.jetbrains.kotlin.config.LanguageOrApiVersion;                             : loaded 2 times (x 68B)
Class com.amazon.ion.UnknownSymbolException                                           : loaded 2 times (x 85B)
Class [Lorg.objectweb.asm.AnnotationWriter;                                           : loaded 2 times (x 68B)
Class org.gradle.internal.service.CachingServiceLocator                               : loaded 2 times (x 81B)
Class com.amazon.ion.IonSystem                                                        : loaded 2 times (x 69B)
Class kotlin.NoWhenBranchMatchedException                                             : loaded 2 times (x 81B)
Class org.gradle.internal.time.Timer                                                  : loaded 2 times (x 69B)
Class [Lcom.google.common.collect.ImmutableEntry;                                     : loaded 2 times (x 68B)
Class com.amazon.ion.impl.bin.IonRawBinaryWriter$RecyclingStack$ElementFactory        : loaded 2 times (x 69B)
Class org.jetbrains.plugins.gradle.model.tests.ExternalTestsModel                     : loaded 2 times (x 69B)
Class org.jetbrains.kotlin.idea.gradleTooling.KotlinDslScriptAdditionalTask           : loaded 2 times (x 69B)
Class kotlin.text.StringsKt__StringBuilderKt                                          : loaded 2 times (x 70B)
Class org.jetbrains.plugins.gradle.tooling.util.ObjectCollector                       : loaded 2 times (x 71B)
Class kotlin.sequences.FilteringSequence$iterator$1                                   : loaded 2 times (x 78B)
Class org.gradle.internal.classpath.DefaultClassPath                                  : loaded 2 times (x 89B)
Class kotlin.sequences.FlatteningSequence                                             : loaded 2 times (x 74B)
Class kotlin.Result                                                                   : loaded 2 times (x 71B)
Class org.gradle.internal.impldep.gnu.trove.TObjectHash$NULL                          : loaded 2 times (x 70B)
Class com.google.common.util.concurrent.AbstractFuture$SetFuture                      : loaded 2 times (x 74B)
Class kotlin.collections.CollectionsKt__CollectionsJVMKt                              : loaded 2 times (x 70B)
Class org.jetbrains.plugins.gradle.tooling.serialization.GradleExtensionsSerializationService$ReadContext: loaded 2 times (x 71B)
Class kotlin.sequences.SequencesKt___SequencesKt                                      : loaded 2 times (x 70B)
Class org.jetbrains.plugins.gradle.tooling.serialization.internal.IdeaProjectSerializationService: loaded 2 times (x 76B)
Class org.gradle.internal.impldep.gnu.trove.TObjectIntHashMap                         : loaded 2 times (x 108B)
Class org.gradle.tooling.model.idea.IdeaProject                                       : loaded 2 times (x 69B)
Class org.gradle.tooling.model.Element                                                : loaded 2 times (x 69B)
Class com.android.builder.model.v2.ide.PrivacySandboxSdkInfo                          : loaded 2 times (x 69B)
Class kotlin.sequences.FlatteningSequence$iterator$1                                  : loaded 2 times (x 78B)
Class [Lcom.amazon.ion.impl.bin.IonManagedBinaryWriter$SymbolState;                   : loaded 2 times (x 68B)
Class jdk.internal.jimage.BasicImageReader                                            : loaded 2 times (x 94B)
Class kotlin.collections.SetsKt__SetsJVMKt                                            : loaded 2 times (x 70B)
Class com.amazon.ion.IonLob                                                           : loaded 2 times (x 69B)
Class kotlin.collections.MapsKt___MapsJvmKt                                           : loaded 2 times (x 70B)
Class com.amazon.ion.impl.lite.IonContainerLite                                       : loaded 2 times (x 245B)
Class org.gradle.internal.impldep.gnu.trove.TObjectHash                               : loaded 2 times (x 93B)
Class com.google.common.collect.ImmutableMultisetGwtSerializationDependencies         : loaded 2 times (x 124B)
Class [Lcom.amazon.ion.impl.bin.IonRawBinaryWriter$StreamFlushMode;                   : loaded 2 times (x 68B)
Class com.intellij.openapi.externalSystem.model.project.dependencies.ProjectDependencies: loaded 2 times (x 69B)
Class com.google.common.collect.ImmutableListMultimap                                 : loaded 2 times (x 175B)
Class com.google.common.cache.LocalCache$LocalManualCache$1                           : loaded 2 times (x 74B)
Class kotlin.enums.EnumEntriesList                                                    : loaded 2 times (x 184B)
Class Build_gradle$1                                                                  : loaded 2 times (x 73B)
Class kotlin.ranges.IntProgressionIterator                                            : loaded 2 times (x 81B)
Class [Lorg.gradle.api.JavaVersion;                                                   : loaded 2 times (x 68B)
Class org.jetbrains.kotlin.idea.gradleTooling.PrepareKotlinIdeImportTaskModel         : loaded 2 times (x 69B)
Class jdk.internal.jimage.ImageLocation                                               : loaded 2 times (x 89B)
Class com.amazon.ion.impl.bin.IonRawBinaryWriter$PreallocationMode                    : loaded 2 times (x 80B)
Class com.google.common.collect.Lists$RandomAccessReverseList                         : loaded 2 times (x 161B)
Class kotlin.jvm.functions.Function0                                                  : loaded 2 times (x 69B)
Class org.gradle.tooling.internal.adapter.TargetTypeProvider                          : loaded 2 times (x 69B)
Class com.amazon.ion.impl.bin.IonManagedBinaryWriter$ImportedSymbolContext            : loaded 2 times (x 71B)
Class org.gradle.internal.impldep.com.google.common.base.Preconditions                : loaded 2 times (x 70B)
Class kotlin.jvm.functions.Function1                                                  : loaded 2 times (x 69B)
Class org.jetbrains.kotlin.idea.gradleTooling.AndroidAwareGradleModelProvider         : loaded 2 times (x 79B)
Class kotlin.jvm.functions.Function2                                                  : loaded 2 times (x 69B)
Class org.objectweb.asm.SymbolTable$Entry                                             : loaded 2 times (x 73B)
Class [Lcom.google.common.cache.LocalCache$EntryFactory;                              : loaded 2 times (x 68B)
Class kotlin.jvm.functions.Function4                                                  : loaded 2 times (x 69B)
Class jdk.internal.jimage.ImageReader$Node                                            : loaded 2 times (x 83B)
Class com.amazon.ion.IonText                                                          : loaded 2 times (x 69B)
Class com.android.builder.model.v2.ide.Variant                                        : loaded 2 times (x 69B)
Class com.google.common.base.Platform                                                 : loaded 2 times (x 70B)
Class org.gradle.internal.time.Time                                                   : loaded 2 times (x 70B)
Class jdk.internal.jimage.decompressor.CompressedResourceHeader                       : loaded 2 times (x 70B)
Class com.android.builder.model.v2.ide.SourceProvider                                 : loaded 2 times (x 69B)
Class org.gradle.internal.time.TimeSource$1                                           : loaded 2 times (x 76B)
Class [Lkotlin.coroutines.intrinsics.CoroutineSingletons;                             : loaded 2 times (x 68B)
Class com.amazon.ion.IonSequence                                                      : loaded 2 times (x 69B)
Class kotlin.ranges.ClosedRange                                                       : loaded 2 times (x 69B)
Class org.jetbrains.plugins.gradle.tooling.serialization.RepositoriesModelSerializationService$WriteContext: loaded 2 times (x 71B)
Class kotlin.KotlinNullPointerException                                               : loaded 2 times (x 82B)
Class jdk.internal.jrtfs.JrtPath                                                      : loaded 2 times (x 117B)
Class com.google.common.cache.CacheLoader                                             : loaded 2 times (x 73B)
Class jdk.internal.jimage.ImageStrings                                                : loaded 2 times (x 69B)
Class kotlin.io.NoSuchFileException                                                   : loaded 2 times (x 81B)
Class org.objectweb.asm.MethodTooLargeException                                       : loaded 2 times (x 82B)
Class kotlin.reflect.KAnnotatedElement                                                : loaded 2 times (x 69B)
Class com.android.ide.gradle.model.composites.BuildMap                                : loaded 2 times (x 69B)
Class kotlin.ranges.RangesKt___RangesKt                                               : loaded 2 times (x 70B)
Class jdk.internal.jrtfs.JrtFileAttributes                                            : loaded 2 times (x 82B)
Class com.android.ide.gradle.model.LegacyAndroidGradlePluginProperties                : loaded 2 times (x 69B)
Class kotlin.collections.CollectionsKt___CollectionsKt                                : loaded 2 times (x 70B)
Class com.google.common.cache.Cache                                                   : loaded 2 times (x 69B)
Class kotlin.sequences.SequencesKt__SequenceBuilderKt$sequence$$inlined$Sequence$1    : loaded 2 times (x 74B)
Class com.intellij.gradle.toolingExtension.impl.model.taskModel.GradleTaskModel       : loaded 2 times (x 69B)
Class org.jetbrains.kotlin.config.ApiVersion                                          : loaded 2 times (x 85B)
Class org.gradle.tooling.internal.adapter.ProtocolToModelAdapter$MixInMappingAction   : loaded 2 times (x 79B)
Class org.gradle.internal.classloader.SystemClassLoaderSpec                           : loaded 2 times (x 70B)
Class com.google.common.util.concurrent.internal.InternalFutureFailureAccess          : loaded 2 times (x 71B)
Class com.amazon.ion.impl.bin.AbstractIonWriter                                       : loaded 2 times (x 160B)
Class org.jetbrains.plugins.gradle.tooling.serialization.AnnotationProcessingModelSerializationService$ReadContext: loaded 2 times (x 71B)
Class com.google.common.base.Charsets                                                 : loaded 2 times (x 70B)
Class org.jetbrains.kotlin.utils.DescriptionAware                                     : loaded 2 times (x 69B)
Class com.google.common.primitives.Ints$IntConverter                                  : loaded 2 times (x 89B)
Class com.amazon.ion.impl.bin.IonBinaryWriterAdapter$Factory                          : loaded 2 times (x 69B)
Class com.amazon.ion.system.IonWriterBuilderBase                                      : loaded 2 times (x 82B)
Class org.jetbrains.plugins.gradle.tooling.serialization.RepositoriesModelSerializationService: loaded 2 times (x 81B)
Class org.jetbrains.plugins.gradle.tooling.serialization.ProjectDependenciesSerializationService: loaded 2 times (x 76B)
Class org.gradle.tooling.internal.adapter.WeakIdentityHashMap$AbsentValueProvider     : loaded 2 times (x 69B)
Class com.android.builder.model.v2.ide.BytecodeTransformation                         : loaded 2 times (x 78B)
Class com.google.common.collect.ImmutableMap$Builder                                  : loaded 2 times (x 81B)
Class org.gradle.tooling.model.Dependency                                             : loaded 2 times (x 69B)
Class com.android.builder.model.v2.models.ndk.NativeModule                            : loaded 2 times (x 69B)
Class kotlin.io.FileAlreadyExistsException                                            : loaded 2 times (x 81B)
Class org.jetbrains.kotlin.cli.common.CompilerSystemProperties$Companion              : loaded 2 times (x 70B)
Class com.amazon.ion.impl.bin.IonRawBinaryWriter$1                                    : loaded 2 times (x 76B)
Class org.jetbrains.plugins.gradle.tooling.serialization.AnnotationProcessingModelSerializationService: loaded 2 times (x 76B)
Class com.amazon.ion.impl.IonWriterSystemTextMarkup                                   : loaded 2 times (x 191B)
Class org.objectweb.asm.ClassWriter                                                   : loaded 2 times (x 105B)
Class com.amazon.ion.IonFloat                                                         : loaded 2 times (x 69B)
Class com.amazon.ion.impl.bin.IonManagedBinaryWriter$ImportedSymbolResolverMode$1     : loaded 2 times (x 79B)
Class com.amazon.ion.impl.bin.IonManagedBinaryWriter$ImportedSymbolResolverMode$2     : loaded 2 times (x 79B)
Class com.amazon.ion.facet.Faceted                                                    : loaded 2 times (x 69B)
Class jdk.internal.jimage.decompressor.ResourceDecompressorRepository                 : loaded 2 times (x 70B)
Class com.amazon.ion.impl.bin.IonRawBinaryWriter$ContainerType                        : loaded 2 times (x 78B)
Class com.google.common.collect.Range                                                 : loaded 2 times (x 86B)
Class org.jetbrains.kotlin.config.LanguageVersion                                     : loaded 2 times (x 90B)
Class kotlin.collections.SetsKt                                                       : loaded 2 times (x 70B)
Class kotlin.jvm.internal.FunctionBase                                                : loaded 2 times (x 69B)
Class org.jetbrains.kotlin.config.MavenComparableVersion$Item                         : loaded 2 times (x 69B)
Class com.amazon.ion.impl.BlockedBuffer$BufferedOutputStream                          : loaded 2 times (x 89B)
Class com.android.builder.model.v2.models.AndroidDsl                                  : loaded 2 times (x 69B)
Class kotlin.text.MatcherMatchResult                                                  : loaded 2 times (x 79B)
Class [Lcom.google.common.cache.CacheBuilder$OneWeigher;                              : loaded 2 times (x 68B)
Class com.amazon.ion.impl.bin.IonManagedBinaryWriter$SymbolResolver                   : loaded 2 times (x 69B)
Class kotlin.Function                                                                 : loaded 2 times (x 69B)
Class com.amazon.ion.impl._Private_ReaderWriter                                       : loaded 2 times (x 69B)
Class org.jetbrains.plugins.gradle.tooling.serialization.BuildScriptClasspathModelSerializationService$ReadContext: loaded 2 times (x 71B)
Class com.android.builder.model.v2.ide.AaptOptions                                    : loaded 2 times (x 69B)
Class com.google.common.cache.LocalCache$ComputingValueReference                      : loaded 2 times (x 95B)
Class org.jetbrains.plugins.gradle.tooling.util.ObjectCollector$Processor             : loaded 2 times (x 69B)
Class com.amazon.ion.IonNull                                                          : loaded 2 times (x 69B)
Class com.amazon.ion.impl.lite.IonTextLite                                            : loaded 2 times (x 153B)
Class kotlin.coroutines.jvm.internal.RestrictedContinuationImpl                       : loaded 2 times (x 86B)
Class [Lcom.google.common.io.FileWriteMode;                                           : loaded 2 times (x 68B)
Class com.google.common.io.Files$FileByteSink                                         : loaded 2 times (x 76B)
Class kotlin.io.FilesKt__FileReadWriteKt                                              : loaded 2 times (x 70B)
Class com.android.ide.gradle.model.GradlePropertiesModel                              : loaded 2 times (x 69B)
Class org.gradle.tooling.model.gradle.GradleScript                                    : loaded 2 times (x 69B)
Class [Lcom.android.builder.model.v2.ide.AndroidGradlePluginProjectFlags$BooleanFlag; : loaded 2 times (x 68B)
Class com.amazon.ion.SubstituteSymbolTableException                                   : loaded 2 times (x 83B)
Class com.google.common.base.ExtraObjectsMethodsForWeb                                : loaded 2 times (x 70B)
Class com.android.ide.gradle.model.artifacts.AdditionalClassifierArtifactsModel       : loaded 2 times (x 69B)
Class org.gradle.tooling.internal.adapter.ProtocolToModelAdapter$ViewKey              : loaded 2 times (x 71B)
Class com.google.common.collect.IndexedImmutableSet$1                                 : loaded 2 times (x 173B)
Class com.google.common.collect.AbstractListMultimap                                  : loaded 2 times (x 171B)
Class jdk.internal.jimage.decompressor.ResourceDecompressor$StringsProvider           : loaded 2 times (x 69B)
Class com.amazon.ion.system.IonSystemBuilder$Mutable                                  : loaded 2 times (x 74B)
Class jdk.internal.jimage.decompressor.Decompressor                                   : loaded 2 times (x 71B)
Class com.android.builder.model.v2.ide.AbstractArtifact                               : loaded 2 times (x 69B)
Class com.google.common.cache.LocalCache$Strength                                     : loaded 2 times (x 80B)
Class jdk.internal.jrtfs.JrtFileSystem                                                : loaded 2 times (x 101B)
Class com.google.common.collect.SortedIterable                                        : loaded 2 times (x 69B)
Class com.google.common.collect.ArrayListMultimapGwtSerializationDependencies         : loaded 2 times (x 171B)
Class kotlin.Unit                                                                     : loaded 2 times (x 70B)
Class com.amazon.ion.impl.lite.IonStringLite                                          : loaded 2 times (x 158B)
Class kotlin.io.FilePathComponents                                                    : loaded 2 times (x 71B)
Class org.objectweb.asm.Handler                                                       : loaded 2 times (x 71B)
Class org.gradle.internal.impldep.gnu.trove.TObjectIntProcedure                       : loaded 2 times (x 69B)
Class kotlin.collections.CollectionsKt                                                : loaded 2 times (x 70B)
Class org.gradle.tooling.internal.gradle.GradleProjectIdentity                        : loaded 2 times (x 69B)
Class kotlin.collections.ArraysKt___ArraysJvmKt                                       : loaded 2 times (x 70B)
Class kotlin.collections.CollectionsKt___CollectionsJvmKt                             : loaded 2 times (x 70B)
Class com.amazon.ion.impl.bin.IonRawBinaryWriter$StreamCloseMode                      : loaded 2 times (x 78B)
Class jdk.internal.jrtfs.JrtFileSystemProvider                                        : loaded 2 times (x 98B)
Class com.google.common.cache.LocalCache$ValueReference                               : loaded 2 times (x 69B)
Class org.gradle.tooling.internal.adapter.MethodInvocation                            : loaded 2 times (x 84B)
Class org.gradle.internal.time.Clock                                                  : loaded 2 times (x 69B)
Class org.gradle.internal.time.CountdownTimer                                         : loaded 2 times (x 69B)
Class ijInit1_11vqlwagrmqhcgwnw0hsow9sa                                               : loaded 2 times (x 178B)
Class com.amazon.ion.impl.bin.IonRawBinaryWriter$PatchPoint                           : loaded 2 times (x 70B)
Class org.gradle.internal.classloader.ClasspathUtil                                   : loaded 2 times (x 70B)
Class kotlin.ranges.RangesKt__RangesKt                                                : loaded 2 times (x 70B)
Class org.objectweb.asm.CurrentFrame                                                  : loaded 2 times (x 72B)
Class jdk.internal.jrtfs.JrtDirectoryStream                                           : loaded 2 times (x 88B)
Class com.amazon.ion.IonInt                                                           : loaded 2 times (x 69B)
Class com.google.common.util.concurrent.AbstractFuture                                : loaded 2 times (x 94B)
Class kotlin.NotImplementedError                                                      : loaded 2 times (x 81B)
Class org.jetbrains.kotlin.tooling.core.HasMutableExtras                              : loaded 2 times (x 69B)
Class com.amazon.ion.impl._Private_IonSymbol                                          : loaded 2 times (x 69B)
Class com.amazon.ion.impl._Private_IonBinaryWriterBuilder$Mutable                     : loaded 2 times (x 108B)
Class org.gradle.tooling.model.BuildIdentifier                                        : loaded 2 times (x 69B)
Class jdk.internal.jimage.decompressor.ResourceDecompressor                           : loaded 2 times (x 69B)
Class kotlin.collections.CollectionsKt__IteratorsKt                                   : loaded 2 times (x 70B)
Class com.google.common.collect.ReverseOrdering                                       : loaded 2 times (x 114B)
Class com.google.common.base.Ticker$1                                                 : loaded 2 times (x 71B)
Class com.google.common.collect.Maps$BiMapConverter                                   : loaded 2 times (x 89B)
Class org.gradle.api.internal.DefaultClassPathRegistry                                : loaded 2 times (x 75B)
Class org.jetbrains.kotlin.config.LanguageOrApiVersion                                : loaded 2 times (x 69B)
Class com.google.common.base.Splitter$5                                               : loaded 2 times (x 79B)
Class [Lorg.objectweb.asm.Symbol;                                                     : loaded 2 times (x 68B)
Class com.google.common.util.concurrent.AbstractFuture$Cancellation                   : loaded 2 times (x 71B)
Class com.amazon.ion.impl.bin.AbstractIonWriter$WriteValueOptimization                : loaded 2 times (x 78B)
Class com.amazon.ion.impl.bin._Private_IonRawWriter                                   : loaded 2 times (x 69B)
Class com.amazon.ion.impl.bin.IonManagedBinaryWriter$UserState                        : loaded 2 times (x 84B)
Class org.gradle.api.internal.classpath.DefaultModuleRegistry$DefaultModule           : loaded 2 times (x 85B)
Class com.amazon.ion.ReadOnlyValueException                                           : loaded 2 times (x 83B)
Class org.gradle.tooling.model.build.GradleEnvironment                                : loaded 2 times (x 69B)
Class org.jetbrains.kotlin.config.ApiVersion$Companion                                : loaded 2 times (x 70B)
Class com.amazon.ion.IonException                                                     : loaded 2 times (x 83B)
Class [Lcom.android.builder.model.v2.ide.AaptOptions$Namespacing;                     : loaded 2 times (x 68B)
Class com.google.common.collect.ImmutableSortedAsList                                 : loaded 2 times (x 181B)
Class com.amazon.ion.impl.bin.IonManagedBinaryWriter$SymbolState                      : loaded 2 times (x 79B)
Class org.jetbrains.plugins.gradle.tooling.serialization.ExternalTestsSerializationService$WriteContext: loaded 2 times (x 71B)
Class kotlin.text.StringsKt__StringsKt                                                : loaded 2 times (x 70B)
Class org.gradle.internal.time.TimeSource                                             : loaded 2 times (x 69B)
Class kotlin.comparisons.ComparisonsKt___ComparisonsKt                                : loaded 2 times (x 70B)
Class com.google.common.base.Suppliers$SupplierOfInstance                             : loaded 2 times (x 78B)
Class org.objectweb.asm.RecordComponentVisitor                                        : loaded 2 times (x 76B)
Class kotlin.text.Regex$Companion                                                     : loaded 2 times (x 70B)
Class [Lorg.jetbrains.kotlin.cli.common.CompilerSystemProperties;                     : loaded 2 times (x 68B)
Class com.amazon.ion.impl.bin.IonManagedBinaryWriter$SymbolState$1                    : loaded 2 times (x 79B)
Class com.amazon.ion.impl.bin.IonManagedBinaryWriter$SymbolState$2                    : loaded 2 times (x 79B)
Class com.amazon.ion.impl.bin.IonManagedBinaryWriter$SymbolState$3                    : loaded 2 times (x 79B)
Class com.intellij.util.containers.IntObjectHashMap$ArrayProducer                     : loaded 2 times (x 69B)
Class com.google.common.cache.LocalCache$HashIterator                                 : loaded 2 times (x 85B)
Class com.amazon.ion.impl.bin.IonManagedBinaryWriter$SymbolState$4                    : loaded 2 times (x 79B)
Class org.jetbrains.kotlin.android.synthetic.idea.AndroidExtensionsGradleModel        : loaded 2 times (x 69B)
Class [Lcom.intellij.openapi.externalSystem.model.project.dependencies.ResolutionState;: loaded 2 times (x 68B)
Class org.jetbrains.kotlin.cli.common.CompilerSystemProperties$value$1                : loaded 2 times (x 124B)
Class com.google.common.cache.LocalCache$WriteThroughEntry                            : loaded 2 times (x 78B)
Class org.objectweb.asm.ClassTooLargeException                                        : loaded 2 times (x 82B)
Class com.intellij.openapi.externalSystem.model.project.dependencies.ResolutionState  : loaded 2 times (x 78B)
Class org.jetbrains.kotlin.config.LanguageVersion$Companion                           : loaded 2 times (x 70B)
Class org.gradle.api.internal.classpath.UnknownModuleException                        : loaded 2 times (x 81B)
Class com.amazon.ion.system.SimpleCatalog                                             : loaded 2 times (x 90B)
Class kotlin.coroutines.intrinsics.IntrinsicsKt__IntrinsicsJvmKt                      : loaded 2 times (x 70B)
Class com.google.common.util.concurrent.AbstractFuture$Listener                       : loaded 2 times (x 71B)
Class kotlin.collections.MapsKt__MapsJVMKt                                            : loaded 2 times (x 70B)
Class com.amazon.ion.IonNumber                                                        : loaded 2 times (x 69B)
Class org.objectweb.asm.Edge                                                          : loaded 2 times (x 71B)
Class com.android.ide.gradle.model.GradlePluginModel                                  : loaded 2 times (x 69B)
Class com.google.common.collect.Maps$EntryTransformer                                 : loaded 2 times (x 69B)
Class org.jetbrains.plugins.gradle.model.ProjectImportModelProvider                   : loaded 2 times (x 69B)
Class org.jetbrains.plugins.gradle.tooling.serialization.GradleExtensionsSerializationService: loaded 2 times (x 76B)
Class kotlin.collections.ArraysKt___ArraysKt                                          : loaded 2 times (x 70B)
Class com.google.common.io.ByteArrayDataInput                                         : loaded 2 times (x 69B)
Class com.android.builder.model.v2.ide.AaptOptions$Namespacing                        : loaded 2 times (x 78B)
Class com.amazon.ion.IonContainer                                                     : loaded 2 times (x 69B)
Class com.amazon.ion.impl.lite.ValueFactoryLite                                       : loaded 2 times (x 217B)
Class com.amazon.ion.impl._Private_IonWriterBase                                      : loaded 2 times (x 161B)
Class kotlin.coroutines.Continuation                                                  : loaded 2 times (x 69B)
Class [Lorg.objectweb.asm.SymbolTable$Entry;                                          : loaded 2 times (x 68B)
Class kotlin.text.StringsKt__StringNumberConversionsJVMKt                             : loaded 2 times (x 70B)
Class com.google.common.collect.SingletonImmutableBiMap                               : loaded 2 times (x 142B)
Class kotlin.ranges.IntProgression$Companion                                          : loaded 2 times (x 70B)
Class kotlin.TuplesKt                                                                 : loaded 2 times (x 70B)
Class com.google.common.base.Suppliers                                                : loaded 2 times (x 70B)
Class com.amazon.ion.impl._Private_IonTextWriterBuilder$Mutable                       : loaded 2 times (x 100B)
Class org.jetbrains.plugins.gradle.model.IntelliJProjectSettings                      : loaded 2 times (x 69B)
Class org.objectweb.asm.ClassVisitor                                                  : loaded 2 times (x 87B)
Class com.amazon.ion.system.IonReaderBuilder                                          : loaded 2 times (x 84B)
Class kotlin.text.StringsKt__IndentKt                                                 : loaded 2 times (x 70B)
Class com.google.common.cache.LoadingCache                                            : loaded 2 times (x 69B)
Class org.gradle.internal.service.ServiceLookupException                              : loaded 2 times (x 81B)
Class kotlin.collections.MapsKt__MapWithDefaultKt                                     : loaded 2 times (x 70B)
Class jdk.internal.jimage.ImageStringsReader                                          : loaded 2 times (x 79B)
Class org.gradle.cache.GlobalCache                                                    : loaded 2 times (x 69B)
Class jdk.internal.jimage.decompressor.ResourceDecompressorFactory                    : loaded 2 times (x 73B)
Class org.jetbrains.kotlin.idea.gradleTooling.model.lombok.LombokModel                : loaded 2 times (x 69B)
Class com.android.builder.model.v2.models.ProjectSyncIssues                           : loaded 2 times (x 69B)
Class com.google.common.collect.ReverseNaturalOrdering                                : loaded 2 times (x 113B)
Class kotlin.collections.EmptySet                                                     : loaded 2 times (x 121B)
Class org.gradle.tooling.model.ProjectIdentifier                                      : loaded 2 times (x 69B)
Class [Lorg.gradle.api.internal.ClassPathProvider;                                    : loaded 2 times (x 68B)
Class com.google.common.util.concurrent.AbstractFuture$SafeAtomicHelper               : loaded 2 times (x 78B)
Class jdk.internal.jimage.ImageReader$SharedImageReader$LocationVisitor               : loaded 2 times (x 69B)
Class com.google.common.collect.ImmutableMultimap$Values                              : loaded 2 times (x 125B)
Class org.gradle.internal.operations.MultipleBuildOperationFailures                   : loaded 2 times (x 90B)
Class kotlin.collections.MapsKt                                                       : loaded 2 times (x 70B)
Class org.gradle.util.internal.GUtil                                                  : loaded 2 times (x 70B)
Class jdk.internal.jimage.decompressor.ZipDecompressor                                : loaded 2 times (x 74B)
Class org.gradle.tooling.model.internal.ImmutableDomainObjectSet                      : loaded 2 times (x 154B)
Class kotlin.jvm.internal.CollectionToArray                                           : loaded 2 times (x 70B)
Class org.gradle.tooling.internal.adapter.MethodInvoker                               : loaded 2 times (x 69B)
Class org.jetbrains.plugins.gradle.model.AnnotationProcessingModel                    : loaded 2 times (x 69B)
Class com.google.common.math.IntMath                                                  : loaded 2 times (x 70B)
Class org.jetbrains.plugins.gradle.model.ExternalTask                                 : loaded 2 times (x 69B)
Class org.gradle.tooling.model.HierarchicalElement                                    : loaded 2 times (x 69B)
Class com.android.builder.model.v2.ide.BasicArtifact                                  : loaded 2 times (x 69B)
Class com.amazon.ion.system.IonTextWriterBuilder                                      : loaded 2 times (x 96B)
Class org.jetbrains.plugins.gradle.tooling.serialization.ExternalProjectSerializationService$ReadContext: loaded 2 times (x 73B)
Class org.gradle.internal.classloader.ClassLoaderSpec                                 : loaded 2 times (x 70B)
Class com.google.common.io.LineProcessor                                              : loaded 2 times (x 69B)
Class com.android.builder.model.v2.models.ndk.NativeModelBuilderParameter             : loaded 2 times (x 69B)
Class com.android.builder.model.v2.CustomSourceDirectory                              : loaded 2 times (x 69B)
Class com.google.common.io.CharSink                                                   : loaded 2 times (x 78B)
Class org.objectweb.asm.Frame                                                         : loaded 2 times (x 72B)
Class com.google.common.cache.LocalCache$LocalManualCache                             : loaded 2 times (x 98B)
Class com.google.common.cache.CacheLoader$1                                           : loaded 2 times (x 74B)
Class com.amazon.ion.impl.bin.Block                                                   : loaded 2 times (x 78B)
Class org.jetbrains.plugins.gradle.model.GradleExtension                              : loaded 2 times (x 69B)
Class com.amazon.ion.impl.bin.IonManagedBinaryWriter                                  : loaded 2 times (x 165B)
Class org.gradle.tooling.internal.adapter.ProtocolToModelAdapter$AdaptingMethodInvoker: loaded 2 times (x 75B)
Class com.amazon.ion.impl.IonWriterSystem                                             : loaded 2 times (x 170B)
Class org.jetbrains.plugins.gradle.tooling.util.IntObjectMap                          : loaded 2 times (x 72B)
Class org.gradle.tooling.model.idea.IdeaModuleDependency                              : loaded 2 times (x 69B)
Class [Lcom.amazon.ion.impl.bin.IonManagedBinaryWriter$ImportedSymbolResolverMode;    : loaded 2 times (x 68B)
Class com.google.common.util.concurrent.AbstractFuture$TrustedFuture                  : loaded 2 times (x 96B)
Class org.jetbrains.plugins.gradle.tooling.serialization.RepositoriesModelSerializationService$ReadContext: loaded 2 times (x 71B)
Class com.amazon.ion.impl.bin.IonRawBinaryWriter                                      : loaded 2 times (x 168B)
Class com.amazon.ion.impl._Private_IonSystem                                          : loaded 2 times (x 69B)
Class org.jetbrains.plugins.gradle.model.BuildScriptClasspathModel                    : loaded 2 times (x 69B)
Class com.amazon.ion.impl._Private_IonBinaryWriterBuilder                             : loaded 2 times (x 108B)
Class com.google.common.collect.Sets                                                  : loaded 2 times (x 70B)
Class com.amazon.ion.SymbolTable                                                      : loaded 2 times (x 69B)
Class kotlin.text.Regex                                                               : loaded 2 times (x 71B)
Class kotlin.io.FilesKt__UtilsKt                                                      : loaded 2 times (x 70B)
Class org.jetbrains.kotlin.util.capitalizeDecapitalize.CapitalizeDecapitalizeKt       : loaded 2 times (x 70B)
Class com.google.common.collect.ImmutableSet$Builder                                  : loaded 2 times (x 84B)
Class com.amazon.ion.impl.bin.IonRawBinaryWriter$RecyclingStack                       : loaded 2 times (x 71B)
Class com.amazon.ion.impl.bin.Symbols$1                                               : loaded 2 times (x 76B)
Class com.amazon.ion.impl.bin.Symbols$3                                               : loaded 2 times (x 106B)
Class com.google.common.base.MoreObjects                                              : loaded 2 times (x 70B)
Class com.google.common.collect.SortedMapDifference                                   : loaded 2 times (x 69B)
Class com.android.ide.common.repository.GradleVersion$VersionSegment                  : loaded 2 times (x 74B)
Class org.jetbrains.plugins.gradle.model.ExternalFilter                               : loaded 2 times (x 69B)
Class kotlin.collections.ArraysUtilJVM                                                : loaded 2 times (x 70B)
Class org.objectweb.asm.SymbolTable                                                   : loaded 2 times (x 71B)
Class com.amazon.ion.impl.bin.BlockAllocatorProvider                                  : loaded 2 times (x 71B)
Class org.gradle.tooling.internal.adapter.ProtocolToModelAdapter$ViewGraphDetails$1   : loaded 2 times (x 76B)
Class [Lorg.objectweb.asm.AnnotationVisitor;                                          : loaded 2 times (x 68B)
Class com.google.common.cache.CacheStats                                              : loaded 2 times (x 70B)
Class org.objectweb.asm.Attribute                                                     : loaded 2 times (x 76B)
Class com.amazon.ion.IonDatagram                                                      : loaded 2 times (x 69B)
Class kotlin.coroutines.jvm.internal.BaseContinuationImpl                             : loaded 2 times (x 86B)
Class org.gradle.internal.classloader.VisitableURLClassLoader                         : loaded 2 times (x 116B)
Class com.google.common.cache.LocalCache$LocalLoadingCache                            : loaded 2 times (x 133B)
Class [Lcom.amazon.ion.impl.bin.IonManagedBinaryWriter$UserState;                     : loaded 2 times (x 68B)
Class com.google.common.base.Supplier                                                 : loaded 2 times (x 69B)
Class org.jetbrains.plugins.gradle.tooling.serialization.BuildScriptClasspathModelSerializationService: loaded 2 times (x 76B)
Class kotlin.io.FilesKt__FileTreeWalkKt                                               : loaded 2 times (x 70B)
Class com.google.common.collect.ImmutableMultimap$Keys                                : loaded 2 times (x 165B)
Class com.google.common.base.Objects                                                  : loaded 2 times (x 70B)
Class com.google.common.util.concurrent.AbstractFuture$AtomicHelper                   : loaded 2 times (x 77B)
Class com.google.common.collect.NullnessCasts                                         : loaded 2 times (x 70B)
Class Build_gradle                                                                    : loaded 2 times (x 129B)
Class org.jetbrains.plugins.gradle.model.GradleProperty                               : loaded 2 times (x 69B)
Class com.amazon.ion.IonStruct                                                        : loaded 2 times (x 69B)
Class com.amazon.ion.impl.lite.IonLobLite                                             : loaded 2 times (x 156B)
Class org.gradle.api.internal.ClassPathRegistry                                       : loaded 2 times (x 69B)
Class com.google.common.cache.LocalCache$EntryFactory                                 : loaded 2 times (x 82B)
Class com.google.common.util.concurrent.UncheckedExecutionException                   : loaded 2 times (x 81B)
Class org.gradle.internal.classloader.VisitableURLClassLoader$InstrumentingVisitableURLClassLoader: loaded 2 times (x 122B)
Class kotlin.coroutines.jvm.internal.DebugProbesKt                                    : loaded 2 times (x 70B)
Class org.gradle.internal.classloader.ClassLoaderHierarchy                            : loaded 2 times (x 69B)
Class org.jetbrains.plugins.gradle.tooling.serialization.BuildScriptClasspathModelSerializationService$WriteContext: loaded 2 times (x 71B)
Class com.android.builder.model.v2.ide.AndroidGradlePluginProjectFlags                : loaded 2 times (x 69B)
Class kotlin.sequences.SequencesKt___SequencesJvmKt                                   : loaded 2 times (x 70B)
Class kotlin.collections.MapsKt__MapsKt                                               : loaded 2 times (x 70B)
Class com.amazon.ion.UnexpectedEofException                                           : loaded 2 times (x 83B)
Class kotlin.collections.ArraysKt                                                     : loaded 2 times (x 70B)
Class org.gradle.internal.exceptions.MultiCauseException                              : loaded 2 times (x 69B)
Class com.amazon.ion.impl.lite.IonSexpLite                                            : loaded 2 times (x 458B)
Class com.amazon.ion.impl.bin.IonManagedBinaryWriter$UserState$1                      : loaded 2 times (x 84B)
Class [Lcom.amazon.ion.impl.bin.IonRawBinaryWriter$ContainerType;                     : loaded 2 times (x 68B)
Class com.amazon.ion.impl.bin.IonManagedBinaryWriter$UserState$2                      : loaded 2 times (x 84B)
Class [Lcom.amazon.ion.impl.bin.IonRawBinaryWriter$StreamCloseMode;                   : loaded 2 times (x 68B)
Class com.android.builder.model.v2.models.VariantDependenciesAdjacencyList            : loaded 2 times (x 69B)
Class com.amazon.ion.impl.bin.IonManagedBinaryWriter$UserState$3                      : loaded 2 times (x 84B)
Class com.amazon.ion.impl.bin.IonManagedBinaryWriter$UserState$4                      : loaded 2 times (x 84B)
Class com.amazon.ion.IonTimestamp                                                     : loaded 2 times (x 69B)
Class com.google.common.collect.Lists$ReverseList                                     : loaded 2 times (x 161B)
Class com.google.common.io.Closer$Suppressor                                          : loaded 2 times (x 69B)
Class jdk.internal.jimage.ImageReader                                                 : loaded 2 times (x 74B)
Class com.amazon.ion.impl.bin.IonRawBinaryWriter$PatchList$1                          : loaded 2 times (x 82B)
Class sync_studio_tooling7_4frz8ngbd29azi0u0lyihboc1                                  : loaded 2 times (x 178B)
Class org.jetbrains.kotlin.idea.gradleTooling.model.parcelize.ParcelizeGradleModel    : loaded 2 times (x 69B)
Class kotlin.collections.MapsKt___MapsKt                                              : loaded 2 times (x 70B)
Class [Lorg.objectweb.asm.Type;                                                       : loaded 2 times (x 68B)
Class sync_studio_tooling7_4frz8ngbd29azi0u0lyihboc1$_run_closure1                    : loaded 2 times (x 138B)
Class org.gradle.tooling.model.kotlin.dsl.KotlinDslScriptModel                        : loaded 2 times (x 69B)
Class com.google.common.collect.Lists$ReverseList$1                                   : loaded 2 times (x 98B)
Class kotlin.sequences.TransformingSequence$iterator$1                                : loaded 2 times (x 78B)
Class com.amazon.ion.impl._Private_Utils                                              : loaded 2 times (x 70B)
Class com.google.common.cache.Weigher                                                 : loaded 2 times (x 69B)
Class com.amazon.ion.impl._Private_IonTextWriterBuilder                               : loaded 2 times (x 100B)
Class kotlin.jvm.internal.StringCompanionObject                                       : loaded 2 times (x 70B)
Class com.android.builder.model.v2.AndroidModel                                       : loaded 2 times (x 69B)
Class org.jetbrains.plugins.gradle.tooling.serialization.ToolingStreamApiUtils        : loaded 2 times (x 70B)
Class org.gradle.internal.InternalTransformer                                         : loaded 2 times (x 69B)
Class com.android.builder.model.v2.ide.LintOptions                                    : loaded 2 times (x 69B)
Class org.jetbrains.kotlin.idea.gradleTooling.model.noarg.NoArgModel                  : loaded 2 times (x 69B)
Class org.jetbrains.kotlin.idea.gradleTooling.KotlinGradleModel                       : loaded 2 times (x 69B)
Class kotlin.sequences.Sequence                                                       : loaded 2 times (x 69B)
Class org.gradle.tooling.internal.gradle.DefaultBuildIdentifier                       : loaded 2 times (x 78B)
Class org.gradle.internal.service.ServiceLocator                                      : loaded 2 times (x 69B)
Class Settings_gradle$1                                                               : loaded 2 times (x 73B)
Class org.jetbrains.plugins.gradle.model.ExternalDependency                           : loaded 2 times (x 69B)
Class com.amazon.ion.impl.bin.IonManagedBinaryWriter$ImportedSymbolResolverMode$1$1$1 : loaded 2 times (x 75B)
Class org.jetbrains.kotlin.config.MavenComparableVersion                              : loaded 2 times (x 77B)
Class com.google.common.util.concurrent.SettableFuture                                : loaded 2 times (x 96B)
Class org.gradle.internal.impldep.gnu.trove.TObjectHashingStrategy                    : loaded 2 times (x 69B)
Class com.google.common.collect.ImmutableRangeSet$1                                   : loaded 2 times (x 170B)
Class org.gradle.tooling.internal.adapter.ProtocolToModelAdapter$MethodInvocationCache: loaded 2 times (x 72B)
Class com.amazon.ion.IonString                                                        : loaded 2 times (x 69B)
Class [Lcom.android.builder.model.v2.ide.CodeShrinker;                                : loaded 2 times (x 68B)
Class com.google.common.io.Files$2                                                    : loaded 2 times (x 75B)
Class com.amazon.ion.IonLoader                                                        : loaded 2 times (x 69B)
Class com.android.builder.model.v2.models.Versions$Companion                          : loaded 2 times (x 70B)
Class com.amazon.ion.IonBinaryWriter                                                  : loaded 2 times (x 69B)
Class kotlin.sequences.SequencesKt___SequencesKt$flatMap$2                            : loaded 2 times (x 124B)
Class org.jetbrains.kotlin.idea.gradleTooling.model.allopen.AllOpenModel              : loaded 2 times (x 69B)
Class com.google.common.io.ByteStreams                                                : loaded 2 times (x 70B)
Class kotlin.coroutines.jvm.internal.CoroutineStackFrame                              : loaded 2 times (x 69B)
Class org.jetbrains.plugins.gradle.model.AnnotationProcessingConfig                   : loaded 2 times (x 69B)
Class org.jetbrains.plugins.gradle.tooling.serialization.ExternalTestsSerializationService: loaded 2 times (x 76B)
Class kotlin.internal.ProgressionUtilKt                                               : loaded 2 times (x 70B)
Class kotlin.reflect.KFunction                                                        : loaded 2 times (x 69B)
Class org.jetbrains.plugins.gradle.tooling.serialization.ProjectDependenciesSerializationService$WriteContext: loaded 2 times (x 71B)
Class kotlin.jvm.KotlinReflectionNotSupportedError                                    : loaded 2 times (x 81B)
Class kotlin.io.TerminateException                                                    : loaded 2 times (x 81B)
Class org.gradle.tooling.internal.adapter.WeakIdentityHashMap                         : loaded 2 times (x 75B)
Class com.google.common.collect.ImmutableMultiset                                     : loaded 2 times (x 162B)
Class [Lorg.jetbrains.kotlin.config.LanguageVersion;                                  : loaded 2 times (x 68B)
Class org.gradle.internal.classpath.DefaultClassPath$ImmutableUniqueList              : loaded 2 times (x 160B)
Class com.amazon.ion.IonBool                                                          : loaded 2 times (x 69B)
Class jdk.internal.jimage.ImageBufferCache                                            : loaded 2 times (x 70B)
Class com.amazon.ion.impl.bin.IonRawBinaryWriter$ContainerInfo                        : loaded 2 times (x 75B)
Class org.gradle.internal.time.DefaultTimer                                           : loaded 2 times (x 79B)
Class com.google.common.collect.ImmutableMultimap$1                                   : loaded 2 times (x 81B)
Class com.google.common.collect.ImmutableMultimap$2                                   : loaded 2 times (x 80B)
Class org.gradle.internal.classpath.TransformedClassPath                              : loaded 2 times (x 95B)
Class com.google.common.collect.MapDifference                                         : loaded 2 times (x 69B)
Class org.jetbrains.plugins.gradle.tooling.serialization.ExternalProjectSerializationService$WriteContext: loaded 2 times (x 73B)
Class com.amazon.ion.impl.bin.IonManagedBinaryWriter$ImportDescriptor                 : loaded 2 times (x 75B)
Class com.amazon.ion.system.IonBinaryWriterBuilder                                    : loaded 2 times (x 96B)
Class org.jetbrains.kotlin.tooling.core.HasExtras                                     : loaded 2 times (x 69B)
Class com.google.common.collect.Sets$1                                                : loaded 2 times (x 138B)
Class com.google.common.collect.Sets$2                                                : loaded 2 times (x 138B)
Class com.google.common.util.concurrent.AbstractFuture$Trusted                        : loaded 2 times (x 69B)
Class org.gradle.tooling.internal.adapter.ProtocolToModelAdapter$InvocationHandlerImpl: loaded 2 times (x 76B)
Class com.google.common.collect.Sets$3                                                : loaded 2 times (x 138B)
Class com.google.common.graph.SuccessorsFunction                                      : loaded 2 times (x 69B)
Class com.google.common.collect.Sets$4                                                : loaded 2 times (x 138B)
Class org.jetbrains.plugins.gradle.tooling.serialization.AnnotationProcessingModelSerializationService$WriteContext: loaded 2 times (x 71B)
Class kotlin.text.MatcherMatchResult$groups$1                                         : loaded 2 times (x 150B)
Class Settings_gradle                                                                 : loaded 2 times (x 127B)
Class kotlin.text.StringsKt___StringsKt                                               : loaded 2 times (x 70B)
Class org.jetbrains.plugins.gradle.tooling.serialization.internal.IdeaProjectSerializationService$ReadContext: loaded 2 times (x 71B)
Class org.gradle.tooling.model.idea.IdeaLanguageLevel                                 : loaded 2 times (x 69B)
Class kotlin.coroutines.intrinsics.CoroutineSingletons                                : loaded 2 times (x 78B)
Class kotlin.Pair                                                                     : loaded 2 times (x 71B)
Class com.google.common.io.ByteSink                                                   : loaded 2 times (x 75B)
Class com.android.builder.model.v2.ide.BasicVariant                                   : loaded 2 times (x 69B)
Class com.google.common.collect.Lists$TransformingRandomAccessList                    : loaded 2 times (x 160B)
Class org.objectweb.asm.MethodWriter                                                  : loaded 2 times (x 105B)
Class com.android.builder.model.v2.ide.SourceSetContainer                             : loaded 2 times (x 69B)
Class com.amazon.ion.impl._Private_Utils$1                                            : loaded 2 times (x 88B)
Class kotlin.collections.AbstractList$Companion                                       : loaded 2 times (x 70B)
Class kotlin.coroutines.intrinsics.IntrinsicsKt                                       : loaded 2 times (x 70B)
Class org.gradle.tooling.internal.adapter.ProtocolToModelAdapter$ViewDecoration       : loaded 2 times (x 69B)
Class com.google.common.collect.Platform                                              : loaded 2 times (x 70B)
Class com.google.common.util.concurrent.ExecutionError                                : loaded 2 times (x 81B)
Class com.google.common.io.ByteSink$AsCharSink                                        : loaded 2 times (x 79B)
Class com.google.common.base.Equivalence$Identity                                     : loaded 2 times (x 81B)
Class kotlin.ranges.IntRange                                                          : loaded 2 times (x 92B)
Class kotlin.collections.SetsKt__SetsKt                                               : loaded 2 times (x 70B)
Class com.amazon.ion.ValueFactory                                                     : loaded 2 times (x 69B)
Class com.google.common.cache.LocalCache                                              : loaded 2 times (x 186B)
Class jdk.internal.jimage.ImageReader$Directory                                       : loaded 2 times (x 83B)
Class com.google.common.collect.ImmutableRangeSet$Builder                             : loaded 2 times (x 76B)
Class kotlin.ranges.IntRange$Companion                                                : loaded 2 times (x 70B)
Class com.google.common.util.concurrent.AbstractFuture$UnsafeAtomicHelper$1           : loaded 2 times (x 75B)
Class org.gradle.internal.impldep.gnu.trove.TObjectCanonicalHashingStrategy           : loaded 2 times (x 79B)
Class org.jetbrains.plugins.gradle.tooling.util.IntObjectMap$ObjectFactory            : loaded 2 times (x 69B)
Class com.google.common.collect.Multiset                                              : loaded 2 times (x 69B)
Class org.jetbrains.plugins.gradle.ExternalDependencyId                               : loaded 2 times (x 69B)
Class com.amazon.ion.impl.lite.IonDecimalLite                                         : loaded 2 times (x 157B)
Class org.jetbrains.plugins.gradle.tooling.util.IntObjectMap$1                        : loaded 2 times (x 76B)
Class [Lcom.amazon.ion.impl.bin.AbstractIonWriter$WriteValueOptimization;             : loaded 2 times (x 68B)
Class com.amazon.ion.Decimal                                                          : loaded 2 times (x 132B)
Class com.amazon.ion.impl.lite.IonTimestampLite                                       : loaded 2 times (x 164B)
Class kotlin.comparisons.ComparisonsKt__ComparisonsKt                                 : loaded 2 times (x 70B)
Class kotlin.collections.EmptyMap                                                     : loaded 2 times (x 108B)
Class org.gradle.tooling.internal.adapter.ProtocolToModelAdapter$ViewGraphDetails     : loaded 2 times (x 71B)
Class org.objectweb.asm.MethodVisitor                                                 : loaded 2 times (x 104B)
Class com.google.common.collect.NullsLastOrdering                                     : loaded 2 times (x 114B)
Class com.amazon.ion.IonWriter                                                        : loaded 2 times (x 69B)
Class com.google.common.collect.AbstractMapBasedMultimap                              : loaded 2 times (x 138B)
Class org.gradle.internal.impldep.gnu.trove.Equality                                  : loaded 2 times (x 69B)
Class kotlin.text.RegexKt                                                             : loaded 2 times (x 70B)
Class com.amazon.ion.IonType                                                          : loaded 2 times (x 78B)


---------------  S Y S T E M  ---------------

OS:
PRETTY_NAME="Debian GNU/Linux 12 (bookworm)"
NAME="Debian GNU/Linux"
VERSION_ID="12"
VERSION="12 (bookworm)"
VERSION_CODENAME=bookworm
ID=debian
HOME_URL="https://www.debian.org/"
SUPPORT_URL="https://www.debian.org/support"
BUG_REPORT_URL="https://bugs.debian.org/"
uname: Linux 6.6.21-01327-gc9107f2d4947 #1 SMP PREEMPT_DYNAMIC Wed, 10 Apr 2024 00:40:09 +0000 x86_64
OS uptime: 0 days 0:19 hours
libc: glibc 2.36 NPTL 2.36 
rlimit (soft/hard): STACK 8192k/infinity , CORE 0k/infinity , NPROC 58085/58085 , NOFILE 1048576/1048576 , AS infinity/infinity , CPU infinity/infinity , DATA infinity/infinity , FSIZE infinity/infinity , MEMLOCK infinity/infinity
load average: 4.07 1.88 1.26

/proc/meminfo:
MemTotal:       14872556 kB
MemFree:         7978892 kB
MemAvailable:   11418488 kB
Buffers:               0 kB
Cached:          3439596 kB
SwapCached:            0 kB
Active:          5195416 kB
Inactive:        1521180 kB
Active(anon):    3298284 kB
Inactive(anon):        0 kB
Active(file):    1897132 kB
Inactive(file):  1521180 kB
Unevictable:       20948 kB
Mlocked:               0 kB
SwapTotal:             0 kB
SwapFree:              0 kB
Dirty:               308 kB
Writeback:             0 kB
AnonPages:       3277060 kB
Mapped:           681808 kB
Shmem:             21224 kB
KReclaimable:     135928 kB
Slab:                  0 kB
SReclaimable:          0 kB
SUnreclaim:            0 kB
KernelStack:        9072 kB
PageTables:        14032 kB
SecPageTables:         0 kB
NFS_Unstable:          0 kB
Bounce:                0 kB
WritebackTmp:          0 kB
CommitLimit:     7436276 kB
Committed_AS:    4459596 kB
VmallocTotal:   34359738367 kB
VmallocUsed:       10216 kB
VmallocChunk:          0 kB
Percpu:             2880 kB
AnonHugePages:         0 kB
ShmemHugePages:        0 kB
ShmemPmdMapped:        0 kB
FileHugePages:         0 kB
FilePmdMapped:         0 kB
HugePages_Total:       0
HugePages_Free:        0
HugePages_Rsvd:        0
HugePages_Surp:        0
Hugepagesize:       2048 kB
Hugetlb:               0 kB
DirectMap4k:       87040 kB
DirectMap2M:    10397696 kB
DirectMap1G:     6291456 kB

/sys/kernel/mm/transparent_hugepage/enabled: always madvise [never]
/sys/kernel/mm/transparent_hugepage/defrag (defrag/compaction efforts parameter): always defer defer+madvise [madvise] never

Process Memory:
Virtual Size: 8128040K (peak: 8215360K)
Resident Set Size: 1256380K (peak: 1256380K) (anon: 1218492K, file: 37888K, shmem: 0K)
Swapped out: 0K
C-Heap outstanding allocations: 126173K, retained: 157418K
glibc malloc tunables: (default)

/proc/sys/kernel/threads-max (system-wide limit on the number of threads): 116171
/proc/sys/vm/max_map_count (maximum number of memory map areas a process may have): 262144
/proc/sys/kernel/pid_max (system-wide limit on number of process identifiers): 32768

container (cgroup) information:
container_type: cgroupv1
cpu_cpuset_cpus: 0-7
cpu_memory_nodes: 0
active_processor_count: 8
cpu_quota: no quota
cpu_period: 100000
cpu_shares: no shares
memory_limit_in_bytes: unlimited
memory_and_swap_limit_in_bytes: unlimited
memory_soft_limit_in_bytes: unlimited
memory_usage_in_bytes: 6700968 k
memory_max_usage_in_bytes: 7366820 k
kernel_memory_usage_in_bytes: 146764 k
kernel_memory_max_usage_in_bytes: unlimited
kernel_memory_limit_in_bytes: 147408 k
maximum number of tasks: unlimited
current number of tasks: 325

KVM virtualization detected
Steal ticks since vm start: 0
Steal ticks percentage since vm start:  0.000

CPU: total 8 (initial active 8) (8 cores per cpu, 1 threads per core) family 6 model 142 stepping 10 microcode 0x1, cx8, cmov, fxsr, mmx, 3dnowpref, sse, sse2, sse3, ssse3, sse4.1, sse4.2, popcnt, lzcnt, tsc, tscinvbit, avx, avx2, aes, erms, clmul, bmi1, bmi2, adx, fma, vzeroupper, clflush, clflushopt, hv
CPU Model and flags from /proc/cpuinfo:
model name	: Intel(R) Core(TM) i7-8550U CPU @ 1.80GHz
flags		: fpu vme de pse tsc msr pae mce cx8 apic sep mtrr pge mca cmov pat pse36 clflush mmx fxsr sse sse2 ss ht syscall nx pdpe1gb rdtscp lm constant_tsc arch_perfmon rep_good nopl xtopology nonstop_tsc cpuid tsc_known_freq pni pclmulqdq vmx ssse3 fma cx16 pcid sse4_1 sse4_2 x2apic movbe popcnt tsc_deadline_timer aes xsave avx f16c rdrand hypervisor lahf_lm abm 3dnowprefetch cpuid_fault pti ssbd ibrs ibpb stibp tpr_shadow flexpriority ept vpid ept_ad fsgsbase tsc_adjust bmi1 avx2 smep bmi2 erms invpcid mpx rdseed adx smap clflushopt xsaveopt xsavec xgetbv1 xsaves arat vnmi umip md_clear arch_capabilities

Online cpus: 0-7
Offline cpus: 
BIOS frequency limitation: <Not Available>
Frequency switch latency (ns): <Not Available>
Available cpu frequencies: <Not Available>
Current governor: <Not Available>
Core performance/turbo boost: <Not Available>

Memory: 4k page, physical 14872556k(2735848k free), swap 0k(0k free)
Page Sizes: 4k

vm_info: OpenJDK 64-Bit Server VM (17.0.10+0-17.0.10b1087.21-11572160) for linux-amd64 JRE (17.0.10+0-17.0.10b1087.21-11572160), built on Mar 13 2024 22:21:47 by "androidbuild" with clang Android (11368308, +pgo, +bolt, +lto, +mlgo, based on r510928) Clang 18.0.0 (https://android.googlesource.com/toolchain/llvm-project 477610d4d0d988e69dbc3fae4fe86bff3f07f2b5)

END.
