# A fatal error has been detected by the Java Runtime Environment:
#  SIGBUS (0x7) at pc=0x00007facaa4239ab, pid=988, tid=1009
#
# JRE version: OpenJDK Runtime Environment (17.0.10) (build 17.0.10+0-17.0.10b1087.21-11572160)
# Java VM: OpenJDK 64-Bit Server VM (17.0.10+0-17.0.10b1087.21-11572160, mixed mode, tiered, compressed oops, compressed class ptrs, g1 gc, linux-amd64)
# Problematic frame:
# V  [libjvm.so+0xe239ab]  PerfLongVariant::sample()+0x1b
#
# Core dump will be written. Default location: Core dumps may be processed with "/sbin/crash_reporter --user=%P:%s:%u:%g:%f" (or dumping to /home/leerixon54/AndroidStudioProjects/Sailing/core.988)
#
# If you would like to submit a bug report, please visit:
#   https://bugreport.java.com/bugreport/crash.jsp
#

---------------  S U M M A R Y ------------

Command Line: --add-opens=java.base/java.util=ALL-UNNAMED --add-opens=java.base/java.lang=ALL-UNNAMED --add-opens=java.base/java.lang.invoke=ALL-UNNAMED --add-opens=java.prefs/java.util.prefs=ALL-UNNAMED --add-opens=java.base/java.nio.charset=ALL-UNNAMED --add-opens=java.base/java.net=ALL-UNNAMED --add-opens=java.base/java.util.concurrent.atomic=ALL-UNNAMED -Xmx2048m -Dfile.encoding=UTF-8 -Duser.country=US -Duser.language=en -Duser.variant -javaagent:/home/leerixon54/.gradle/wrapper/dists/gradle-8.6-bin/afr5mpiioh2wthjmwnkmdsd5w/gradle-8.6/lib/agents/gradle-instrumentation-agent-8.6.jar org.gradle.launcher.daemon.bootstrap.GradleDaemon 8.6

Host: Intel(R) Core(TM) i7-8550U CPU @ 1.80GHz, Debian GNU/Linux 12 (bookworm)Time: Mon Jun 24 16:40:43 2024 EDT
---------------  T H R E A D  ---------------

Current thread (0x00007faca4199740):   [id=1009]
|TAMS 0x0000000083a00000, 0x0000000083900000| Untracked 
|  58|0x0000000083a00000, 0x0000000083b00000, 0x0000000083b00000|100%| O|  |TAMS 0x0000000083b00000, 0x0000000083a00000| Untracked 
|  59|0x0000000083b00000, 0x0000000083c00000, 0x0000000083c00000|100%| O|  |TAMS 0x0000000083c00000, 0x0000000083b00000| Untracked 
|  60|0x0000000083c00000, 0x0000000083d00000, 0x0000000083d00000|100%| O|  |TAMS 0x0000000083d00000, 0x0000000083c00000| Untracked 
|  61|0x0000000083d00000, 0x0000000083e00000, 0x0000000083e00000|100%| O|  |TAMS 0x0000000083e00000, 0x0000000083d00000| Untracked 
|  62|0x0000000083e00000, 0x0000000083f00000, 0x0000000083f00000|100%| O|  |TAMS 0x0000000083f00000, 0x0000000083e00000| Untracked 
|  63|0x0000000083f00000, 0x0000000084000000, 0x0000000084000000|100%| O|  |TAMS 0x0000000084000000, 0x0000000083f00000| Untracked 
|  64|0x0000000084000000, 0x0000000084100000, 0x0000000084100000|100%| O|  |TAMS 0x0000000084100000, 0x0000000084000000| Untracked 
|  65|0x0000000084100000, 0x0000000084200000, 0x0000000084200000|100%| O|  |TAMS 0x0000000084200000, 0x0000000084100000| Untracked 
|  66|0x0000000084200000, 0x0000000084300000, 0x0000000084300000|100%| O|  |TAMS 0x0000000084300000, 0x0000000084200000| Untracked 
|  67|0x0000000084300000, 0x0000000084400000, 0x0000000084400000|100%|HS|  |TAMS 0x0000000084400000, 0x0000000084300000| Complete 
|  68|0x0000000084400000, 0x0000000084500000, 0x0000000084500000|100%|HS|  |TAMS 0x0000000084500000, 0x0000000084400000| Complete 
|  69|0x0000000084500000, 0x0000000084600000, 0x0000000084600000|100%|HC|  |TAMS 0x0000000084600000, 0x0000000084500000| Complete 
|  70|0x0000000084600000, 0x0000000084700000, 0x0000000084700000|100%|HC|  |TAMS 0x0000000084700000, 0x0000000084600000| Complete 
|  71|0x0000000084700000, 0x0000000084800000, 0x0000000084800000|100%|HC|  |TAMS 0x0000000084800000, 0x0000000084700000| Complete 
|  72|0x0000000084800000, 0x0000000084900000, 0x0000000084900000|100%| O|  |TAMS 0x0000000084900000, 0x0000000084800000| Untracked 
|  73|0x0000000084900000, 0x0000000084a00000, 0x0000000084a00000|100%| O|  |TAMS 0x0000000084a00000, 0x0000000084900000| Untracked 
|  74|0x0000000084a00000, 0x0000000084b00000, 0x0000000084b00000|100%| O|  |TAMS 0x0000000084b00000, 0x0000000084a00000| Untracked 
|  75|0x0000000084b00000, 0x0000000084c00000, 0x0000000084c00000|100%| O|  |TAMS 0x0000000084c00000, 0x0000000084b00000| Untracked 
|  76|0x0000000084c00000, 0x0000000084d00000, 0x0000000084d00000|100%| O|  |TAMS 0x0000000084d00000, 0x0000000084c00000| Untracked 
|  77|0x0000000084d00000, 0x0000000084e00000, 0x0000000084e00000|100%| O|  |TAMS 0x0000000084e00000, 0x0000000084d00000| Untracked 
|  78|0x0000000084e00000, 0x0000000084f00000, 0x0000000084f00000|100%| O|  |TAMS 0x0000000084f00000, 0x0000000084e00000| Untracked 
|  79|0x0000000084f00000, 0x0000000085000000, 0x0000000085000000|100%| O|  |TAMS 0x0000000085000000, 0x0000000084f00000| Untracked 
|  80|0x0000000085000000, 0x0000000085100000, 0x0000000085100000|100%| O|  |TAMS 0x0000000085100000, 0x0000000085000000| Untracked 
|  81|0x0000000085100000, 0x0000000085200000, 0x0000000085200000|100%| O|  |TAMS 0x0000000085200000, 0x0000000085100000| Untracked 
|  82|0x0000000085200000, 0x0000000085300000, 0x0000000085300000|100%| O|  |TAMS 0x0000000085300000, 0x0000000085200000| Untracked 
|  83|0x0000000085300000, 0x0000000085400000, 0x0000000085400000|100%| O|  |TAMS 0x0000000085400000, 0x0000000085300000| Untracked 
|  84|0x0000000085400000, 0x0000000085500000, 0x0000000085500000|100%| O|  |TAMS 0x0000000085500000, 0x0000000085400000| Untracked 
|  85|0x0000000085500000, 0x0000000085600000, 0x0000000085600000|100%| O|  |TAMS 0x0000000085600000, 0x0000000085500000| Untracked 
|  86|0x0000000085600000, 0x0000000085700000, 0x0000000085700000|100%| O|  |TAMS 0x0000000085700000, 0x0000000085600000| Untracked 
|  87|0x0000000085700000, 0x0000000085800000, 0x0000000085800000|100%| O|  |TAMS 0x0000000085800000, 0x0000000085700000| Untracked 
|  88|0x0000000085800000, 0x0000000085900000, 0x0000000085900000|100%| O|  |TAMS 0x0000000085810800, 0x0000000085800000| Untracked 
|  89|0x0000000085900000, 0x0000000085a00000, 0x0000000085a00000|100%| O|  |TAMS 0x0000000085a00000, 0x0000000085900000| Untracked 
|  90|0x0000000085a00000, 0x0000000085b00000, 0x0000000085b00000|100%| O|  |TAMS 0x0000000085b00000, 0x0000000085a00000| Untracked 
|  91|0x0000000085b00000, 0x0000000085c00000, 0x0000000085c00000|100%| O|  |TAMS 0x0000000085c00000, 0x0000000085b00000| Untracked 
|  92|0x0000000085c00000, 0x0000000085d00000, 0x0000000085d00000|100%| O|  |TAMS 0x0000000085d00000, 0x0000000085c00000| Untracked 
|  93|0x0000000085d00000, 0x0000000085e00000, 0x0000000085e00000|100%| O|  |TAMS 0x0000000085d00000, 0x0000000085d00000| Untracked 
|  94|0x0000000085e00000, 0x0000000085f00000, 0x0000000085f00000|100%| O|  |TAMS 0x0000000085e00000, 0x0000000085e00000| Untracked 
|  95|0x0000000085f00000, 0x0000000086000000, 0x0000000086000000|100%| O|  |TAMS 0x0000000085f00000, 0x0000000085f00000| Untracked 
|  96|0x0000000086000000, 0x0000000086100000, 0x0000000086100000|100%| O|  |TAMS 0x0000000086000000, 0x0000000086000000| Untracked 
|  97|0x0000000086100000, 0x0000000086200000, 0x0000000086200000|100%| O|  |TAMS 0x0000000086100000, 0x0000000086100000| Untracked 
|  98|0x0000000086200000, 0x0000000086300000, 0x0000000086300000|100%| O|  |TAMS 0x0000000086200000, 0x0000000086200000| Untracked 
|  99|0x0000000086300000, 0x0000000086400000, 0x0000000086400000|100%| O|  |TAMS 0x0000000086300000, 0x0000000086300000| Untracked 
| 100|0x0000000086400000, 0x0000000086500000, 0x0000000086500000|100%| O|  |TAMS 0x0000000086400000, 0x0000000086400000| Untracked 
| 101|0x0000000086500000, 0x0000000086600000, 0x0000000086600000|100%| O|  |TAMS 0x0000000086500000, 0x0000000086500000| Untracked 
| 102|0x0000000086600000, 0x0000000086700000, 0x0000000086700000|100%| O|  |TAMS 0x0000000086600000, 0x0000000086600000| Untracked 
| 103|0x0000000086700000, 0x0000000086800000, 0x0000000086800000|100%| O|  |TAMS 0x0000000086700000, 0x0000000086700000| Untracked 
| 104|0x0000000086800000, 0x0000000086900000, 0x0000000086900000|100%| O|  |TAMS 0x0000000086800000, 0x0000000086800000| Untracked 
| 105|0x0000000086900000, 0x0000000086a00000, 0x0000000086a00000|100%| O|  |TAMS 0x0000000086900000, 0x0000000086900000| Untracked 
| 106|0x0000000086a00000, 0x0000000086b00000, 0x0000000086b00000|100%| O|  |TAMS 0x0000000086a00000, 0x0000000086a00000| Untracked 
| 107|0x0000000086b00000, 0x0000000086c00000, 0x0000000086c00000|100%| O|  |TAMS 0x0000000086b00000, 0x0000000086b00000| Untracked 
| 108|0x0000000086c00000, 0x0000000086d00000, 0x0000000086d00000|100%| O|  |TAMS 0x0000000086c00000, 0x0000000086c00000| Untracked 
| 109|0x0000000086d00000, 0x0000000086e00000, 0x0000000086e00000|100%| O|  |TAMS 0x0000000086d00000, 0x0000000086d00000| Untracked 
| 110|0x0000000086e00000, 0x0000000086f00000, 0x0000000086f00000|100%| O|  |TAMS 0x0000000086e00000, 0x0000000086e00000| Untracked 
| 111|0x0000000086f00000, 0x0000000087000000, 0x0000000087000000|100%| O|  |TAMS 0x0000000086f00000, 0x0000000086f00000| Untracked 
| 112|0x0000000087000000, 0x0000000087100000, 0x0000000087100000|100%| O|  |TAMS 0x0000000087000000, 0x0000000087000000| Untracked 
| 113|0x0000000087100000, 0x0000000087200000, 0x0000000087200000|100%| O|  |TAMS 0x0000000087100000, 0x0000000087100000| Untracked 
| 114|0x0000000087200000, 0x00000000872d4000, 0x0000000087300000| 82%| O|  |TAMS 0x0000000087200000, 0x0000000087200000| Untracked 
| 115|0x0000000087300000, 0x0000000087300000, 0x0000000087400000|  0%| F|  |TAMS 0x0000000087300000, 0x0000000087300000| Untracked 
| 116|0x0000000087400000, 0x0000000087400000, 0x0000000087500000|  0%| F|  |TAMS 0x0000000087400000, 0x0000000087400000| Untracked 
| 117|0x0000000087500000, 0x0000000087500000, 0x0000000087600000|  0%| F|  |TAMS 0x0000000087500000, 0x0000000087500000| Untracked 
| 118|0x0000000087600000, 0x0000000087600000, 0x0000000087700000|  0%| F|  |TAMS 0x0000000087600000, 0x0000000087600000| Untracked 
| 119|0x0000000087700000, 0x0000000087700000, 0x0000000087800000|  0%| F|  |TAMS 0x0000000087700000, 0x0000000087700000| Untracked 
| 120|0x0000000087800000, 0x0000000087800000, 0x0000000087900000|  0%| F|  |TAMS 0x0000000087800000, 0x0000000087800000| Untracked 
| 121|0x0000000087900000, 0x0000000087900000, 0x0000000087a00000|  0%| F|  |TAMS 0x0000000087900000, 0x0000000087900000| Untracked 
| 122|0x0000000087a00000, 0x0000000087a00000, 0x0000000087b00000|  0%| F|  |TAMS 0x0000000087a00000, 0x0000000087a00000| Untracked 
| 123|0x0000000087b00000, 0x0000000087b00000, 0x0000000087c00000|  0%| F|  |TAMS 0x0000000087b00000, 0x0000000087b00000| Untracked 
| 124|0x0000000087c00000, 0x0000000087c00000, 0x0000000087d00000|  0%| F|  |TAMS 0x0000000087c00000, 0x0000000087c00000| Untracked 
| 125|0x0000000087d00000, 0x0000000087d00000, 0x0000000087e00000|  0%| F|  |TAMS 0x0000000087d00000, 0x0000000087d00000| Untracked 
| 126|0x0000000087e00000, 0x0000000087e00000, 0x0000000087f00000|  0%| F|  |TAMS 0x0000000087e00000, 0x0000000087e00000| Untracked 
| 127|0x0000000087f00000, 0x0000000087f00000, 0x0000000088000000|  0%| F|  |TAMS 0x0000000087f00000, 0x0000000087f00000| Untracked 
| 128|0x0000000088000000, 0x0000000088000000, 0x0000000088100000|  0%| F|  |TAMS 0x0000000088000000, 0x0000000088000000| Untracked 
| 129|0x0000000088100000, 0x0000000088100000, 0x0000000088200000|  0%| F|  |TAMS 0x0000000088100000, 0x0000000088100000| Untracked 
| 130|0x0000000088200000, 0x0000000088200000, 0x0000000088300000|  0%| F|  |TAMS 0x0000000088200000, 0x0000000088200000| Untracked 
| 131|0x0000000088300000, 0x0000000088300000, 0x0000000088400000|  0%| F|  |TAMS 0x0000000088300000, 0x0000000088300000| Untracked 
| 132|0x0000000088400000, 0x0000000088400000, 0x0000000088500000|  0%| F|  |TAMS 0x0000000088400000, 0x0000000088400000| Untracked 
| 133|0x0000000088500000, 0x0000000088500000, 0x0000000088600000|  0%| F|  |TAMS 0x0000000088500000, 0x0000000088500000| Untracked 
| 134|0x0000000088600000, 0x0000000088600000, 0x0000000088700000|  0%| F|  |TAMS 0x0000000088600000, 0x0000000088600000| Untracked 
| 135|0x0000000088700000, 0x0000000088700000, 0x0000000088800000|  0%| F|  |TAMS 0x0000000088700000, 0x0000000088700000| Untracked 
| 136|0x0000000088800000, 0x0000000088800000, 0x0000000088900000|  0%| F|  |TAMS 0x0000000088800000, 0x0000000088800000| Untracked 
| 137|0x0000000088900000, 0x0000000088900000, 0x0000000088a00000|  0%| F|  |TAMS 0x0000000088900000, 0x0000000088900000| Untracked 
| 138|0x0000000088a00000, 0x0000000088a00000, 0x0000000088b00000|  0%| F|  |TAMS 0x0000000088a00000, 0x0000000088a00000| Untracked 
| 139|0x0000000088b00000, 0x0000000088b00000, 0x0000000088c00000|  0%| F|  |TAMS 0x0000000088b00000, 0x0000000088b00000| Untracked 
| 140|0x0000000088c00000, 0x0000000088c00000, 0x0000000088d00000|  0%| F|  |TAMS 0x0000000088c00000, 0x0000000088c00000| Untracked 
| 141|0x0000000088d00000, 0x0000000088d00000, 0x0000000088e00000|  0%| F|  |TAMS 0x0000000088d00000, 0x0000000088d00000| Untracked 
| 142|0x0000000088e00000, 0x0000000088e00000, 0x0000000088f00000|  0%| F|  |TAMS 0x0000000088e00000, 0x0000000088e00000| Untracked 
| 143|0x0000000088f00000, 0x0000000088f00000, 0x0000000089000000|  0%| F|  |TAMS 0x0000000088f00000, 0x0000000088f00000| Untracked 
| 144|0x0000000089000000, 0x0000000089000000, 0x0000000089100000|  0%| F|  |TAMS 0x0000000089000000, 0x0000000089000000| Untracked 
| 145|0x0000000089100000, 0x0000000089100000, 0x0000000089200000|  0%| F|  |TAMS 0x0000000089100000, 0x0000000089100000| Untracked 
| 146|0x0000000089200000, 0x0000000089200000, 0x0000000089300000|  0%| F|  |TAMS 0x0000000089200000, 0x0000000089200000| Untracked 
| 147|0x0000000089300000, 0x0000000089300000, 0x0000000089400000|  0%| F|  |TAMS 0x0000000089300000, 0x0000000089300000| Untracked 
| 148|0x0000000089400000, 0x0000000089400000, 0x0000000089500000|  0%| F|  |TAMS 0x0000000089400000, 0x0000000089400000| Untracked 
| 149|0x0000000089500000, 0x0000000089500000, 0x0000000089600000|  0%| F|  |TAMS 0x0000000089500000, 0x0000000089500000| Untracked 
| 150|0x0000000089600000, 0x0000000089600000, 0x0000000089700000|  0%| F|  |TAMS 0x0000000089600000, 0x0000000089600000| Untracked 
| 151|0x0000000089700000, 0x0000000089700000, 0x0000000089800000|  0%| F|  |TAMS 0x0000000089700000, 0x0000000089700000| Untracked 
| 152|0x0000000089800000, 0x0000000089800000, 0x0000000089900000|  0%| F|  |TAMS 0x0000000089800000, 0x0000000089800000| Untracked 
| 153|0x0000000089900000, 0x0000000089900000, 0x0000000089a00000|  0%| F|  |TAMS 0x0000000089900000, 0x0000000089900000| Untracked 
| 154|0x0000000089a00000, 0x0000000089a00000, 0x0000000089b00000|  0%| F|  |TAMS 0x0000000089a00000, 0x0000000089a00000| Untracked 
| 155|0x0000000089b00000, 0x0000000089b00000, 0x0000000089c00000|  0%| F|  |TAMS 0x0000000089b00000, 0x0000000089b00000| Untracked 
| 156|0x0000000089c00000, 0x0000000089c00000, 0x0000000089d00000|  0%| F|  |TAMS 0x0000000089c00000, 0x0000000089c00000| Untracked 
| 157|0x0000000089d00000, 0x0000000089d00000, 0x0000000089e00000|  0%| F|  |TAMS 0x0000000089d00000, 0x0000000089d00000| Untracked 
| 158|0x0000000089e00000, 0x0000000089e00000, 0x0000000089f00000|  0%| F|  |TAMS 0x0000000089e00000, 0x0000000089e00000| Untracked 
| 159|0x0000000089f00000, 0x0000000089fa1760, 0x000000008a000000| 63%| E|  |TAMS 0x0000000089f00000, 0x0000000089f00000| Complete 
| 160|0x000000008a000000, 0x000000008a100000, 0x000000008a100000|100%| E|CS|TAMS 0x000000008a000000, 0x000000008a000000| Complete 
| 161|0x000000008a100000, 0x000000008a19f240, 0x000000008a200000| 62%| S|CS|TAMS 0x000000008a100000, 0x000000008a100000| Complete 
| 162|0x000000008a200000, 0x000000008a300000, 0x000000008a300000|100%| S|CS|TAMS 0x000000008a200000, 0x000000008a200000| Complete 
| 163|0x000000008a300000, 0x000000008a400000, 0x000000008a400000|100%| S|CS|TAMS 0x000000008a300000, 0x000000008a300000| Complete 
| 164|0x000000008a400000, 0x000000008a500000, 0x000000008a500000|100%| E|  |TAMS 0x000000008a400000, 0x000000008a400000| Complete 
| 165|0x000000008a500000, 0x000000008a600000, 0x000000008a600000|100%| E|CS|TAMS 0x000000008a500000, 0x000000008a500000| Complete 
| 166|0x000000008a600000, 0x000000008a700000, 0x000000008a700000|100%| E|CS|TAMS 0x000000008a600000, 0x000000008a600000| Complete 
| 167|0x000000008a700000, 0x000000008a800000, 0x000000008a800000|100%| E|CS|TAMS 0x000000008a700000, 0x000000008a700000| Complete 
| 168|0x000000008a800000, 0x000000008a900000, 0x000000008a900000|100%| E|CS|TAMS 0x000000008a800000, 0x000000008a800000| Complete 
| 169|0x000000008a900000, 0x000000008aa00000, 0x000000008aa00000|100%| E|CS|TAMS 0x000000008a900000, 0x000000008a900000| Complete 
| 170|0x000000008aa00000, 0x000000008ab00000, 0x000000008ab00000|100%| E|CS|TAMS 0x000000008aa00000, 0x000000008aa00000| Complete 
| 171|0x000000008ab00000, 0x000000008ac00000, 0x000000008ac00000|100%| E|CS|TAMS 0x000000008ab00000, 0x000000008ab00000| Complete 
| 172|0x000000008ac00000, 0x000000008ad00000, 0x000000008ad00000|100%| E|CS|TAMS 0x000000008ac00000, 0x000000008ac00000| Complete 
| 173|0x000000008ad00000, 0x000000008ae00000, 0x000000008ae00000|100%| E|CS|TAMS 0x000000008ad00000, 0x000000008ad00000| Complete 
| 174|0x000000008ae00000, 0x000000008af00000, 0x000000008af00000|100%| E|CS|TAMS 0x000000008ae00000, 0x000000008ae00000| Complete 
| 175|0x000000008af00000, 0x000000008b000000, 0x000000008b000000|100%| E|CS|TAMS 0x000000008af00000, 0x000000008af00000| Complete 
| 176|0x000000008b000000, 0x000000008b100000, 0x000000008b100000|100%| E|CS|TAMS 0x000000008b000000, 0x000000008b000000| Complete 
| 177|0x000000008b100000, 0x000000008b200000, 0x000000008b200000|100%| E|CS|TAMS 0x000000008b100000, 0x000000008b100000| Complete 
| 178|0x000000008b200000, 0x000000008b300000, 0x000000008b300000|100%| E|CS|TAMS 0x000000008b200000, 0x000000008b200000| Complete 
| 179|0x000000008b300000, 0x000000008b400000, 0x000000008b400000|100%| E|CS|TAMS 0x000000008b300000, 0x000000008b300000| Complete 
| 180|0x000000008b400000, 0x000000008b500000, 0x000000008b500000|100%| E|CS|TAMS 0x000000008b400000, 0x000000008b400000| Complete 
| 181|0x000000008b500000, 0x000000008b600000, 0x000000008b600000|100%| E|CS|TAMS 0x000000008b500000, 0x000000008b500000| Complete 
| 182|0x000000008b600000, 0x000000008b700000, 0x000000008b700000|100%| E|CS|TAMS 0x000000008b600000, 0x000000008b600000| Complete 
| 183|0x000000008b700000, 0x000000008b800000, 0x000000008b800000|100%| E|CS|TAMS 0x000000008b700000, 0x000000008b700000| Complete 
| 184|0x000000008b800000, 0x000000008b900000, 0x000000008b900000|100%| E|CS|TAMS 0x000000008b800000, 0x000000008b800000| Complete 
| 185|0x000000008b900000, 0x000000008ba00000, 0x000000008ba00000|100%| E|CS|TAMS 0x000000008b900000, 0x000000008b900000| Complete 
| 186|0x000000008ba00000, 0x000000008bb00000, 0x000000008bb00000|100%| E|CS|TAMS 0x000000008ba00000, 0x000000008ba00000| Complete 
| 187|0x000000008bb00000, 0x000000008bc00000, 0x000000008bc00000|100%| E|CS|TAMS 0x000000008bb00000, 0x000000008bb00000| Complete 
| 188|0x000000008bc00000, 0x000000008bd00000, 0x000000008bd00000|100%| E|CS|TAMS 0x000000008bc00000, 0x000000008bc00000| Complete 
| 189|0x000000008bd00000, 0x000000008be00000, 0x000000008be00000|100%| E|CS|TAMS 0x000000008bd00000, 0x000000008bd00000| Complete 
| 190|0x000000008be00000, 0x000000008bf00000, 0x000000008bf00000|100%| E|CS|TAMS 0x000000008be00000, 0x000000008be00000| Complete 
| 191|0x000000008bf00000, 0x000000008c000000, 0x000000008c000000|100%| E|CS|TAMS 0x000000008bf00000, 0x000000008bf00000| Complete 
| 192|0x000000008c000000, 0x000000008c100000, 0x000000008c100000|100%| E|CS|TAMS 0x000000008c000000, 0x000000008c000000| Complete 
| 193|0x000000008c100000, 0x000000008c200000, 0x000000008c200000|100%| E|CS|TAMS 0x000000008c100000, 0x000000008c100000| Complete 
| 194|0x000000008c200000, 0x000000008c300000, 0x000000008c300000|100%| E|CS|TAMS 0x000000008c200000, 0x000000008c200000| Complete 
| 195|0x000000008c300000, 0x000000008c400000, 0x000000008c400000|100%| E|CS|TAMS 0x000000008c300000, 0x000000008c300000| Complete 
| 196|0x000000008c400000, 0x000000008c500000, 0x000000008c500000|100%| E|CS|TAMS 0x000000008c400000, 0x000000008c400000| Complete 
| 197|0x000000008c500000, 0x000000008c600000, 0x000000008c600000|100%| E|CS|TAMS 0x000000008c500000, 0x000000008c500000| Complete 
| 198|0x000000008c600000, 0x000000008c700000, 0x000000008c700000|100%| E|CS|TAMS 0x000000008c600000, 0x000000008c600000| Complete 
| 199|0x000000008c700000, 0x000000008c800000, 0x000000008c800000|100%| E|CS|TAMS 0x000000008c700000, 0x000000008c700000| Complete 
| 200|0x000000008c800000, 0x000000008c900000, 0x000000008c900000|100%| E|CS|TAMS 0x000000008c800000, 0x000000008c800000| Complete 
| 201|0x000000008c900000, 0x000000008ca00000, 0x000000008ca00000|100%| E|CS|TAMS 0x000000008c900000, 0x000000008c900000| Complete 
| 202|0x000000008ca00000, 0x000000008cb00000, 0x000000008cb00000|100%| E|CS|TAMS 0x000000008ca00000, 0x000000008ca00000| Complete 
| 203|0x000000008cb00000, 0x000000008cc00000, 0x000000008cc00000|100%| E|CS|TAMS 0x000000008cb00000, 0x000000008cb00000| Complete 
| 204|0x000000008cc00000, 0x000000008cd00000, 0x000000008cd00000|100%| E|CS|TAMS 0x000000008cc00000, 0x000000008cc00000| Complete 
| 205|0x000000008cd00000, 0x000000008ce00000, 0x000000008ce00000|100%| E|CS|TAMS 0x000000008cd00000, 0x000000008cd00000| Complete 
| 206|0x000000008ce00000, 0x000000008cf00000, 0x000000008cf00000|100%| E|CS|TAMS 0x000000008ce00000, 0x000000008ce00000| Complete 
| 207|0x000000008cf00000, 0x000000008d000000, 0x000000008d000000|100%| E|CS|TAMS 0x000000008cf00000, 0x000000008cf00000| Complete 
| 208|0x000000008d000000, 0x000000008d100000, 0x000000008d100000|100%| E|CS|TAMS 0x000000008d000000, 0x000000008d000000| Complete 
| 209|0x000000008d100000, 0x000000008d200000, 0x000000008d200000|100%| E|CS|TAMS 0x000000008d100000, 0x000000008d100000| Complete 
| 210|0x000000008d200000, 0x000000008d300000, 0x000000008d300000|100%| E|CS|TAMS 0x000000008d200000, 0x000000008d200000| Complete 
| 211|0x000000008d300000, 0x000000008d400000, 0x000000008d400000|100%| E|CS|TAMS 0x000000008d300000, 0x000000008d300000| Complete 
| 212|0x000000008d400000, 0x000000008d500000, 0x000000008d500000|100%| E|CS|TAMS 0x000000008d400000, 0x000000008d400000| Complete 
| 213|0x000000008d500000, 0x000000008d600000, 0x000000008d600000|100%| E|CS|TAMS 0x000000008d500000, 0x000000008d500000| Complete 
| 214|0x000000008d600000, 0x000000008d700000, 0x000000008d700000|100%| E|CS|TAMS 0x000000008d600000, 0x000000008d600000| Complete 
| 215|0x000000008d700000, 0x000000008d800000, 0x000000008d800000|100%| E|CS|TAMS 0x000000008d700000, 0x000000008d700000| Complete 
| 216|0x000000008d800000, 0x000000008d900000, 0x000000008d900000|100%| E|CS|TAMS 0x000000008d800000, 0x000000008d800000| Complete 
| 217|0x000000008d900000, 0x000000008da00000, 0x000000008da00000|100%| E|CS|TAMS 0x000000008d900000, 0x000000008d900000| Complete 
| 218|0x000000008da00000, 0x000000008db00000, 0x000000008db00000|100%| E|CS|TAMS 0x000000008da00000, 0x000000008da00000| Complete 
| 219|0x000000008db00000, 0x000000008dc00000, 0x000000008dc00000|100%| E|CS|TAMS 0x000000008db00000, 0x000000008db00000| Complete 
| 220|0x000000008dc00000, 0x000000008dd00000, 0x000000008dd00000|100%| E|CS|TAMS 0x000000008dc00000, 0x000000008dc00000| Complete 
| 221|0x000000008dd00000, 0x000000008de00000, 0x000000008de00000|100%| E|CS|TAMS 0x000000008dd00000, 0x000000008dd00000| Complete 
| 222|0x000000008de00000, 0x000000008df00000, 0x000000008df00000|100%| E|CS|TAMS 0x000000008de00000, 0x000000008de00000| Complete 
| 223|0x000000008df00000, 0x000000008e000000, 0x000000008e000000|100%| E|CS|TAMS 0x000000008df00000, 0x000000008df00000| Complete 
| 224|0x000000008e000000, 0x000000008e100000, 0x000000008e100000|100%| E|CS|TAMS 0x000000008e000000, 0x000000008e000000| Complete 
| 225|0x000000008e100000, 0x000000008e200000, 0x000000008e200000|100%| E|CS|TAMS 0x000000008e100000, 0x000000008e100000| Complete 
| 226|0x000000008e200000, 0x000000008e300000, 0x000000008e300000|100%| E|CS|TAMS 0x000000008e200000, 0x000000008e200000| Complete 
| 227|0x000000008e300000, 0x000000008e400000, 0x000000008e400000|100%| E|CS|TAMS 0x000000008e300000, 0x000000008e300000| Complete 
| 228|0x000000008e400000, 0x000000008e500000, 0x000000008e500000|100%| E|CS|TAMS 0x000000008e400000, 0x000000008e400000| Complete 
| 229|0x000000008e500000, 0x000000008e600000, 0x000000008e600000|100%| E|CS|TAMS 0x000000008e500000, 0x000000008e500000| Complete 
| 230|0x000000008e600000, 0x000000008e700000, 0x000000008e700000|100%| E|CS|TAMS 0x000000008e600000, 0x000000008e600000| Complete 
| 231|0x000000008e700000, 0x000000008e800000, 0x000000008e800000|100%| E|CS|TAMS 0x000000008e700000, 0x000000008e700000| Complete 
| 232|0x000000008e800000, 0x000000008e900000, 0x000000008e900000|100%| E|CS|TAMS 0x000000008e800000, 0x000000008e800000| Complete 
| 233|0x000000008e900000, 0x000000008ea00000, 0x000000008ea00000|100%| E|CS|TAMS 0x000000008e900000, 0x000000008e900000| Complete 
| 234|0x000000008ea00000, 0x000000008eb00000, 0x000000008eb00000|100%| E|CS|TAMS 0x000000008ea00000, 0x000000008ea00000| Complete 
| 235|0x000000008eb00000, 0x000000008ec00000, 0x000000008ec00000|100%| E|CS|TAMS 0x000000008eb00000, 0x000000008eb00000| Complete 
| 236|0x000000008ec00000, 0x000000008ed00000, 0x000000008ed00000|100%| E|CS|TAMS 0x000000008ec00000, 0x000000008ec00000| Complete 
| 237|0x000000008ed00000, 0x000000008ee00000, 0x000000008ee00000|100%| E|CS|TAMS 0x000000008ed00000, 0x000000008ed00000| Complete 
| 238|0x000000008ee00000, 0x000000008ef00000, 0x000000008ef00000|100%| E|CS|TAMS 0x000000008ee00000, 0x000000008ee00000| Complete 
| 239|0x000000008ef00000, 0x000000008f000000, 0x000000008f000000|100%| E|CS|TAMS 0x000000008ef00000, 0x000000008ef00000| Complete 
| 240|0x000000008f000000, 0x000000008f100000, 0x000000008f100000|100%| E|CS|TAMS 0x000000008f000000, 0x000000008f000000| Complete 
| 241|0x000000008f100000, 0x000000008f200000, 0x000000008f200000|100%| E|CS|TAMS 0x000000008f100000, 0x000000008f100000| Complete 
| 242|0x000000008f200000, 0x000000008f300000, 0x000000008f300000|100%| E|CS|TAMS 0x000000008f200000, 0x000000008f200000| Complete 
| 243|0x000000008f300000, 0x000000008f400000, 0x000000008f400000|100%| E|CS|TAMS 0x000000008f300000, 0x000000008f300000| Complete 
| 244|0x000000008f400000, 0x000000008f500000, 0x000000008f500000|100%| E|CS|TAMS 0x000000008f400000, 0x000000008f400000| Complete 
| 245|0x000000008f500000, 0x000000008f600000, 0x000000008f600000|100%| E|CS|TAMS 0x000000008f500000, 0x000000008f500000| Complete 
| 246|0x000000008f600000, 0x000000008f700000, 0x000000008f700000|100%| E|CS|TAMS 0x000000008f600000, 0x000000008f600000| Complete 
| 247|0x000000008f700000, 0x000000008f800000, 0x000000008f800000|100%| E|CS|TAMS 0x000000008f700000, 0x000000008f700000| Complete 
| 248|0x000000008f800000, 0x000000008f900000, 0x000000008f900000|100%| E|CS|TAMS 0x000000008f800000, 0x000000008f800000| Complete 
| 249|0x000000008f900000, 0x000000008fa00000, 0x000000008fa00000|100%| E|CS|TAMS 0x000000008f900000, 0x000000008f900000| Complete 
| 250|0x000000008fa00000, 0x000000008fb00000, 0x000000008fb00000|100%| E|CS|TAMS 0x000000008fa00000, 0x000000008fa00000| Complete 
| 251|0x000000008fb00000, 0x000000008fc00000, 0x000000008fc00000|100%| E|CS|TAMS 0x000000008fb00000, 0x000000008fb00000| Complete 
| 252|0x000000008fc00000, 0x000000008fd00000, 0x000000008fd00000|100%| E|CS|TAMS 0x000000008fc00000, 0x000000008fc00000| Complete 
| 253|0x000000008fd00000, 0x000000008fe00000, 0x000000008fe00000|100%| E|CS|TAMS 0x000000008fd00000, 0x000000008fd00000| Complete 
| 254|0x000000008fe00000, 0x000000008ff00000, 0x000000008ff00000|100%| E|CS|TAMS 0x000000008fe00000, 0x000000008fe00000| Complete 
| 255|0x000000008ff00000, 0x0000000090000000, 0x0000000090000000|100%| E|CS|TAMS 0x000000008ff00000, 0x000000008ff00000| Complete 
| 256|0x0000000090000000, 0x0000000090100000, 0x0000000090100000|100%| E|CS|TAMS 0x0000000090000000, 0x0000000090000000| Complete 
| 257|0x0000000090100000, 0x0000000090200000, 0x0000000090200000|100%| E|CS|TAMS 0x0000000090100000, 0x0000000090100000| Complete 
| 258|0x0000000090200000, 0x0000000090300000, 0x0000000090300000|100%| E|CS|TAMS 0x0000000090200000, 0x0000000090200000| Complete 
| 259|0x0000000090300000, 0x0000000090400000, 0x0000000090400000|100%| E|CS|TAMS 0x0000000090300000, 0x0000000090300000| Complete 
| 260|0x0000000090400000, 0x0000000090500000, 0x0000000090500000|100%| E|CS|TAMS 0x0000000090400000, 0x0000000090400000| Complete 
| 261|0x0000000090500000, 0x0000000090600000, 0x0000000090600000|100%| E|CS|TAMS 0x0000000090500000, 0x0000000090500000| Complete 

Card table byte_map: [0x00007faca8322000,0x00007faca8722000] _byte_map_base: 0x00007faca7f22000

Marking Bits (Prev, Next): (CMBitMap*) 0x00007faca4085490, (CMBitMap*) 0x00007faca4085450
 Prev Bits: [0x00007fac8d600000, 0x00007fac8f600000)
 Next Bits: [0x00007fac8f600000, 0x00007fac91600000)

Polling page: 0x00007facaab95000

Metaspace:

Usage:
  Non-class:     93.81 MB used.
      Class:     14.98 MB used.
       Both:    108.80 MB used.

Virtual space:
  Non-class space:      128.00 MB reserved,      94.25 MB ( 74%) committed,  2 nodes.
      Class space:        1.00 GB reserved,      15.38 MB (  2%) committed,  1 nodes.
             Both:        1.12 GB reserved,     109.62 MB ( 10%) committed. 

Chunk freelists:
   Non-Class:  1.67 MB
       Class:  688.00 KB
        Both:  2.34 MB

MaxMetaspaceSize: unlimited
CompressedClassSpaceSize: 1.00 GB
Initial GC threshold: 21.00 MB
Current GC threshold: 173.56 MB
CDS: off
MetaspaceReclaimPolicy: balanced
 - commit_granule_bytes: 65536.
 - commit_granule_words: 8192.
 - virtual_space_node_default_size: 8388608.
 - enlarge_chunks_in_place: 1.
 - new_chunks_are_fully_committed: 0.
 - uncommit_free_chunks: 1.
 - use_allocation_guard: 0.
 - handle_deallocations: 1.


Internal statistics:

num_allocs_failed_limit: 9.
num_arena_births: 1264.
num_arena_deaths: 0.
num_vsnodes_births: 3.
num_vsnodes_deaths: 0.
num_space_committed: 1753.
num_space_uncommitted: 0.
num_chunks_returned_to_freelist: 9.
num_chunks_taken_from_freelist: 5654.
num_chunk_merges: 3.
num_chunk_splits: 3668.
num_chunks_enlarged: 2399.
num_inconsistent_stats: 0.

CodeHeap 'non-profiled nmethods': size=120028Kb used=7863Kb max_used=8437Kb free=112164Kb
 bounds [0x00007fac994c9000, 0x00007fac99d09000, 0x00007faca0a00000]
CodeHeap 'profiled nmethods': size=120028Kb used=20485Kb max_used=21841Kb free=99542Kb
 bounds [0x00007fac91a00000, 0x00007fac92f70000, 0x00007fac98f37000]
CodeHeap 'non-nmethods': size=5704Kb used=1711Kb max_used=1792Kb free=3992Kb
 bounds [0x00007fac98f37000, 0x00007fac991a7000, 0x00007fac994c9000]
 total_blobs=12206 nmethods=11394 adapters=725
 compilation: enabled
              stopped_count=0, restarted_count=0
 full_count=0

Compilation events (20 events):
Event: 35.248 Thread 0x00007faca42118f0 nmethod 13845 0x00007fac923cc490 code [0x00007fac923cc660, 0x00007fac923cc930]
Event: 35.248 Thread 0x00007faca42118f0 13846       3       org.objectweb.asm.MethodWriter::visitEnd (1 bytes)
Event: 35.248 Thread 0x00007faca42118f0 nmethod 13846 0x00007fac927f4210 code [0x00007fac927f43a0, 0x00007fac927f44b0]
Event: 35.248 Thread 0x00007faca42118f0 13847       3       org.objectweb.asm.Handler::putExceptionTable (63 bytes)
Event: 35.249 Thread 0x00007faca42118f0 nmethod 13847 0x00007fac92006d90 code [0x00007fac92006fa0, 0x00007fac92007420]
Event: 35.249 Thread 0x00007faca42118f0 13848       3       com.android.builder.symbols.BytecodeRClassWriterKt::internalName (71 bytes)
Event: 35.252 Thread 0x00007fac4c2fb7d0 nmethod 13833 0x00007fac998ee290 code [0x00007fac998ee480, 0x00007fac998eea60]
Event: 35.252 Thread 0x00007fac4c2fb7d0 13835       4       org.objectweb.asm.SymbolTable::addConstant (330 bytes)
Event: 35.255 Thread 0x00007faca42118f0 nmethod 13848 0x00007fac924e7e90 code [0x00007fac924e83c0, 0x00007fac924ead90]
Event: 35.262 Thread 0x00007faca4210400 nmethod 13829 0x00007fac99791390 code [0x00007fac99791540, 0x00007fac99791bd8]
Event: 35.262 Thread 0x00007faca4210400 13826       4       org.objectweb.asm.AnnotationWriter::putAnnotations (67 bytes)
Event: 35.266 Thread 0x00007faca4210400 nmethod 13826 0x00007fac99790f10 code [0x00007fac997910c0, 0x00007fac99791218]
Event: 35.319 Thread 0x00007fac4c3c3ce0 nmethod 13836 0x00007fac99a45210 code [0x00007fac99a453e0, 0x00007fac99a46198]
Event: 35.319 Thread 0x00007fac4c2fb7d0 nmethod 13835 0x00007fac99c97490 code [0x00007fac99c97680, 0x00007fac99c983d8]
Event: 35.319 Thread 0x00007faca4210400 13844       4       com.google.common.collect.SparseImmutableTable::rowMap (10 bytes)
Event: 35.319 Thread 0x00007fac4c2fb7d0 13830       4       java.lang.StringConcatHelper::prepend (22 bytes)
Event: 35.319 Thread 0x00007fac4c3c3ce0 13839       4       java.lang.invoke.DirectMethodHandle$Holder::invokeStatic (14 bytes)
Event: 35.320 Thread 0x00007faca4210400 nmethod 13844 0x00007fac999cc710 code [0x00007fac999cc8a0, 0x00007fac999cc948]
Event: 35.320 Thread 0x00007fac4c3c3ce0 nmethod 13839 0x00007fac99790b90 code [0x00007fac99790d20, 0x00007fac99790de8]
Event: 35.322 Thread 0x00007fac4c2fb7d0 nmethod 13830 0x00007fac999cf510 code [0x00007fac999cf6a0, 0x00007fac999cf958]

GC Heap History (20 events):
Event: 20.199 GC heap before
{Heap before GC invocations=24 (full 0):
 garbage-first heap   total 223232K, used 181537K [0x0000000080000000, 0x0000000100000000)
  region size 1024K, 95 young (97280K), 4 survivors (4096K)
 Metaspace       used 95770K, committed 96448K, reserved 1179648K
  class space    used 13326K, committed 13632K, reserved 1048576K
}
Event: 20.238 GC heap after
{Heap after GC invocations=25 (full 0):
 garbage-first heap   total 223232K, used 92605K [0x0000000080000000, 0x0000000100000000)
  region size 1024K, 8 young (8192K), 8 survivors (8192K)
 Metaspace       used 95770K, committed 96448K, reserved 1179648K
  class space    used 13326K, committed 13632K, reserved 1048576K
}
Event: 22.023 GC heap before
{Heap before GC invocations=25 (full 0):
 garbage-first heap   total 223232K, used 186813K [0x0000000080000000, 0x0000000100000000)
  region size 1024K, 96 young (98304K), 8 survivors (8192K)
 Metaspace       used 103152K, committed 103872K, reserved 1179648K
  class space    used 14240K, committed 14592K, reserved 1048576K
}
Event: 22.049 GC heap after
{Heap after GC invocations=26 (full 0):
 garbage-first heap   total 268288K, used 100239K [0x0000000080000000, 0x0000000100000000)
  region size 1024K, 12 young (12288K), 12 survivors (12288K)
 Metaspace       used 103152K, committed 103872K, reserved 1179648K
  class space    used 14240K, committed 14592K, reserved 1048576K
}
Event: 24.190 GC heap before
{Heap before GC invocations=26 (full 0):
 garbage-first heap   total 268288K, used 211855K [0x0000000080000000, 0x0000000100000000)
  region size 1024K, 122 young (124928K), 12 survivors (12288K)
 Metaspace       used 105576K, committed 106304K, reserved 1179648K
  class space    used 14588K, committed 14912K, reserved 1048576K
}
Event: 24.215 GC heap after
{Heap after GC invocations=27 (full 0):
 garbage-first heap   total 268288K, used 109097K [0x0000000080000000, 0x0000000100000000)
  region size 1024K, 16 young (16384K), 16 survivors (16384K)
 Metaspace       used 105576K, committed 106304K, reserved 1179648K
  class space    used 14588K, committed 14912K, reserved 1048576K
}
Event: 24.572 GC heap before
{Heap before GC invocations=27 (full 0):
 garbage-first heap   total 268288K, used 140841K [0x0000000080000000, 0x0000000100000000)
  region size 1024K, 49 young (50176K), 16 survivors (16384K)
 Metaspace       used 105867K, committed 106560K, reserved 1179648K
  class space    used 14633K, committed 14976K, reserved 1048576K
}
Event: 24.608 GC heap after
{Heap after GC invocations=28 (full 0):
 garbage-first heap   total 268288K, used 110401K [0x0000000080000000, 0x0000000100000000)
  region size 1024K, 5 young (5120K), 5 survivors (5120K)
 Metaspace       used 105867K, committed 106560K, reserved 1179648K
  class space    used 14633K, committed 14976K, reserved 1048576K
}
Event: 28.076 GC heap before
{Heap before GC invocations=29 (full 0):
 garbage-first heap   total 268288K, used 212801K [0x0000000080000000, 0x0000000100000000)
  region size 1024K, 106 young (108544K), 5 survivors (5120K)
 Metaspace       used 106332K, committed 107136K, reserved 1179648K
  class space    used 14680K, committed 15104K, reserved 1048576K
}
Event: 28.118 GC heap after
{Heap after GC invocations=30 (full 0):
 garbage-first heap   total 268288K, used 114151K [0x0000000080000000, 0x0000000100000000)
  region size 1024K, 8 young (8192K), 8 survivors (8192K)
 Metaspace       used 106332K, committed 107136K, reserved 1179648K
  class space    used 14680K, committed 15104K, reserved 1048576K
}
Event: 28.183 GC heap before
{Heap before GC invocations=30 (full 0):
 garbage-first heap   total 268288K, used 119271K [0x0000000080000000, 0x0000000100000000)
  region size 1024K, 13 young (13312K), 8 survivors (8192K)
 Metaspace       used 106579K, committed 107392K, reserved 1179648K
  class space    used 14724K, committed 15168K, reserved 1048576K
}
Event: 28.192 GC heap after
{Heap after GC invocations=31 (full 0):
 garbage-first heap   total 268288K, used 113015K [0x0000000080000000, 0x0000000100000000)
  region size 1024K, 1 young (1024K), 1 survivors (1024K)
 Metaspace       used 106579K, committed 107392K, reserved 1179648K
  class space    used 14724K, committed 15168K, reserved 1048576K
}
Event: 29.425 GC heap before
{Heap before GC invocations=31 (full 0):
 garbage-first heap   total 268288K, used 214391K [0x0000000080000000, 0x0000000100000000)
  region size 1024K, 101 young (103424K), 1 survivors (1024K)
 Metaspace       used 108194K, committed 109056K, reserved 1179648K
  class space    used 14954K, committed 15360K, reserved 1048576K
}
Event: 29.443 GC heap after
{Heap after GC invocations=32 (full 0):
 garbage-first heap   total 268288K, used 119366K [0x0000000080000000, 0x0000000100000000)
  region size 1024K, 7 young (7168K), 7 survivors (7168K)
 Metaspace       used 108194K, committed 109056K, reserved 1179648K
  class space    used 14954K, committed 15360K, reserved 1048576K
}
Event: 30.566 GC heap before
{Heap before GC invocations=32 (full 0):
 garbage-first heap   total 268288K, used 215622K [0x0000000080000000, 0x0000000100000000)
  region size 1024K, 102 young (104448K), 7 survivors (7168K)
 Metaspace       used 108246K, committed 109056K, reserved 1179648K
  class space    used 14958K, committed 15360K, reserved 1048576K
}
Event: 30.583 GC heap after
{Heap after GC invocations=33 (full 0):
 garbage-first heap   total 268288K, used 120281K [0x0000000080000000, 0x0000000100000000)
  region size 1024K, 8 young (8192K), 8 survivors (8192K)
 Metaspace       used 108246K, committed 109056K, reserved 1179648K
  class space    used 14958K, committed 15360K, reserved 1048576K
}
Event: 31.395 GC heap before
{Heap before GC invocations=33 (full 0):
 garbage-first heap   total 268288K, used 218585K [0x0000000080000000, 0x0000000100000000)
  region size 1024K, 105 young (107520K), 8 survivors (8192K)
 Metaspace       used 108301K, committed 109120K, reserved 1179648K
  class space    used 14960K, committed 15360K, reserved 1048576K
}
Event: 31.421 GC heap after
{Heap after GC invocations=34 (full 0):
 garbage-first heap   total 268288K, used 120220K [0x0000000080000000, 0x0000000100000000)
  region size 1024K, 4 young (4096K), 4 survivors (4096K)
 Metaspace       used 108301K, committed 109120K, reserved 1179648K
  class space    used 14960K, committed 15360K, reserved 1048576K
}
Event: 32.722 GC heap before
{Heap before GC invocations=34 (full 0):
 garbage-first heap   total 268288K, used 219548K [0x0000000080000000, 0x0000000100000000)
  region size 1024K, 102 young (104448K), 4 survivors (4096K)
 Metaspace       used 108417K, committed 109248K, reserved 1179648K
  class space    used 14972K, committed 15360K, reserved 1048576K
}
Event: 32.731 GC heap after
{Heap after GC invocations=35 (full 0):
 garbage-first heap   total 268288K, used 119493K [0x0000000080000000, 0x0000000100000000)
  region size 1024K, 3 young (3072K), 3 survivors (3072K)
 Metaspace       used 108417K, committed 109248K, reserved 1179648K
  class space    used 14972K, committed 15360K, reserved 1048576K
}

Dll operation events (13 events):
Event: 0.004 Loaded shared library /opt/android-studio/jbr/lib/libjava.so
Event: 0.142 Loaded shared library /opt/android-studio/jbr/lib/libzip.so
Event: 0.143 Loaded shared library /opt/android-studio/jbr/lib/libinstrument.so
Event: 0.150 Loaded shared library /opt/android-studio/jbr/lib/libnio.so
Event: 0.159 Loaded shared library /opt/android-studio/jbr/lib/libzip.so
Event: 0.250 Loaded shared library /opt/android-studio/jbr/lib/libjimage.so
Event: 0.307 Loaded shared library /opt/android-studio/jbr/lib/libverify.so
Event: 0.585 Loaded shared library /opt/android-studio/jbr/lib/libnet.so
Event: 0.600 Loaded shared library /home/leerixon54/.gradle/native/c067742578af261105cb4f569cf0c3c89f3d7b1fecec35dd04571415982c5e48/linux-amd64/libnative-platform.so
Event: 0.613 Loaded shared library /home/leerixon54/.gradle/native/38dada09dfb8b06ba9b0570ebf7e218e3eb74d4ef43ca46872605cf95ebc2f47/linux-amd64/libnative-platform-file-events.so
Event: 1.265 Loaded shared library /opt/android-studio/jbr/lib/libmanagement.so
Event: 1.267 Loaded shared library /opt/android-studio/jbr/lib/libmanagement_ext.so
Event: 1.520 Loaded shared library /opt/android-studio/jbr/lib/libextnet.so

Deoptimization events (20 events):
Event: 35.161 Thread 0x00007fabb004b5a0 Uncommon trap: trap_request=0xffffffbe fr.pc=0x00007fac99653858 relative=0x0000000000000598
Event: 35.161 Thread 0x00007fabb004b5a0 Uncommon trap: reason=profile_predicate action=maybe_recompile pc=0x00007fac99653858 method=com.google.common.base.CharMatcher.indexIn(Ljava/lang/CharSequence;I)I @ 19 c2
Event: 35.161 Thread 0x00007fabb004b5a0 DEOPT PACKING pc=0x00007fac99653858 sp=0x00007fab827fcfb0
Event: 35.161 Thread 0x00007fabb004b5a0 DEOPT UNPACKING pc=0x00007fac98f8d699 sp=0x00007fab827fcf60 mode 2
Event: 35.162 Thread 0x00007fabb004b5a0 Uncommon trap: trap_request=0xffffffbe fr.pc=0x00007fac99653858 relative=0x0000000000000598
Event: 35.162 Thread 0x00007fabb004b5a0 Uncommon trap: reason=profile_predicate action=maybe_recompile pc=0x00007fac99653858 method=com.google.common.base.CharMatcher.indexIn(Ljava/lang/CharSequence;I)I @ 19 c2
Event: 35.162 Thread 0x00007fabb004b5a0 DEOPT PACKING pc=0x00007fac99653858 sp=0x00007fab827fcfd0
Event: 35.162 Thread 0x00007fabb004b5a0 DEOPT UNPACKING pc=0x00007fac98f8d699 sp=0x00007fab827fcf80 mode 2
Event: 35.162 Thread 0x00007fabb004b5a0 Uncommon trap: trap_request=0xffffffbe fr.pc=0x00007fac99653858 relative=0x0000000000000598
Event: 35.162 Thread 0x00007fabb004b5a0 Uncommon trap: reason=profile_predicate action=maybe_recompile pc=0x00007fac99653858 method=com.google.common.base.CharMatcher.indexIn(Ljava/lang/CharSequence;I)I @ 19 c2
Event: 35.162 Thread 0x00007fabb004b5a0 DEOPT PACKING pc=0x00007fac99653858 sp=0x00007fab827fcfd0
Event: 35.162 Thread 0x00007fabb004b5a0 DEOPT UNPACKING pc=0x00007fac98f8d699 sp=0x00007fab827fcf80 mode 2
Event: 35.162 Thread 0x00007fabb004b5a0 Uncommon trap: trap_request=0xffffffbe fr.pc=0x00007fac99653858 relative=0x0000000000000598
Event: 35.162 Thread 0x00007fabb004b5a0 Uncommon trap: reason=profile_predicate action=maybe_recompile pc=0x00007fac99653858 method=com.google.common.base.CharMatcher.indexIn(Ljava/lang/CharSequence;I)I @ 19 c2
Event: 35.162 Thread 0x00007fabb004b5a0 DEOPT PACKING pc=0x00007fac99653858 sp=0x00007fab827fcfd0
Event: 35.162 Thread 0x00007fabb004b5a0 DEOPT UNPACKING pc=0x00007fac98f8d699 sp=0x00007fab827fcf80 mode 2
Event: 35.319 Thread 0x00007fabb000c640 Uncommon trap: trap_request=0xffffff45 fr.pc=0x00007fac9993ac64 relative=0x0000000000000284
Event: 35.319 Thread 0x00007fabb000c640 Uncommon trap: reason=unstable_if action=reinterpret pc=0x00007fac9993ac64 method=com.google.common.collect.MapMakerInternalMap$Segment.getEntry(Ljava/lang/Object;I)Lcom/google/common/collect/MapMakerInternalMap$InternalEntry; @ 63 c2
Event: 35.319 Thread 0x00007fabb000c640 DEOPT PACKING pc=0x00007fac9993ac64 sp=0x00007fac016edfa0
Event: 35.319 Thread 0x00007fabb000c640 DEOPT UNPACKING pc=0x00007fac98f8d699 sp=0x00007fac016edf68 mode 2

Classes unloaded (0 events):
No events

Classes redefined (0 events):
No events

Internal exceptions (20 events):
Event: 32.950 Thread 0x00007fabcc3821a0 Exception <a 'sun/nio/fs/UnixException'{0x000000009012eb20}> (0x000000009012eb20) 
thrown [src/hotspot/share/prims/jni.cpp, line 517]
Event: 32.997 Thread 0x00007fabcc11f290 Exception <a 'sun/nio/fs/UnixException'{0x000000008fe0fb98}> (0x000000008fe0fb98) 
thrown [src/hotspot/share/prims/jni.cpp, line 517]
Event: 33.006 Thread 0x00007fabcc380e30 Exception <a 'sun/nio/fs/UnixException'{0x000000008fefa720}> (0x000000008fefa720) 
thrown [src/hotspot/share/prims/jni.cpp, line 517]
Event: 33.007 Thread 0x00007fabcc0091b0 Exception <a 'sun/nio/fs/UnixException'{0x000000008fe805a0}> (0x000000008fe805a0) 
thrown [src/hotspot/share/prims/jni.cpp, line 517]
Event: 33.014 Thread 0x00007fabcc383010 Exception <a 'sun/nio/fs/UnixException'{0x000000008fc3a280}> (0x000000008fc3a280) 
thrown [src/hotspot/share/prims/jni.cpp, line 517]
Event: 33.016 Thread 0x00007fabb000b440 Exception <a 'sun/nio/fs/UnixException'{0x000000008fcbdc48}> (0x000000008fcbdc48) 
thrown [src/hotspot/share/prims/jni.cpp, line 517]
Event: 33.106 Thread 0x00007fabcc11f290 Exception <a 'sun/nio/fs/UnixException'{0x000000008fe3f6d8}> (0x000000008fe3f6d8) 
thrown [src/hotspot/share/prims/jni.cpp, line 517]
Event: 33.222 Thread 0x00007fabcc3821a0 Exception <a 'sun/nio/fs/UnixException'{0x000000008fde05b0}> (0x000000008fde05b0) 
thrown [src/hotspot/share/prims/jni.cpp, line 517]
Event: 33.228 Thread 0x00007fabcc11f290 Exception <a 'sun/nio/fs/UnixException'{0x000000008fb90920}> (0x000000008fb90920) 
thrown [src/hotspot/share/prims/jni.cpp, line 517]
Event: 33.302 Thread 0x00007fabcc11e140 Exception <a 'sun/nio/fs/UnixException'{0x000000008edc65c0}> (0x000000008edc65c0) 
thrown [src/hotspot/share/prims/jni.cpp, line 517]
Event: 33.323 Thread 0x00007fabcc16d730 Implicit null exception at 0x00007fac9953ced3 to 0x00007fac9953d10c
Event: 33.323 Thread 0x00007fabcc16d730 Exception <a 'java/lang/NoSuchMethodError'{0x000000008eae3aa0}: 'int java.lang.invoke.DirectMethodHandle$Holder.invokeStatic(java.lang.Object, java.lang.Object, int)'> (0x000000008eae3aa0) 
thrown [src/hotspot/share/interpreter/linkResolver.cpp, line 771]
Event: 33.324 Thread 0x00007fabcc16d730 Exception <a 'java/lang/NoSuchMethodError'{0x000000008eae7b08}: 'int java.lang.invoke.DirectMethodHandle$Holder.invokeSpecial(java.lang.Object, java.lang.Object, java.lang.Object, int)'> (0x000000008eae7b08) 
thrown [src/hotspot/share/interpreter/linkResolver.cpp, line 771]
Event: 33.325 Thread 0x00007fabcc16d730 Exception <a 'java/lang/NoSuchMethodError'{0x000000008eaf8270}: 'java.lang.Object java.lang.invoke.DirectMethodHandle$Holder.invokeStatic(java.lang.Object, java.lang.Object, java.lang.Object, java.lang.Object, int)'> (0x000000008eaf8270) 
thrown [src/hotspot/share/interpreter/linkResolver.cpp, line 771]
Event: 33.354 Thread 0x00007fabb000c640 Exception <a 'sun/nio/fs/UnixException'{0x000000008e744c20}> (0x000000008e744c20) 
thrown [src/hotspot/share/prims/jni.cpp, line 517]
Event: 33.370 Thread 0x00007fabb000c640 Exception <a 'sun/nio/fs/UnixException'{0x000000008e3317b0}> (0x000000008e3317b0) 
thrown [src/hotspot/share/prims/jni.cpp, line 517]
Event: 33.478 Thread 0x00007fabb000c640 Exception <a 'java/lang/NoSuchMethodError'{0x000000008e044228}: static Lcom/android/ide/common/resources/MergedAssetWriter$AssetWorkAction;.<clinit>()V> (0x000000008e044228) 
thrown [src/hotspot/share/prims/jni.cpp, line 1108]
Event: 34.037 Thread 0x00007fab90056030 Implicit null exception at 0x00007fac99cf6600 to 0x00007fac99cf7cc8
Event: 34.904 Thread 0x00007fabb004b5a0 Exception <a 'sun/nio/fs/UnixException'{0x000000008aded628}> (0x000000008aded628) 
thrown [src/hotspot/share/prims/jni.cpp, line 517]
Event: 34.906 Thread 0x00007fabb004b5a0 Implicit null exception at 0x00007fac995c9460 to 0x00007fac995c95cc

VM Operations (20 events):
Event: 32.424 Executing VM operation: Cleanup
Event: 32.425 Executing VM operation: Cleanup done
Event: 32.722 Executing VM operation: G1CollectForAllocation
Event: 32.731 Executing VM operation: G1CollectForAllocation done
Event: 33.343 Executing VM operation: HandshakeAllThreads
Event: 33.345 Executing VM operation: HandshakeAllThreads done
Event: 33.573 Executing VM operation: HandshakeAllThreads
Event: 33.587 Executing VM operation: HandshakeAllThreads done
Event: 33.609 Executing VM operation: ICBufferFull
Event: 33.612 Executing VM operation: ICBufferFull done
Event: 34.037 Executing VM operation: HandshakeAllThreads
Event: 34.039 Executing VM operation: HandshakeAllThreads done
Event: 34.231 Executing VM operation: HandshakeAllThreads
Event: 34.235 Executing VM operation: HandshakeAllThreads done
Event: 34.521 Executing VM operation: HandshakeAllThreads
Event: 34.522 Executing VM operation: HandshakeAllThreads done
Event: 34.916 Executing VM operation: ICBufferFull
Event: 34.935 Executing VM operation: ICBufferFull done
Event: 34.946 Executing VM operation: HandshakeAllThreads
Event: 34.947 Executing VM operation: HandshakeAllThreads done

Events (20 events):
Event: 34.295 Thread 0x00007faca4212d70 flushing nmethod 0x00007fac92e54790
Event: 34.295 Thread 0x00007faca4212d70 flushing nmethod 0x00007fac92e56b10
Event: 34.295 Thread 0x00007faca4212d70 flushing nmethod 0x00007fac92e57510
Event: 34.295 Thread 0x00007faca4212d70 flushing nmethod 0x00007fac92e57990
Event: 34.295 Thread 0x00007faca4212d70 flushing nmethod 0x00007fac92e58010
Event: 34.295 Thread 0x00007faca4212d70 flushing nmethod 0x00007fac92e6c490
Event: 34.296 Thread 0x00007faca4212d70 flushing nmethod 0x00007fac92e99b10
Event: 34.296 Thread 0x00007faca4212d70 flushing nmethod 0x00007fac92eaaf10
Event: 34.296 Thread 0x00007faca4212d70 flushing nmethod 0x00007fac92ed0410
Event: 34.297 Thread 0x00007faca4212d70 flushing nmethod 0x00007fac92f28b90
Event: 34.297 Thread 0x00007faca4212d70 flushing nmethod 0x00007fac92f2b190
Event: 34.297 Thread 0x00007faca4212d70 flushing nmethod 0x00007fac92f2c910
Event: 34.489 loading class java/util/stream/Streams$1
Event: 34.490 loading class java/util/stream/Streams$1 done
Event: 34.533 loading class java/nio/file/FileChannelLinesSpliterator$1
Event: 34.533 loading class java/nio/file/FileChannelLinesSpliterator$1 done
Event: 34.599 Thread 0x00007fac4c2fb7d0 Thread added: 0x00007fac4c2fb7d0
Event: 34.599 Protecting memory [0x00007fab81f00000,0x00007fab81f04000] with protection modes 0
Event: 34.599 Thread 0x00007fac4c3c3ce0 Thread added: 0x00007fac4c3c3ce0
Event: 34.599 Protecting memory [0x00007fab80d00000,0x00007fab80d04000] with protection modes 0


Dynamic libraries:
80000000-90600000 rw-p 00000000 00:00 0 
90600000-100000000 ---p 00000000 00:00 0 
100000000-100010000 rw-p 00000000 00:00 0 
100010000-100030000 rw-p 00000000 00:00 0 
100030000-1000b0000 rw-p 00000000 00:00 0 
1000b0000-100130000 rw-p 00000000 00:00 0 
100130000-1001b0000 rw-p 00000000 00:00 0 
1001b0000-1001f0000 rw-p 00000000 00:00 0 
1001f0000-1002d0000 rw-p 00000000 00:00 0 
1002d0000-1002f0000 rw-p 00000000 00:00 0 
1002f0000-100530000 rw-p 00000000 00:00 0 
100530000-1006d0000 rw-p 00000000 00:00 0 
1006d0000-1006f0000 rw-p 00000000 00:00 0 
1006f0000-100930000 rw-p 00000000 00:00 0 
100930000-100970000 rw-p 00000000 00:00 0 
100970000-100a30000 rw-p 00000000 00:00 0 
100a30000-100a70000 rw-p 00000000 00:00 0 
100a70000-100f60000 rw-p 00000000 00:00 0 
100f60000-140000000 ---p 00000000 00:00 0 
555bbd0c7000-555bbd0c8000 r--p 00000000 00:2e 41531                      /opt/android-studio/jbr/bin/java
555bbd0c8000-555bbd0c9000 r-xp 00000000 00:2e 41531                      /opt/android-studio/jbr/bin/java
555bbd0c9000-555bbd0cb000 r--p 00000000 00:2e 41531                      /opt/android-studio/jbr/bin/java
555bbd0cb000-555bbd0cc000 rw-p 00001000 00:2e 41531                      /opt/android-studio/jbr/bin/java
555bbd3d2000-555bbd41a000 rw-p 00000000 00:00 0                          [heap]
7fab80263000-7fab80500000 rw-p 00000000 00:00 0 
7fab80500000-7fab80504000 ---p 00000000 00:00 0 
7fab80504000-7fab80600000 rw-p 00000000 00:00 0 
7fab80600000-7fab80604000 ---p 00000000 00:00 0 
7fab80604000-7fab80700000 rw-p 00000000 00:00 0 
7fab80700000-7fab80704000 ---p 00000000 00:00 0 
7fab80704000-7fab80800000 rw-p 00000000 00:00 0 
7fab80800000-7fab80804000 ---p 00000000 00:00 0 
7fab80804000-7fab80900000 rw-p 00000000 00:00 0 
7fab80900000-7fab80904000 ---p 00000000 00:00 0 
7fab80904000-7fab80a00000 rw-p 00000000 00:00 0 
7fab80a00000-7fab80a04000 ---p 00000000 00:00 0 
7fab80a04000-7fab80b00000 rw-p 00000000 00:00 0 
7fab80b00000-7fab80b04000 ---p 00000000 00:00 0 
7fab80b04000-7fab80c00000 rw-p 00000000 00:00 0 
7fab80c00000-7fab80c04000 ---p 00000000 00:00 0 
7fab80c04000-7fab80d00000 rw-p 00000000 00:00 0 
7fab80d00000-7fab80d04000 ---p 00000000 00:00 0 
7fab80d04000-7fab80e00000 rw-p 00000000 00:00 0 
7fab80e00000-7fab80e04000 ---p 00000000 00:00 0 
7fab80e04000-7fab80f00000 rw-p 00000000 00:00 0 
7fab80f00000-7fab80f04000 ---p 00000000 00:00 0 
7fab80f04000-7fab81000000 rw-p 00000000 00:00 0 
7fab81000000-7fab81004000 ---p 00000000 00:00 0 
7fab81004000-7fab81100000 rw-p 00000000 00:00 0 
7fab81100000-7fab81104000 ---p 00000000 00:00 0 
7fab81104000-7fab81200000 rw-p 00000000 00:00 0 
7fab81200000-7fab81204000 ---p 00000000 00:00 0 
7fab81204000-7fab81300000 rw-p 00000000 00:00 0 
7fab81300000-7fab81304000 ---p 00000000 00:00 0 
7fab81304000-7fab81400000 rw-p 00000000 00:00 0 
7fab81400000-7fab81404000 ---p 00000000 00:00 0 
7fab81404000-7fab81500000 rw-p 00000000 00:00 0 
7fab81500000-7fab81504000 ---p 00000000 00:00 0 
7fab81504000-7fab81600000 rw-p 00000000 00:00 0 
7fab81600000-7fab81604000 ---p 00000000 00:00 0 
7fab81604000-7fab81700000 rw-p 00000000 00:00 0 
7fab81700000-7fab81704000 ---p 00000000 00:00 0 
7fab81704000-7fab81800000 rw-p 00000000 00:00 0 
7fab81800000-7fab81804000 ---p 00000000 00:00 0 
7fab81804000-7fab81900000 rw-p 00000000 00:00 0 
7fab81900000-7fab81904000 ---p 00000000 00:00 0 
7fab81904000-7fab81a00000 rw-p 00000000 00:00 0 
7fab81a00000-7fab81a04000 ---p 00000000 00:00 0 
7fab81a04000-7fab81b00000 rw-p 00000000 00:00 0 
7fab81b00000-7fab81b04000 ---p 00000000 00:00 0 
7fab81b04000-7fab81c00000 rw-p 00000000 00:00 0 
7fab81c00000-7fab81c04000 ---p 00000000 00:00 0 
7fab81c04000-7fab81d00000 rw-p 00000000 00:00 0 
7fab81d00000-7fab81d04000 ---p 00000000 00:00 0 
7fab81d04000-7fab81e00000 rw-p 00000000 00:00 0 
7fab81e00000-7fab81e04000 ---p 00000000 00:00 0 
7fab81e04000-7fab81f00000 rw-p 00000000 00:00 0 
7fab81f00000-7fab81f04000 ---p 00000000 00:00 0 
7fab81f04000-7fab82000000 rw-p 00000000 00:00 0 
7fab82000000-7fab82004000 ---p 00000000 00:00 0 
7fab82004000-7fab82100000 rw-p 00000000 00:00 0 
7fab82100000-7fab82104000 ---p 00000000 00:00 0 
7fab82104000-7fab82200000 rw-p 00000000 00:00 0 
7fab82200000-7fab82204000 ---p 00000000 00:00 0 
7fab82204000-7fab82300000 rw-p 00000000 00:00 0 
7fab82300000-7fab82304000 ---p 00000000 00:00 0 
7fab82304000-7fab82400000 rw-p 00000000 00:00 0 
7fab82400000-7fab82404000 ---p 00000000 00:00 0 
7fab82404000-7fab82500000 rw-p 00000000 00:00 0 
7fab82500000-7fab82504000 ---p 00000000 00:00 0 
7fab82504000-7fab82600000 rw-p 00000000 00:00 0 
7fab82600000-7fab82604000 ---p 00000000 00:00 0 
7fab82604000-7fab82700000 rw-p 00000000 00:00 0 
7fab82700000-7fab82704000 ---p 00000000 00:00 0 
7fab82704000-7fab82800000 rw-p 00000000 00:00 0 
7fab82800000-7fab82804000 ---p 00000000 00:00 0 
7fab82804000-7fab82900000 rw-p 00000000 00:00 0 
7fab82900000-7fab82904000 ---p 00000000 00:00 0 
7fab82904000-7fab82a00000 rw-p 00000000 00:00 0 
7fab82a00000-7fab82a04000 ---p 00000000 00:00 0 
7fab82a04000-7fab82b00000 rw-p 00000000 00:00 0 
7fab82b00000-7fab82b04000 ---p 00000000 00:00 0 
7fab82b04000-7fab82c00000 rw-p 00000000 00:00 0 
7fab82c00000-7fab82c04000 ---p 00000000 00:00 0 
7fab82c04000-7fab82d00000 rw-p 00000000 00:00 0 
7fab82d00000-7fab82d04000 ---p 00000000 00:00 0 
7fab82d04000-7fab82e00000 rw-p 00000000 00:00 0 
7fab82e00000-7fab82e04000 ---p 00000000 00:00 0 
7fab82e04000-7fab82f00000 rw-p 00000000 00:00 0 
7fab82f00000-7fab82f04000 ---p 00000000 00:00 0 
7fab82f04000-7fab83000000 rw-p 00000000 00:00 0 
7fab83000000-7fab83004000 ---p 00000000 00:00 0 
7fab83004000-7fab83100000 rw-p 00000000 00:00 0 
7fab83100000-7fab83104000 ---p 00000000 00:00 0 
7fab83104000-7fab83200000 rw-p 00000000 00:00 0 
7fab83200000-7fab83204000 ---p 00000000 00:00 0 
7fab83204000-7fab83300000 rw-p 00000000 00:00 0 
7fab83300000-7fab83304000 ---p 00000000 00:00 0 
7fab83304000-7fab83400000 rw-p 00000000 00:00 0 
7fab83400000-7fab83404000 ---p 00000000 00:00 0 
7fab83404000-7fab83500000 rw-p 00000000 00:00 0 
7fab83500000-7fab83504000 ---p 00000000 00:00 0 
7fab83504000-7fab83600000 rw-p 00000000 00:00 0 
7fab83600000-7fab83604000 ---p 00000000 00:00 0 
7fab83604000-7fab83700000 rw-p 00000000 00:00 0 
7fab83700000-7fab83704000 ---p 00000000 00:00 0 
7fab83704000-7fab83800000 rw-p 00000000 00:00 0 
7fab83800000-7fab83804000 ---p 00000000 00:00 0 
7fab83804000-7fab83900000 rw-p 00000000 00:00 0 
7fab83900000-7fab83904000 ---p 00000000 00:00 0 
7fab83904000-7fab83a00000 rw-p 00000000 00:00 0 
7fab83a00000-7fab83a04000 ---p 00000000 00:00 0 
7fab83a04000-7fab83b00000 rw-p 00000000 00:00 0 
7fab83b00000-7fab83b04000 ---p 00000000 00:00 0 
7fab83b04000-7fab83c00000 rw-p 00000000 00:00 0 
7fab83c00000-7fab83c04000 ---p 00000000 00:00 0 
7fab83c04000-7fab83d00000 rw-p 00000000 00:00 0 
7fab83d00000-7fab83d04000 ---p 00000000 00:00 0 
7fab83d04000-7fab83e00000 rw-p 00000000 00:00 0 
7fab83e00000-7fab83e04000 ---p 00000000 00:00 0 
7fab83e04000-7fab83f00000 rw-p 00000000 00:00 0 
7fab83f00000-7fab83f04000 ---p 00000000 00:00 0 
7fab83f04000-7fab85390000 rw-p 00000000 00:00 0 
7fab85390000-7fab853b0000 rw-p 00000000 00:00 0 
7fab853b0000-7fab856f0000 rw-p 00000000 00:00 0 
7fab856f0000-7fab857e0000 rw-p 00000000 00:00 0 
7fab857e0000-7fab85800000 ---p 00000000 00:00 0 
7fab85800000-7fab85e60000 rw-p 00000000 00:00 0 
7fab85e60000-7fab88000000 ---p 00000000 00:00 0 
7fab88000000-7fab887cc000 rw-p 00000000 00:00 0 
7fab887cc000-7fab8c000000 ---p 00000000 00:00 0 
7fab8c000000-7fab8c029000 rw-p 00000000 00:00 0 
7fab8c029000-7fab90000000 ---p 00000000 00:00 0 
7fab90000000-7fab900a3000 rw-p 00000000 00:00 0 
7fab900a3000-7fab94000000 ---p 00000000 00:00 0 
7fab94000000-7fab94824000 rw-p 00000000 00:00 0 
7fab94824000-7fab98000000 ---p 00000000 00:00 0 
7fab98000000-7fab98f58000 rw-p 00000000 00:00 0 
7fab98f58000-7fab9c000000 ---p 00000000 00:00 0 
7fab9c000000-7fab9d3ed000 rw-p 00000000 00:00 0 
7fab9d3ed000-7faba0000000 ---p 00000000 00:00 0 
7faba0000000-7faba0899000 rw-p 00000000 00:00 0 
7faba0899000-7faba4000000 ---p 00000000 00:00 0 
7faba4000000-7faba48f9000 rw-p 00000000 00:00 0 
7faba48f9000-7faba8000000 ---p 00000000 00:00 0 
7faba8000000-7faba8021000 rw-p 00000000 00:00 0 
7faba8021000-7fabac000000 ---p 00000000 00:00 0 
7fabac000000-7fabac595000 rw-p 00000000 00:00 0 
7fabac595000-7fabb0000000 ---p 00000000 00:00 0 
7fabb0000000-7fabb0344000 rw-p 00000000 00:00 0 
7fabb0344000-7fabb4000000 ---p 00000000 00:00 0 
7fabb4000000-7fabb402d000 rw-p 00000000 00:00 0 
7fabb402d000-7fabb8000000 ---p 00000000 00:00 0 
7fabb8000000-7fabb8021000 rw-p 00000000 00:00 0 
7fabb8021000-7fabbc000000 ---p 00000000 00:00 0 
7fabbc000000-7fabbc0fc000 rw-p 00000000 00:00 0 
7fabbc0fc000-7fabc0000000 ---p 00000000 00:00 0 
7fabc0000000-7fabc0021000 rw-p 00000000 00:00 0 
7fabc0021000-7fabc4000000 ---p 00000000 00:00 0 
7fabc4000000-7fabc4774000 rw-p 00000000 00:00 0 
7fabc4774000-7fabc8000000 ---p 00000000 00:00 0 
7fabc8000000-7fabc807e000 rw-p 00000000 00:00 0 
7fabc807e000-7fabcc000000 ---p 00000000 00:00 0 
7fabcc000000-7fabcd13d000 rw-p 00000000 00:00 0 
7fabcd13d000-7fabd0000000 ---p 00000000 00:00 0 
7fabd0000000-7fabd0087000 rw-p 00000000 00:00 0 
7fabd0087000-7fabd4000000 ---p 00000000 00:00 0 
7fabd4000000-7fabd4021000 rw-p 00000000 00:00 0 
7fabd4021000-7fabd8000000 ---p 00000000 00:00 0 
7fabd8000000-7fabd8062000 rw-p 00000000 00:00 0 
7fabd8062000-7fabdc000000 ---p 00000000 00:00 0 
7fabdc000000-7fabdc075000 rw-p 00000000 00:00 0 
7fabdc075000-7fabe0000000 ---p 00000000 00:00 0 
7fabe0000000-7fabe045c000 rw-p 00000000 00:00 0 
7fabe045c000-7fabe4000000 ---p 00000000 00:00 0 
7fabe4000000-7fabe4049000 rw-p 00000000 00:00 0 
7fabe4049000-7fabe8000000 ---p 00000000 00:00 0 
7fabe8000000-7fabe8053000 rw-p 00000000 00:00 0 
7fabe8053000-7fabec000000 ---p 00000000 00:00 0 
7fabec000000-7fabec099000 rw-p 00000000 00:00 0 
7fabec099000-7fabf0000000 ---p 00000000 00:00 0 
7fabf0000000-7fabf002b000 rw-p 00000000 00:00 0 
7fabf002b000-7fabf4000000 ---p 00000000 00:00 0 
7fabf4000000-7fabf4055000 rw-p 00000000 00:00 0 
7fabf4055000-7fabf8000000 ---p 00000000 00:00 0 
7fabf8000000-7fabf802c000 rw-p 00000000 00:00 0 
7fabf802c000-7fabfc000000 ---p 00000000 00:00 0 
7fabfc000000-7fabfc03a000 rw-p 00000000 00:00 0 
7fabfc03a000-7fac00000000 ---p 00000000 00:00 0 
7fac000fc000-7fac00100000 ---p 00000000 00:00 0 
7fac00100000-7fac001fc000 rw-p 00000000 00:00 0 
7fac001fc000-7fac00200000 ---p 00000000 00:00 0 
7fac00200000-7fac002fc000 rw-p 00000000 00:00 0 
7fac002fc000-7fac00300000 ---p 00000000 00:00 0 
7fac00300000-7fac003fc000 rw-p 00000000 00:00 0 
7fac003fc000-7fac00400000 ---p 00000000 00:00 0 
7fac00400000-7fac004fc000 rw-p 00000000 00:00 0 
7fac004fc000-7fac00500000 ---p 00000000 00:00 0 
7fac00500000-7fac005fc000 rw-p 00000000 00:00 0 
7fac005fc000-7fac00600000 ---p 00000000 00:00 0 
7fac00600000-7fac006fc000 rw-p 00000000 00:00 0 
7fac006fc000-7fac00700000 ---p 00000000 00:00 0 
7fac00700000-7fac007fc000 rw-p 00000000 00:00 0 
7fac007fc000-7fac00800000 ---p 00000000 00:00 0 
7fac00800000-7fac008fc000 rw-p 00000000 00:00 0 
7fac008fc000-7fac00900000 ---p 00000000 00:00 0 
7fac00900000-7fac009fc000 rw-p 00000000 00:00 0 
7fac009fc000-7fac00a00000 ---p 00000000 00:00 0 
7fac00a00000-7fac00afc000 rw-p 00000000 00:00 0 
7fac00afc000-7fac00b00000 ---p 00000000 00:00 0 
7fac00b00000-7fac00bfc000 rw-p 00000000 00:00 0 
7fac00bfc000-7fac00c00000 ---p 00000000 00:00 0 
7fac00c00000-7fac00cfc000 rw-p 00000000 00:00 0 
7fac00cfc000-7fac00d00000 ---p 00000000 00:00 0 
7fac00d00000-7fac00dfc000 rw-p 00000000 00:00 0 
7fac00dfc000-7fac00e00000 ---p 00000000 00:00 0 
7fac00e00000-7fac00efc000 rw-p 00000000 00:00 0 
7fac00efc000-7fac00f00000 ---p 00000000 00:00 0 
7fac00f00000-7fac00ffc000 rw-p 00000000 00:00 0 
7fac00ffc000-7fac01000000 ---p 00000000 00:00 0 
7fac01000000-7fac010fc000 rw-p 00000000 00:00 0 
7fac010fc000-7fac01100000 ---p 00000000 00:00 0 
7fac01100000-7fac011fc000 rw-p 00000000 00:00 0 
7fac011fc000-7fac01200000 ---p 00000000 00:00 0 
7fac01200000-7fac012fc000 rw-p 00000000 00:00 0 
7fac012fc000-7fac01300000 ---p 00000000 00:00 0 
7fac01300000-7fac013fc000 rw-p 00000000 00:00 0 
7fac013fc000-7fac01400000 ---p 00000000 00:00 0 
7fac01400000-7fac014fc000 rw-p 00000000 00:00 0 
7fac014fc000-7fac01500000 ---p 00000000 00:00 0 
7fac01500000-7fac015fc000 rw-p 00000000 00:00 0 
7fac015fc000-7fac01600000 ---p 00000000 00:00 0 
7fac01600000-7fac016fc000 rw-p 00000000 00:00 0 
7fac016fc000-7fac01700000 ---p 00000000 00:00 0 
7fac01700000-7fac017fc000 rw-p 00000000 00:00 0 
7fac017fc000-7fac01800000 ---p 00000000 00:00 0 
7fac01800000-7fac018fc000 rw-p 00000000 00:00 0 
7fac018fc000-7fac01900000 ---p 00000000 00:00 0 
7fac01900000-7fac019fc000 rw-p 00000000 00:00 0 
7fac019fc000-7fac01a00000 ---p 00000000 00:00 0 
7fac01a00000-7fac01afc000 rw-p 00000000 00:00 0 
7fac01afc000-7fac01b00000 ---p 00000000 00:00 0 
7fac01b00000-7fac01bfc000 rw-p 00000000 00:00 0 
7fac01bfc000-7fac01c00000 ---p 00000000 00:00 0 
7fac01c00000-7fac01cfc000 rw-p 00000000 00:00 0 
7fac01cfc000-7fac01d00000 ---p 00000000 00:00 0 
7fac01d00000-7fac01dfc000 rw-p 00000000 00:00 0 
7fac01dfc000-7fac01e00000 ---p 00000000 00:00 0 
7fac01e00000-7fac01efc000 rw-p 00000000 00:00 0 
7fac01efc000-7fac01f00000 ---p 00000000 00:00 0 
7fac01f00000-7fac01ffc000 rw-p 00000000 00:00 0 
7fac01ffc000-7fac02000000 ---p 00000000 00:00 0 
7fac02000000-7fac020fc000 rw-p 00000000 00:00 0 
7fac020fc000-7fac02100000 ---p 00000000 00:00 0 
7fac02100000-7fac021fc000 rw-p 00000000 00:00 0 
7fac021fc000-7fac02200000 ---p 00000000 00:00 0 
7fac02200000-7fac022fc000 rw-p 00000000 00:00 0 
7fac022fc000-7fac02300000 ---p 00000000 00:00 0 
7fac02300000-7fac023fc000 rw-p 00000000 00:00 0 
7fac023fc000-7fac02400000 ---p 00000000 00:00 0 
7fac02400000-7fac024fc000 rw-p 00000000 00:00 0 
7fac024fc000-7fac02500000 ---p 00000000 00:00 0 
7fac02500000-7fac025fc000 rw-p 00000000 00:00 0 
7fac025fc000-7fac02600000 ---p 00000000 00:00 0 
7fac02600000-7fac026fc000 rw-p 00000000 00:00 0 
7fac026fc000-7fac02700000 ---p 00000000 00:00 0 
7fac02700000-7fac027fc000 rw-p 00000000 00:00 0 
7fac027fc000-7fac02800000 ---p 00000000 00:00 0 
7fac02800000-7fac028fc000 rw-p 00000000 00:00 0 
7fac028fc000-7fac02900000 ---p 00000000 00:00 0 
7fac02900000-7fac029fc000 rw-p 00000000 00:00 0 
7fac029fc000-7fac02a00000 ---p 00000000 00:00 0 
7fac02a00000-7fac02afc000 rw-p 00000000 00:00 0 
7fac02afc000-7fac02b00000 ---p 00000000 00:00 0 
7fac02b00000-7fac02bfc000 rw-p 00000000 00:00 0 
7fac02bfc000-7fac02c00000 ---p 00000000 00:00 0 
7fac02c00000-7fac02cfc000 rw-p 00000000 00:00 0 
7fac02cfc000-7fac02d00000 ---p 00000000 00:00 0 
7fac02d00000-7fac02dfc000 rw-p 00000000 00:00 0 
7fac02dfc000-7fac02e00000 ---p 00000000 00:00 0 
7fac02e00000-7fac02efc000 rw-p 00000000 00:00 0 
7fac02efc000-7fac02f00000 ---p 00000000 00:00 0 
7fac02f00000-7fac02ffc000 rw-p 00000000 00:00 0 
7fac02ffc000-7fac03000000 ---p 00000000 00:00 0 
7fac03000000-7fac030fc000 rw-p 00000000 00:00 0 
7fac030fc000-7fac03100000 ---p 00000000 00:00 0 
7fac03100000-7fac031fc000 rw-p 00000000 00:00 0 
7fac031fc000-7fac03200000 ---p 00000000 00:00 0 
7fac03200000-7fac032fc000 rw-p 00000000 00:00 0 
7fac032fc000-7fac032fd000 ---p 00000000 00:00 0 
7fac032fd000-7fac033fd000 rw-p 00000000 00:00 0 
7fac033fd000-7fac03401000 ---p 00000000 00:00 0 
7fac03401000-7fac034fd000 rw-p 00000000 00:00 0 
7fac034fd000-7fac03501000 ---p 00000000 00:00 0 
7fac03501000-7fac035fd000 rw-p 00000000 00:00 0 
7fac035fd000-7fac03601000 ---p 00000000 00:00 0 
7fac03601000-7fac036fd000 rw-p 00000000 00:00 0 
7fac036fd000-7fac03701000 ---p 00000000 00:00 0 
7fac03701000-7fac037fd000 rw-p 00000000 00:00 0 
7fac037fd000-7fac03801000 ---p 00000000 00:00 0 
7fac03801000-7fac038fd000 rw-p 00000000 00:00 0 
7fac038fd000-7fac03901000 ---p 00000000 00:00 0 
7fac03901000-7fac039fd000 rw-p 00000000 00:00 0 
7fac039fd000-7fac03a01000 ---p 00000000 00:00 0 
7fac03a01000-7fac03afd000 rw-p 00000000 00:00 0 
7fac03afd000-7fac03b01000 ---p 00000000 00:00 0 
7fac03b01000-7fac03bfd000 rw-p 00000000 00:00 0 
7fac03bfd000-7fac03c01000 ---p 00000000 00:00 0 
7fac03c01000-7fac03cfd000 rw-p 00000000 00:00 0 
7fac03cfd000-7fac03cfe000 ---p 00000000 00:00 0 
7fac03cfe000-7fac03dfe000 rw-p 00000000 00:00 0 
7fac03dfe000-7fac03dff000 ---p 00000000 00:00 0 
7fac03dff000-7fac03eff000 rw-p 00000000 00:00 0 
7fac03eff000-7fac03f00000 ---p 00000000 00:00 0 
7fac03f00000-7fac04000000 rw-p 00000000 00:00 0 
7fac04000000-7fac0427b000 rw-p 00000000 00:00 0 
7fac0427b000-7fac08000000 ---p 00000000 00:00 0 
7fac08000000-7fac084d9000 rw-p 00000000 00:00 0 
7fac084d9000-7fac0c000000 ---p 00000000 00:00 0 
7fac0c000000-7fac0c2e3000 rw-p 00000000 00:00 0 
7fac0c2e3000-7fac10000000 ---p 00000000 00:00 0 
7fac10000000-7fac12702000 rw-p 00000000 00:00 0 
7fac12702000-7fac14000000 ---p 00000000 00:00 0 
7fac14000000-7fac14021000 rw-p 00000000 00:00 0 
7fac14021000-7fac18000000 ---p 00000000 00:00 0 
7fac18000000-7fac185e8000 rw-p 00000000 00:00 0 
7fac185e8000-7fac1c000000 ---p 00000000 00:00 0 
7fac1c000000-7fac1c055000 rw-p 00000000 00:00 0 
7fac1c055000-7fac20000000 ---p 00000000 00:00 0 
7fac20000000-7fac20021000 rw-p 00000000 00:00 0 
7fac20021000-7fac24000000 ---p 00000000 00:00 0 
7fac24000000-7fac24029000 rw-p 00000000 00:00 0 
7fac24029000-7fac28000000 ---p 00000000 00:00 0 
7fac28000000-7fac2802a000 rw-p 00000000 00:00 0 
7fac2802a000-7fac2c000000 ---p 00000000 00:00 0 
7fac2c000000-7fac2c02a000 rw-p 00000000 00:00 0 
7fac2c02a000-7fac30000000 ---p 00000000 00:00 0 
7fac30000000-7fac30037000 rw-p 00000000 00:00 0 
7fac30037000-7fac34000000 ---p 00000000 00:00 0 
7fac34000000-7fac34c06000 rw-p 00000000 00:00 0 
7fac34c06000-7fac38000000 ---p 00000000 00:00 0 
7fac38000000-7fac38027000 rw-p 00000000 00:00 0 
7fac38027000-7fac3c000000 ---p 00000000 00:00 0 
7fac3c000000-7fac3c266000 rw-p 00000000 00:00 0 
7fac3c266000-7fac40000000 ---p 00000000 00:00 0 
7fac40000000-7fac4080d000 rw-p 00000000 00:00 0 
7fac4080d000-7fac44000000 ---p 00000000 00:00 0 
7fac44000000-7fac44025000 rw-p 00000000 00:00 0 
7fac44025000-7fac48000000 ---p 00000000 00:00 0 
7fac48000000-7fac48021000 rw-p 00000000 00:00 0 
7fac48021000-7fac4c000000 ---p 00000000 00:00 0 
7fac4c000000-7fac4c6b0000 rw-p 00000000 00:00 0 
7fac4c6b0000-7fac50000000 ---p 00000000 00:00 0 
7fac50000000-7fac50031000 rw-p 00000000 00:00 0 
7fac50031000-7fac54000000 ---p 00000000 00:00 0 
7fac54000000-7fac54021000 rw-p 00000000 00:00 0 
7fac54021000-7fac58000000 ---p 00000000 00:00 0 
7fac58000000-7fac59e39000 rw-p 00000000 00:00 0 
7fac59e39000-7fac5c000000 ---p 00000000 00:00 0 
7fac5c000000-7fac5c023000 rw-p 00000000 00:00 0 
7fac5c023000-7fac60000000 ---p 00000000 00:00 0 
7fac60000000-7fac60027000 rw-p 00000000 00:00 0 
7fac60027000-7fac64000000 ---p 00000000 00:00 0 
7fac64000000-7fac64029000 rw-p 00000000 00:00 0 
7fac64029000-7fac68000000 ---p 00000000 00:00 0 
7fac68000000-7fac68030000 rw-p 00000000 00:00 0 
7fac68030000-7fac6c000000 ---p 00000000 00:00 0 
7fac6c000000-7fac6c04c000 rw-p 00000000 00:00 0 
7fac6c04c000-7fac70000000 ---p 00000000 00:00 0 
7fac70000000-7fac70023000 rw-p 00000000 00:00 0 
7fac70023000-7fac74000000 ---p 00000000 00:00 0 
7fac74000000-7fac744f0000 rw-p 00000000 00:00 0 
7fac744f0000-7fac74530000 rw-p 00000000 00:00 0 
7fac74530000-7fac74570000 rw-p 00000000 00:00 0 
7fac74570000-7fac74670000 rw-p 00000000 00:00 0 
7fac74670000-7fac746f0000 rw-p 00000000 00:00 0 
7fac746f0000-7fac748f0000 rw-p 00000000 00:00 0 
7fac748f0000-7fac749f0000 rw-p 00000000 00:00 0 
7fac749f0000-7fac74af0000 rw-p 00000000 00:00 0 
7fac74af0000-7fac74cf0000 rw-p 00000000 00:00 0 
7fac74cf0000-7fac74ef0000 rw-p 00000000 00:00 0 
7fac74ef0000-7fac74f70000 rw-p 00000000 00:00 0 
7fac74f70000-7fac74ff0000 rw-p 00000000 00:00 0 
7fac74ff0000-7fac751b0000 rw-p 00000000 00:00 0 
7fac751b0000-7fac751f0000 rw-p 00000000 00:00 0 
7fac751f0000-7fac753b0000 rw-p 00000000 00:00 0 
7fac753b0000-7fac753f0000 rw-p 00000000 00:00 0 
7fac753f0000-7fac756f0000 rw-p 00000000 00:00 0 
7fac756f0000-7fac757f0000 rw-p 00000000 00:00 0 
7fac757f0000-7fac75fb0000 rw-p 00000000 00:00 0 
7fac75fb0000-7fac760f0000 rw-p 00000000 00:00 0 
7fac760f0000-7fac762f0000 rw-p 00000000 00:00 0 
7fac762f0000-7fac76ef0000 rw-p 00000000 00:00 0 
7fac76ef0000-7fac76ff0000 rw-p 00000000 00:00 0 
7fac76ff0000-7fac778f0000 rw-p 00000000 00:00 0 
7fac778f0000-7fac77cf0000 rw-p 00000000 00:00 0 
7fac77cf0000-7fac77ef0000 rw-p 00000000 00:00 0 
7fac77ef0000-7fac78000000 rw-p 00000000 00:00 0 
7fac78000000-7fac7802d000 rw-p 00000000 00:00 0 
7fac7802d000-7fac7c000000 ---p 00000000 00:00 0 
7fac7c0fd000-7fac7c0fe000 ---p 00000000 00:00 0 
7fac7c0fe000-7fac7c1fe000 rw-p 00000000 00:00 0 
7fac7c1fe000-7fac7c202000 ---p 00000000 00:00 0 
7fac7c202000-7fac7c2fe000 rw-p 00000000 00:00 0 
7fac7c2fe000-7fac7c302000 ---p 00000000 00:00 0 
7fac7c302000-7fac7c3fe000 rw-p 00000000 00:00 0 
7fac7c3fe000-7fac7c402000 ---p 00000000 00:00 0 
7fac7c402000-7fac7c4fe000 rw-p 00000000 00:00 0 
7fac7c4fe000-7fac7c502000 ---p 00000000 00:00 0 
7fac7c502000-7fac7c5fe000 rw-p 00000000 00:00 0 
7fac7c5fe000-7fac7c602000 ---p 00000000 00:00 0 
7fac7c602000-7fac7c6fe000 rw-p 00000000 00:00 0 
7fac7c6fe000-7fac7c702000 ---p 00000000 00:00 0 
7fac7c702000-7fac7c7fe000 rw-p 00000000 00:00 0 
7fac7c7fe000-7fac7c802000 ---p 00000000 00:00 0 
7fac7c802000-7fac7c8fe000 rw-p 00000000 00:00 0 
7fac7c8fe000-7fac7c902000 ---p 00000000 00:00 0 
7fac7c902000-7fac7c9fe000 rw-p 00000000 00:00 0 
7fac7c9fe000-7fac7ca02000 ---p 00000000 00:00 0 
7fac7ca02000-7fac7cafe000 rw-p 00000000 00:00 0 
7fac7cafe000-7fac7cb02000 ---p 00000000 00:00 0 
7fac7cb02000-7fac7cbfe000 rw-p 00000000 00:00 0 
7fac7cbfe000-7fac7cbff000 ---p 00000000 00:00 0 
7fac7cbff000-7fac7ccff000 rw-p 00000000 00:00 0 
7fac7ccff000-7fac7cd00000 ---p 00000000 00:00 0 
7fac7cd00000-7fac7ce00000 rw-p 00000000 00:00 0 
7fac7ce00000-7fac7ce99000 r--p 00000000 00:2e 5053                       /usr/lib/x86_64-linux-gnu/libstdc++.so.6.0.30
7fac7ce99000-7fac7cf9a000 r-xp 00099000 00:2e 5053                       /usr/lib/x86_64-linux-gnu/libstdc++.so.6.0.30
7fac7cf9a000-7fac7d009000 r--p 0019a000 00:2e 5053                       /usr/lib/x86_64-linux-gnu/libstdc++.so.6.0.30
7fac7d009000-7fac7d014000 r--p 00209000 00:2e 5053                       /usr/lib/x86_64-linux-gnu/libstdc++.so.6.0.30
7fac7d014000-7fac7d017000 rw-p 00214000 00:2e 5053                       /usr/lib/x86_64-linux-gnu/libstdc++.so.6.0.30
7fac7d017000-7fac7d01a000 rw-p 00000000 00:00 0 
7fac7d0ff000-7fac7d100000 ---p 00000000 00:00 0 
7fac7d100000-7fac7d200000 rw-p 00000000 00:00 0 
7fac7d200000-7fac7d253000 r-xp 00000000 00:2e 79784                      /home/leerixon54/.gradle/native/38dada09dfb8b06ba9b0570ebf7e218e3eb74d4ef43ca46872605cf95ebc2f47/linux-amd64/libnative-platform-file-events.so
7fac7d253000-7fac7d452000 ---p 00053000 00:2e 79784                      /home/leerixon54/.gradle/native/38dada09dfb8b06ba9b0570ebf7e218e3eb74d4ef43ca46872605cf95ebc2f47/linux-amd64/libnative-platform-file-events.so
7fac7d452000-7fac7d453000 r--p 00052000 00:2e 79784                      /home/leerixon54/.gradle/native/38dada09dfb8b06ba9b0570ebf7e218e3eb74d4ef43ca46872605cf95ebc2f47/linux-amd64/libnative-platform-file-events.so
7fac7d453000-7fac7d455000 rw-p 00053000 00:2e 79784                      /home/leerixon54/.gradle/native/38dada09dfb8b06ba9b0570ebf7e218e3eb74d4ef43ca46872605cf95ebc2f47/linux-amd64/libnative-platform-file-events.so
7fac7d4ff000-7fac7d500000 ---p 00000000 00:00 0 
7fac7d500000-7fac7d600000 rw-p 00000000 00:00 0 
7fac7d600000-7fac7d605000 r-xp 00000000 00:2e 79768                      /home/leerixon54/.gradle/native/c067742578af261105cb4f569cf0c3c89f3d7b1fecec35dd04571415982c5e48/linux-amd64/libnative-platform.so
7fac7d605000-7fac7d805000 ---p 00005000 00:2e 79768                      /home/leerixon54/.gradle/native/c067742578af261105cb4f569cf0c3c89f3d7b1fecec35dd04571415982c5e48/linux-amd64/libnative-platform.so
7fac7d805000-7fac7d806000 r--p 00005000 00:2e 79768                      /home/leerixon54/.gradle/native/c067742578af261105cb4f569cf0c3c89f3d7b1fecec35dd04571415982c5e48/linux-amd64/libnative-platform.so
7fac7d806000-7fac7d807000 rw-p 00006000 00:2e 79768                      /home/leerixon54/.gradle/native/c067742578af261105cb4f569cf0c3c89f3d7b1fecec35dd04571415982c5e48/linux-amd64/libnative-platform.so
7fac7d8bd000-7fac7d8c1000 ---p 00000000 00:00 0 
7fac7d8c1000-7fac7d8df000 rw-p 00000000 00:00 0 
7fac7d8df000-7fac7d8e2000 r--p 00000000 00:2e 4782                       /usr/lib/x86_64-linux-gnu/libgcc_s.so.1
7fac7d8e2000-7fac7d8f9000 r-xp 00003000 00:2e 4782                       /usr/lib/x86_64-linux-gnu/libgcc_s.so.1
7fac7d8f9000-7fac7d8fd000 r--p 0001a000 00:2e 4782                       /usr/lib/x86_64-linux-gnu/libgcc_s.so.1
7fac7d8fd000-7fac7d8fe000 r--p 0001d000 00:2e 4782                       /usr/lib/x86_64-linux-gnu/libgcc_s.so.1
7fac7d8fe000-7fac7d8ff000 rw-p 0001e000 00:2e 4782                       /usr/lib/x86_64-linux-gnu/libgcc_s.so.1
7fac7d8ff000-7fac7d903000 ---p 00000000 00:00 0 
7fac7d903000-7fac7d9ff000 rw-p 00000000 00:00 0 
7fac7d9ff000-7fac7da03000 ---p 00000000 00:00 0 
7fac7da03000-7fac7daff000 rw-p 00000000 00:00 0 
7fac7daff000-7fac7db00000 ---p 00000000 00:00 0 
7fac7db00000-7fac7dc00000 rw-p 00000000 00:00 0 
7fac7dc00000-7fac7dc04000 ---p 00000000 00:00 0 
7fac7dc04000-7fac7dd00000 rw-p 00000000 00:00 0 
7fac7dd00000-7fac7dd04000 ---p 00000000 00:00 0 
7fac7dd04000-7fac7de00000 rw-p 00000000 00:00 0 
7fac7de00000-7fac7de04000 ---p 00000000 00:00 0 
7fac7de04000-7fac7df00000 rw-p 00000000 00:00 0 
7fac7df00000-7fac7df04000 ---p 00000000 00:00 0 
7fac7df04000-7fac80000000 rw-p 00000000 00:00 0 
7fac80000000-7fac80021000 rw-p 00000000 00:00 0 
7fac80021000-7fac84000000 ---p 00000000 00:00 0 
7fac84000000-7fac84028000 rw-p 00000000 00:00 0 
7fac84028000-7fac88000000 ---p 00000000 00:00 0 
7fac88000000-7fac88025000 rw-p 00000000 00:00 0 
7fac88025000-7fac8c000000 ---p 00000000 00:00 0 
7fac8c000000-7fac8c004000 ---p 00000000 00:00 0 
7fac8c004000-7fac8c100000 rw-p 00000000 00:00 0 
7fac8c100000-7fac8c104000 ---p 00000000 00:00 0 
7fac8c104000-7fac8c200000 rw-p 00000000 00:00 0 
7fac8c200000-7fac8c204000 ---p 00000000 00:00 0 
7fac8c204000-7fac8c300000 rw-p 00000000 00:00 0 
7fac8c300000-7fac8c304000 ---p 00000000 00:00 0 
7fac8c304000-7fac8c400000 rw-p 00000000 00:00 0 
7fac8c400000-7fac8c6e9000 r--p 00000000 00:2e 47582                      /usr/lib/locale/locale-archive
7fac8c6f8000-7fac8c6ff000 r--s 00000000 00:2e 45969                      /usr/lib/x86_64-linux-gnu/gconv/gconv-modules.cache
7fac8c6ff000-7fac8c703000 ---p 00000000 00:00 0 
7fac8c703000-7fac8c7ff000 rw-p 00000000 00:00 0 
7fac8c7ff000-7fac8c803000 ---p 00000000 00:00 0 
7fac8c803000-7fac8c8ff000 rw-p 00000000 00:00 0 
7fac8c8ff000-7fac8c900000 ---p 00000000 00:00 0 
7fac8c900000-7fac8ca00000 rw-p 00000000 00:00 0 
7fac8cb1a000-7fac8cbf6000 rw-p 00000000 00:00 0 
7fac8cbf6000-7fac8cbf7000 ---p 00000000 00:00 0 
7fac8cbf7000-7fac8ccf7000 rw-p 00000000 00:00 0 
7fac8ccf7000-7fac8ccf8000 ---p 00000000 00:00 0 
7fac8ccf8000-7fac8da18000 rw-p 00000000 00:00 0 
7fac8da18000-7fac8f600000 ---p 00000000 00:00 0 
7fac8f600000-7fac8f7a4000 rw-p 00000000 00:00 0 
7fac8f7a4000-7fac8f964000 rw-p 00000000 00:00 0 
7fac8f964000-7fac8fa18000 rw-p 00000000 00:00 0 
7fac8fa18000-7fac91600000 ---p 00000000 00:00 0 
7fac91600000-7fac91683000 rw-p 00000000 00:00 0 
7fac91683000-7fac91a00000 ---p 00000000 00:00 0 
7fac91a00000-7fac92f70000 rwxp 00000000 00:00 0 
7fac92f70000-7fac98f37000 ---p 00000000 00:00 0 
7fac98f37000-7fac991a7000 rwxp 00000000 00:00 0 
7fac991a7000-7fac994c9000 ---p 00000000 00:00 0 
7fac994c9000-7fac99d09000 rwxp 00000000 00:00 0 
7fac99d09000-7faca0a00000 ---p 00000000 00:00 0 
7faca0a00000-7faca3eeb000 r--s 00000000 00:2e 41940                      /opt/android-studio/jbr/lib/modules
7faca3eee000-7faca3ef4000 r--p 00000000 00:2e 41938                      /opt/android-studio/jbr/lib/libverify.so
7faca3ef4000-7faca3efc000 r-xp 00005000 00:2e 41938                      /opt/android-studio/jbr/lib/libverify.so
7faca3efc000-7faca3efe000 r--p 0000c000 00:2e 41938                      /opt/android-studio/jbr/lib/libverify.so
7faca3efe000-7faca3eff000 rw-p 0000d000 00:2e 41938                      /opt/android-studio/jbr/lib/libverify.so
7faca3eff000-7faca3f00000 ---p 00000000 00:00 0 
7faca3f00000-7faca4000000 rw-p 00000000 00:00 0 
7faca4000000-7faca568d000 rw-p 00000000 00:00 0 
7faca568d000-7faca8000000 ---p 00000000 00:00 0 
7faca8001000-7faca8002000 r--p 00000000 00:2e 41911                      /opt/android-studio/jbr/lib/libextnet.so
7faca8002000-7faca8004000 r-xp 00000000 00:2e 41911                      /opt/android-studio/jbr/lib/libextnet.so
7faca8004000-7faca8005000 r--p 00001000 00:2e 41911                      /opt/android-studio/jbr/lib/libextnet.so
7faca8005000-7faca8006000 rw-p 00001000 00:2e 41911                      /opt/android-studio/jbr/lib/libextnet.so
7faca8006000-7faca8009000 r--p 00000000 00:2e 41929                      /opt/android-studio/jbr/lib/libmanagement_ext.so
7faca8009000-7faca800c000 r-xp 00002000 00:2e 41929                      /opt/android-studio/jbr/lib/libmanagement_ext.so
7faca800c000-7faca800d000 r--p 00004000 00:2e 41929                      /opt/android-studio/jbr/lib/libmanagement_ext.so
7faca800d000-7faca800e000 rw-p 00004000 00:2e 41929                      /opt/android-studio/jbr/lib/libmanagement_ext.so
7faca800e000-7faca8015000 r--p 00000000 00:2e 41931                      /opt/android-studio/jbr/lib/libnet.so
7faca8015000-7faca8022000 r-xp 00006000 00:2e 41931                      /opt/android-studio/jbr/lib/libnet.so
7faca8022000-7faca8023000 r--p 00012000 00:2e 41931                      /opt/android-studio/jbr/lib/libnet.so
7faca8023000-7faca8024000 rw-p 00012000 00:2e 41931                      /opt/android-studio/jbr/lib/libnet.so
7faca8024000-7faca8025000 rw-p 00000000 00:00 0 
7faca8025000-7faca8030000 r--p 00000000 00:2e 41932                      /opt/android-studio/jbr/lib/libnio.so
7faca8030000-7faca8038000 r-xp 0000a000 00:2e 41932                      /opt/android-studio/jbr/lib/libnio.so
7faca8038000-7faca8039000 r--p 00011000 00:2e 41932                      /opt/android-studio/jbr/lib/libnio.so
7faca8039000-7faca803a000 rw-p 00011000 00:2e 41932                      /opt/android-studio/jbr/lib/libnio.so
7faca803a000-7faca8043000 r--p 00000000 00:2e 41939                      /opt/android-studio/jbr/lib/libzip.so
7faca8043000-7faca8058000 r-xp 00008000 00:2e 41939                      /opt/android-studio/jbr/lib/libzip.so
7faca8058000-7faca8059000 r--p 0001c000 00:2e 41939                      /opt/android-studio/jbr/lib/libzip.so
7faca8059000-7faca805a000 rw-p 0001c000 00:2e 41939                      /opt/android-studio/jbr/lib/libzip.so
7faca805a000-7faca809b000 rw-p 00000000 00:00 0 
7faca809b000-7faca809c000 ---p 00000000 00:00 0 
7faca809c000-7faca819c000 rw-p 00000000 00:00 0 
7faca819c000-7faca819d000 ---p 00000000 00:00 0 
7faca819d000-7faca83a5000 rw-p 00000000 00:00 0 
7faca83a5000-7faca8722000 ---p 00000000 00:00 0 
7faca8722000-7faca87a5000 rw-p 00000000 00:00 0 
7faca87a5000-7faca8b22000 ---p 00000000 00:00 0 
7faca8b22000-7faca933b000 rw-p 00000000 00:00 0 
7faca933b000-7faca9415000 ---p 00000000 00:00 0 
7faca9415000-7faca9440000 rw-p 00000000 00:00 0 
7faca9440000-7faca9500000 ---p 00000000 00:00 0 
7faca9500000-7faca9504000 ---p 00000000 00:00 0 
7faca9504000-7faca9600000 rw-p 00000000 00:00 0 
7faca9600000-7faca9b29000 r--p 00000000 00:2e 41950                      /opt/android-studio/jbr/lib/server/libjvm.so
7faca9b29000-7facaa6ea000 r-xp 00528000 00:2e 41950                      /opt/android-studio/jbr/lib/server/libjvm.so
7facaa6ea000-7facaa7ac000 r--p 010e8000 00:2e 41950                      /opt/android-studio/jbr/lib/server/libjvm.so
7facaa7ac000-7facaa7d6000 rw-p 011a9000 00:2e 41950                      /opt/android-studio/jbr/lib/server/libjvm.so
7facaa7d6000-7facaa84a000 rw-p 00000000 00:00 0 
7facaa84e000-7facaa851000 r--p 00000000 00:2e 41927                      /opt/android-studio/jbr/lib/libmanagement.so
7facaa851000-7facaa853000 r-xp 00002000 00:2e 41927                      /opt/android-studio/jbr/lib/libmanagement.so
7facaa853000-7facaa854000 r--p 00003000 00:2e 41927                      /opt/android-studio/jbr/lib/libmanagement.so
7facaa854000-7facaa855000 rw-p 00003000 00:2e 41927                      /opt/android-studio/jbr/lib/libmanagement.so
7facaa855000-7facaa85a000 rw-p 00000000 00:00 0 
7facaa85a000-7facaa861000 ---p 00000000 00:00 0 
7facaa861000-7facaa869000 rw-s 00000000 00:2e 289101                     /tmp/hsperfdata_leerixon54/988
7facaa869000-7facaa87b000 r--p 00000000 00:2e 41918                      /opt/android-studio/jbr/lib/libjava.so
7facaa87b000-7facaa88d000 r-xp 00011000 00:2e 41918                      /opt/android-studio/jbr/lib/libjava.so
7facaa88d000-7facaa88e000 r--p 00022000 00:2e 41918                      /opt/android-studio/jbr/lib/libjava.so
7facaa88e000-7facaa890000 rw-p 00022000 00:2e 41918                      /opt/android-studio/jbr/lib/libjava.so
7facaa890000-7facaa894000 r--p 00000000 00:2e 41913                      /opt/android-studio/jbr/lib/libinstrument.so
7facaa894000-7facaa89b000 r-xp 00003000 00:2e 41913                      /opt/android-studio/jbr/lib/libinstrument.so
7facaa89b000-7facaa89c000 r--p 00009000 00:2e 41913                      /opt/android-studio/jbr/lib/libinstrument.so
7facaa89c000-7facaa89d000 rw-p 00009000 00:2e 41913                      /opt/android-studio/jbr/lib/libinstrument.so
7facaa89d000-7facaa8a8000 r--p 00000000 00:2e 41922                      /opt/android-studio/jbr/lib/libjimage.so
7facaa8a8000-7facaa8bc000 r-xp 0000a000 00:2e 41922                      /opt/android-studio/jbr/lib/libjimage.so
7facaa8bc000-7facaa8be000 r--p 0001d000 00:2e 41922                      /opt/android-studio/jbr/lib/libjimage.so
7facaa8be000-7facaa8bf000 rw-p 0001e000 00:2e 41922                      /opt/android-studio/jbr/lib/libjimage.so
7facaa8bf000-7facaa8c0000 rw-p 00000000 00:00 0 
7facaa8c0000-7facaa8c1000 r--p 00000000 00:2e 45718                      /usr/lib/x86_64-linux-gnu/librt.so.1
7facaa8c1000-7facaa8c2000 r-xp 00001000 00:2e 45718                      /usr/lib/x86_64-linux-gnu/librt.so.1
7facaa8c2000-7facaa8c3000 r--p 00002000 00:2e 45718                      /usr/lib/x86_64-linux-gnu/librt.so.1
7facaa8c3000-7facaa8c4000 r--p 00002000 00:2e 45718                      /usr/lib/x86_64-linux-gnu/librt.so.1
7facaa8c4000-7facaa8c5000 rw-p 00003000 00:2e 45718                      /usr/lib/x86_64-linux-gnu/librt.so.1
7facaa8c5000-7facaa8d5000 r--p 00000000 00:2e 45707                      /usr/lib/x86_64-linux-gnu/libm.so.6
7facaa8d5000-7facaa948000 r-xp 00010000 00:2e 45707                      /usr/lib/x86_64-linux-gnu/libm.so.6
7facaa948000-7facaa9a2000 r--p 00083000 00:2e 45707                      /usr/lib/x86_64-linux-gnu/libm.so.6
7facaa9a2000-7facaa9a3000 r--p 000dc000 00:2e 45707                      /usr/lib/x86_64-linux-gnu/libm.so.6
7facaa9a3000-7facaa9a4000 rw-p 000dd000 00:2e 45707                      /usr/lib/x86_64-linux-gnu/libm.so.6
7facaa9a4000-7facaa9a6000 rw-p 00000000 00:00 0 
7facaa9a6000-7facaa9cc000 r--p 00000000 00:2e 45704                      /usr/lib/x86_64-linux-gnu/libc.so.6
7facaa9cc000-7facaab21000 r-xp 00026000 00:2e 45704                      /usr/lib/x86_64-linux-gnu/libc.so.6
7facaab21000-7facaab74000 r--p 0017b000 00:2e 45704                      /usr/lib/x86_64-linux-gnu/libc.so.6
7facaab74000-7facaab78000 r--p 001ce000 00:2e 45704                      /usr/lib/x86_64-linux-gnu/libc.so.6
7facaab78000-7facaab7a000 rw-p 001d2000 00:2e 45704                      /usr/lib/x86_64-linux-gnu/libc.so.6
7facaab7a000-7facaab87000 rw-p 00000000 00:00 0 
7facaab87000-7facaab88000 r--p 00000000 00:2e 45706                      /usr/lib/x86_64-linux-gnu/libdl.so.2
7facaab88000-7facaab89000 r-xp 00001000 00:2e 45706                      /usr/lib/x86_64-linux-gnu/libdl.so.2
7facaab89000-7facaab8a000 r--p 00002000 00:2e 45706                      /usr/lib/x86_64-linux-gnu/libdl.so.2
7facaab8a000-7facaab8b000 r--p 00002000 00:2e 45706                      /usr/lib/x86_64-linux-gnu/libdl.so.2
7facaab8b000-7facaab8c000 rw-p 00003000 00:2e 45706                      /usr/lib/x86_64-linux-gnu/libdl.so.2
7facaab8c000-7facaab8d000 r--p 00000000 00:2e 45716                      /usr/lib/x86_64-linux-gnu/libpthread.so.0
7facaab8d000-7facaab8e000 r-xp 00001000 00:2e 45716                      /usr/lib/x86_64-linux-gnu/libpthread.so.0
7facaab8e000-7facaab8f000 r--p 00002000 00:2e 45716                      /usr/lib/x86_64-linux-gnu/libpthread.so.0
7facaab8f000-7facaab90000 r--p 00002000 00:2e 45716                      /usr/lib/x86_64-linux-gnu/libpthread.so.0
7facaab90000-7facaab91000 rw-p 00003000 00:2e 45716                      /usr/lib/x86_64-linux-gnu/libpthread.so.0
7facaab95000-7facaab96000 ---p 00000000 00:00 0 
7facaab96000-7facaab97000 r--p 00000000 00:00 0 
7facaab97000-7facaab98000 ---p 00000000 00:00 0 
7facaab98000-7facaaba1000 r--p 00000000 00:2e 41923                      /opt/android-studio/jbr/lib/libjli.so
7facaaba1000-7facaabaf000 r-xp 00008000 00:2e 41923                      /opt/android-studio/jbr/lib/libjli.so
7facaabaf000-7facaabb0000 r--p 00015000 00:2e 41923                      /opt/android-studio/jbr/lib/libjli.so
7facaabb0000-7facaabb2000 rw-p 00015000 00:2e 41923                      /opt/android-studio/jbr/lib/libjli.so
7facaabb2000-7facaabb4000 rw-p 00000000 00:00 0 
7facaabb4000-7facaabb5000 r--p 00000000 00:2e 45701                      /usr/lib/x86_64-linux-gnu/ld-linux-x86-64.so.2
7facaabb5000-7facaabda000 r-xp 00001000 00:2e 45701                      /usr/lib/x86_64-linux-gnu/ld-linux-x86-64.so.2
7facaabda000-7facaabe4000 r--p 00026000 00:2e 45701                      /usr/lib/x86_64-linux-gnu/ld-linux-x86-64.so.2
7facaabe4000-7facaabe6000 r--p 00030000 00:2e 45701                      /usr/lib/x86_64-linux-gnu/ld-linux-x86-64.so.2
7facaabe6000-7facaabe8000 rw-p 00032000 00:2e 45701                      /usr/lib/x86_64-linux-gnu/ld-linux-x86-64.so.2
7ffd728c2000-7ffd728e3000 rw-p 00000000 00:00 0                          [stack]
7ffd728f6000-7ffd728fa000 r--p 00000000 00:00 0                          [vvar]
7ffd728fa000-7ffd728fc000 r-xp 00000000 00:00 0                          [vdso]
ffffffffff600000-ffffffffff601000 --xp 00000000 00:00 0                  [vsyscall]


VM Arguments:
jvm_args: --add-opens=java.base/java.util=ALL-UNNAMED --add-opens=java.base/java.lang=ALL-UNNAMED --add-opens=java.base/java.lang.invoke=ALL-UNNAMED --add-opens=java.prefs/java.util.prefs=ALL-UNNAMED --add-opens=java.base/java.nio.charset=ALL-UNNAMED --add-opens=java.base/java.net=ALL-UNNAMED --add-opens=java.base/java.util.concurrent.atomic=ALL-UNNAMED -Xmx2048m -Dfile.encoding=UTF-8 -Duser.country=US -Duser.language=en -Duser.variant -javaagent:/home/leerixon54/.gradle/wrapper/dists/gradle-8.6-bin/afr5mpiioh2wthjmwnkmdsd5w/gradle-8.6/lib/agents/gradle-instrumentation-agent-8.6.jar 
java_command: org.gradle.launcher.daemon.bootstrap.GradleDaemon 8.6
java_class_path (initial): /home/leerixon54/.gradle/wrapper/dists/gradle-8.6-bin/afr5mpiioh2wthjmwnkmdsd5w/gradle-8.6/lib/gradle-launcher-8.6.jar
Launcher Type: SUN_STANDARD

[Global flags]
     intx CICompilerCount                          = 4                                         {product} {ergonomic}
     uint ConcGCThreads                            = 2                                         {product} {ergonomic}
     uint G1ConcRefinementThreads                  = 8                                         {product} {ergonomic}
   size_t G1HeapRegionSize                         = 1048576                                   {product} {ergonomic}
    uintx GCDrainStackTargetSize                   = 64                                        {product} {ergonomic}
   size_t InitialHeapSize                          = 239075328                                 {product} {ergonomic}
   size_t MarkStackSize                            = 4194304                                   {product} {ergonomic}
   size_t MaxHeapSize                              = 2147483648                                {product} {command line}
   size_t MaxNewSize                               = 1287651328                                {product} {ergonomic}
   size_t MinHeapDeltaBytes                        = 1048576                                   {product} {ergonomic}
   size_t MinHeapSize                              = 8388608                                   {product} {ergonomic}
    uintx NonNMethodCodeHeapSize                   = 5839372                                {pd product} {ergonomic}
    uintx NonProfiledCodeHeapSize                  = 122909434                              {pd product} {ergonomic}
    uintx ProfiledCodeHeapSize                     = 122909434                              {pd product} {ergonomic}
    uintx ReservedCodeCacheSize                    = 251658240                              {pd product} {ergonomic}
     bool SegmentedCodeCache                       = true                                      {product} {ergonomic}
   size_t SoftMaxHeapSize                          = 2147483648                             {manageable} {ergonomic}
     bool UseCompressedClassPointers               = true                           {product lp64_product} {ergonomic}
     bool UseCompressedOops                        = true                           {product lp64_product} {ergonomic}
     bool UseG1GC                                  = true                                      {product} {ergonomic}

Logging:
Log output configuration:
 #0: stdout all=warning uptime,level,tags
 #1: stderr all=off uptime,level,tags

Environment Variables:
PATH=/usr/local/sbin:/usr/local/bin:/usr/local/games:/usr/sbin:/usr/bin:/usr/games:/sbin:/bin
XDG_CONFIG_HOME=/home/leerixon54/.config
SHELL=/bin/bash
DISPLAY=:0
LANG=en_US.UTF-8

Active Locale:
LC_ALL=en_US.UTF-8
LC_COLLATE=en_US.UTF-8
LC_CTYPE=en_US.UTF-8
LC_MESSAGES=en_US.UTF-8
LC_MONETARY=en_US.UTF-8
LC_NUMERIC=en_US.UTF-8
LC_TIME=en_US.UTF-8

Signal Handlers:
   SIGSEGV: crash_handler in libjvm.so, mask=11100100010111111101111111111110, flags=SA_RESTART|SA_SIGINFO, unblocked
    SIGBUS: crash_handler in libjvm.so, mask=11100100010111111101111111111110, flags=SA_RESTART|SA_SIGINFO, unblocked
    SIGFPE: crash_handler in libjvm.so, mask=11100100010111111101111111111110, flags=SA_RESTART|SA_SIGINFO, unblocked
   SIGPIPE: javaSignalHandler in libjvm.so, mask=11100100010111111101111111111110, flags=SA_RESTART|SA_SIGINFO, blocked
   SIGXFSZ: javaSignalHandler in libjvm.so, mask=11100100010111111101111111111110, flags=SA_RESTART|SA_SIGINFO, blocked
    SIGILL: crash_handler in libjvm.so, mask=11100100010111111101111111111110, flags=SA_RESTART|SA_SIGINFO, unblocked
   SIGUSR2: SR_handler in libjvm.so, mask=00100000000000000000000000000000, flags=SA_RESTART|SA_SIGINFO, blocked
    SIGHUP: UserHandler in libjvm.so, mask=11100100010111111101111111111110, flags=SA_RESTART|SA_SIGINFO, blocked
    SIGINT: UserHandler in libjvm.so, mask=11100100010111111101111111111110, flags=SA_RESTART|SA_SIGINFO, blocked
   SIGTERM: UserHandler in libjvm.so, mask=11100100010111111101111111111110, flags=SA_RESTART|SA_SIGINFO, blocked
   SIGQUIT: UserHandler in libjvm.so, mask=11100100010111111101111111111110, flags=SA_RESTART|SA_SIGINFO, blocked
   SIGTRAP: crash_handler in libjvm.so, mask=11100100010111111101111111111110, flags=SA_RESTART|SA_SIGINFO, unblocked


Periodic native trim disabled

JNI global refs:
JNI global refs: 26, weak refs: 0

JNI global refs memory usage: 867, weak refs: 865

OOME stack traces (most recent first):
Classloader memory used:
Loader org.gradle.internal.classloader.VisitableURLClassLoader                         : 4948K
Loader org.gradle.internal.classloader.VisitableURLClassLoader$InstrumentingVisitableURLClassLoader: 4253K
Loader bootstrap                                                                       : 3135K
Loader org.gradle.initialization.MixInLegacyTypesClassLoader                           : 1394K
Loader jdk.internal.reflect.DelegatingClassLoader                                      : 101178B
Loader jdk.internal.loader.ClassLoaders$PlatformClassLoader                            : 53253B
Loader jdk.internal.loader.ClassLoaders$AppClassLoader                                 : 28553B
Loader org.gradle.internal.classloader.VisitableURLClassLoader                         : 14062B
Loader sun.reflect.misc.MethodUtil                                                     : 375B

Classes loaded by more than one classloader:
Class Program                                                                         : loaded 5 times (x 71B)
Class org.gradle.internal.installation.GradleInstallation                             : loaded 2 times (x 74B)
Class [Lcom.google.common.collect.MapMakerInternalMap$Segment;                        : loaded 2 times (x 68B)
Class com.google.common.collect.Iterators$MergingIterator                             : loaded 2 times (x 80B)
Class com.google.common.io.Closer$SuppressingSuppressor                               : loaded 2 times (x 74B)
Class org.objectweb.asm.ModuleVisitor                                                 : loaded 2 times (x 80B)
Class com.google.common.io.ByteSource                                                 : loaded 2 times (x 83B)
Class [Lcom.google.common.collect.AbstractMapEntry;                                   : loaded 2 times (x 68B)
Class com.google.common.collect.ImmutableRangeSet$AsSet                               : loaded 2 times (x 234B)
Class com.google.common.collect.SingletonImmutableList                                : loaded 2 times (x 168B)
Class com.google.common.cache.CacheLoader$SupplierToCacheLoader                       : loaded 2 times (x 74B)
Class org.gradle.internal.classpath.ClassPath                                         : loaded 2 times (x 69B)
Class com.google.common.io.FileWriteMode                                              : loaded 2 times (x 78B)
Class com.google.common.cache.RemovalListener                                         : loaded 2 times (x 69B)
Class org.gradle.api.internal.classpath.DefaultModuleRegistry                         : loaded 2 times (x 85B)
Class com.google.common.collect.FluentIterable$1                                      : loaded 2 times (x 80B)
Class com.google.common.collect.FluentIterable$2                                      : loaded 2 times (x 80B)
Class com.google.common.collect.FluentIterable$3                                      : loaded 2 times (x 80B)
Class Settings_gradle$1$1                                                             : loaded 2 times (x 73B)
Class com.google.common.collect.ImmutableEnumSet                                      : loaded 2 times (x 145B)
Class [Lcom.google.common.collect.MapMaker$Dummy;                                     : loaded 2 times (x 68B)
Class com.google.common.collect.ListMultimap                                          : loaded 2 times (x 69B)
Class com.google.common.base.CharMatcher$JavaDigit                                    : loaded 2 times (x 110B)
Class com.google.common.base.CharMatcher$Digit                                        : loaded 2 times (x 111B)
Class com.google.common.collect.AbstractMultimap                                      : loaded 2 times (x 122B)
Class com.google.common.cache.CacheBuilder$OneWeigher                                 : loaded 2 times (x 81B)
Class org.gradle.api.Action                                                           : loaded 2 times (x 69B)
Class com.google.common.io.ByteArrayDataOutput                                        : loaded 2 times (x 69B)
Class com.google.common.collect.ImmutableEntry                                        : loaded 2 times (x 81B)
Class com.google.common.collect.Lists$StringAsImmutableList                           : loaded 2 times (x 168B)
Class com.google.common.cache.LocalCache$StrongEntry                                  : loaded 2 times (x 107B)
Class com.google.common.collect.MapMakerInternalMap$InternalEntryHelper               : loaded 2 times (x 69B)
Class org.objectweb.asm.FieldWriter                                                   : loaded 2 times (x 77B)
Class com.google.common.base.CharMatcher                                              : loaded 2 times (x 110B)
Class com.google.common.base.CharMatcher$IsNot                                        : loaded 2 times (x 110B)
Class com.google.common.collect.RegularImmutableSortedSet                             : loaded 2 times (x 234B)
Class com.google.common.collect.Maps$IteratorBasedAbstractMap                         : loaded 2 times (x 124B)
Class com.google.common.base.Splitter                                                 : loaded 2 times (x 71B)
Class [Lcom.google.common.cache.Weigher;                                              : loaded 2 times (x 68B)
Class com.google.common.collect.Iterators$ArrayItr                                    : loaded 2 times (x 96B)
Class com.google.common.collect.MapMakerInternalMap$Strength                          : loaded 2 times (x 79B)
Class com.google.common.cache.LocalCache$Segment                                      : loaded 2 times (x 153B)
Class org.gradle.api.internal.DefaultClassPathProvider                                : loaded 2 times (x 75B)
Class org.gradle.internal.installation.GradleInstallation$1                           : loaded 2 times (x 74B)
Class com.google.common.cache.LocalCache$AbstractReferenceEntry                       : loaded 2 times (x 106B)
Class org.objectweb.asm.Type                                                          : loaded 2 times (x 71B)
Class com.google.common.util.concurrent.AbstractFuture$Failure                        : loaded 2 times (x 71B)
Class com.google.common.base.CharMatcher$BitSetMatcher                                : loaded 2 times (x 111B)
Class com.google.common.collect.ImmutableMap$IteratorBasedImmutableMap                : loaded 2 times (x 124B)
Class com.google.common.io.Files$FileByteSource                                       : loaded 2 times (x 84B)
Class com.google.common.collect.ImmutableMap                                          : loaded 2 times (x 119B)
Class com.google.common.base.Converter                                                : loaded 2 times (x 89B)
Class com.google.common.collect.ImmutableSortedSetFauxverideShim                      : loaded 2 times (x 146B)
Class com.google.common.collect.ImmutableSet$EmptySetBuilderImpl                      : loaded 2 times (x 75B)
Class com.google.common.base.Equivalence                                              : loaded 2 times (x 81B)
Class com.google.common.primitives.Ints                                               : loaded 2 times (x 70B)
Class com.google.common.cache.LocalCache$EntryFactory$1                               : loaded 2 times (x 82B)
Class com.google.common.cache.LocalCache$EntryFactory$2                               : loaded 2 times (x 82B)
Class com.google.common.cache.LocalCache$EntryFactory$3                               : loaded 2 times (x 82B)
Class com.google.common.cache.LocalCache$EntryFactory$4                               : loaded 2 times (x 82B)
Class com.google.common.cache.LocalCache$EntryFactory$5                               : loaded 2 times (x 82B)
Class com.google.common.cache.LocalCache$EntryFactory$6                               : loaded 2 times (x 82B)
Class com.google.common.cache.LocalCache$EntryFactory$7                               : loaded 2 times (x 82B)
Class com.google.common.cache.LocalCache$EntryFactory$8                               : loaded 2 times (x 82B)
Class com.google.common.base.Predicate                                                : loaded 2 times (x 69B)
Class com.google.common.cache.LocalCache$StrongValueReference                         : loaded 2 times (x 89B)
Class org.gradle.internal.classloader.FilteringClassLoader                            : loaded 2 times (x 104B)
Class com.google.common.collect.AbstractMapBasedMultimap$WrappedCollection            : loaded 2 times (x 123B)
Class com.google.common.collect.RegularImmutableSet                                   : loaded 2 times (x 147B)
Class [Lcom.google.common.cache.LocalCache$Strength;                                  : loaded 2 times (x 68B)
Class org.gradle.internal.classpath.DefaultClassPath$ImmutableUniqueList$Builder      : loaded 2 times (x 74B)
Class com.google.common.collect.AbstractRangeSet                                      : loaded 2 times (x 113B)
Class com.google.common.collect.Maps$8                                                : loaded 2 times (x 81B)
Class [Lcom.google.common.cache.CacheBuilder$NullListener;                            : loaded 2 times (x 68B)
Class com.google.common.base.PatternCompiler                                          : loaded 2 times (x 69B)
Class com.google.common.base.CharMatcher$InRange                                      : loaded 2 times (x 110B)
Class com.google.common.collect.Maps$KeySet                                           : loaded 2 times (x 136B)
Class com.google.common.collect.Sets$SetView                                          : loaded 2 times (x 137B)
Class com.google.common.collect.BiMap                                                 : loaded 2 times (x 69B)
Class com.google.common.collect.Lists                                                 : loaded 2 times (x 70B)
Class org.objectweb.asm.AnnotationWriter                                              : loaded 2 times (x 78B)
Class com.google.common.math.IntMath$1                                                : loaded 2 times (x 70B)
Class org.gradle.internal.classloader.ClassLoaderVisitor                              : loaded 2 times (x 75B)
Class org.objectweb.asm.Label                                                         : loaded 2 times (x 72B)
Class com.google.common.cache.CacheBuilder$NullListener                               : loaded 2 times (x 81B)
Class com.google.common.math.MathPreconditions                                        : loaded 2 times (x 70B)
Class com.google.common.io.ByteStreams$1                                              : loaded 2 times (x 84B)
Class org.gradle.internal.service.DefaultServiceLocator                               : loaded 2 times (x 82B)
Class org.gradle.internal.service.UnknownServiceException                             : loaded 2 times (x 82B)
Class com.google.common.util.concurrent.AbstractFuture$SynchronizedHelper             : loaded 2 times (x 77B)
Class com.google.common.collect.ArrayListMultimap                                     : loaded 2 times (x 171B)
Class com.google.common.base.Strings                                                  : loaded 2 times (x 70B)
Class com.google.common.io.Closer                                                     : loaded 2 times (x 77B)
Class com.google.common.cache.CacheLoader$InvalidCacheLoadException                   : loaded 2 times (x 81B)
Class org.gradle.internal.classloader.DefaultClassLoaderFactory                       : loaded 2 times (x 81B)
Class com.google.common.collect.UnmodifiableIterator                                  : loaded 2 times (x 79B)
Class com.google.common.base.Stopwatch                                                : loaded 2 times (x 71B)
Class com.google.common.base.Platform$JdkPatternCompiler                              : loaded 2 times (x 74B)
Class com.google.common.collect.Interners$InternerImpl                                : loaded 2 times (x 74B)
Class com.google.common.cache.LocalCache$LoadingValueReference                        : loaded 2 times (x 95B)
Class com.google.common.base.CharMatcher$SingleWidth                                  : loaded 2 times (x 111B)
Class com.google.common.collect.Hashing                                               : loaded 2 times (x 70B)
Class com.google.common.io.ByteStreams$LimitedInputStream                             : loaded 2 times (x 91B)
Class com.google.common.collect.ImmutableRangeSet$ComplementRanges                    : loaded 2 times (x 168B)
Class com.google.common.collect.MapMakerInternalMap$AbstractStrongKeyEntry            : loaded 2 times (x 79B)
Class com.google.common.base.JdkPattern                                               : loaded 2 times (x 74B)
Class com.google.common.base.Optional                                                 : loaded 2 times (x 79B)
Class com.google.common.collect.Multimap                                              : loaded 2 times (x 69B)
Class com.google.common.base.FunctionalEquivalence                                    : loaded 2 times (x 82B)
Class org.objectweb.asm.AnnotationVisitor                                             : loaded 2 times (x 77B)
Class org.objectweb.asm.RecordComponentWriter                                         : loaded 2 times (x 77B)
Class com.google.common.cache.LocalCache$1                                            : loaded 2 times (x 88B)
Class com.google.common.cache.LocalCache$2                                            : loaded 2 times (x 141B)
Class com.google.common.collect.RegularImmutableBiMap                                 : loaded 2 times (x 147B)
Class org.gradle.internal.classloader.VisitableURLClassLoader$Spec                    : loaded 2 times (x 73B)
Class org.gradle.api.GradleException                                                  : loaded 2 times (x 81B)
Class com.google.common.base.CharMatcher$JavaLetterOrDigit                            : loaded 2 times (x 110B)
Class org.gradle.api.internal.classpath.ModuleRegistry                                : loaded 2 times (x 69B)
Class com.google.common.collect.ForwardingObject                                      : loaded 2 times (x 71B)
Class com.google.common.cache.CacheBuilder                                            : loaded 2 times (x 71B)
Class org.objectweb.asm.ByteVector                                                    : loaded 2 times (x 78B)
Class com.google.common.collect.ImmutableCollection                                   : loaded 2 times (x 124B)
Class com.google.common.collect.ImmutableRangeSet                                     : loaded 2 times (x 114B)
Class com.google.common.base.PairwiseEquivalence                                      : loaded 2 times (x 82B)
Class com.google.common.base.Ticker                                                   : loaded 2 times (x 71B)
Class org.gradle.api.internal.ClassPathProvider                                       : loaded 2 times (x 69B)
Class com.google.common.base.Ascii                                                    : loaded 2 times (x 70B)
Class com.google.common.collect.RegularImmutableMap$Values                            : loaded 2 times (x 168B)
Class org.objectweb.asm.ModuleWriter                                                  : loaded 2 times (x 81B)
Class org.gradle.internal.classloader.ClasspathUtil$1                                 : loaded 2 times (x 75B)
Class com.google.common.collect.ImmutableEnumMap                                      : loaded 2 times (x 124B)
Class com.google.common.collect.ForwardingMap                                         : loaded 2 times (x 131B)
Class com.google.common.collect.ImmutableList$ReverseImmutableList                    : loaded 2 times (x 169B)
Class com.google.common.cache.AbstractCache$StatsCounter                              : loaded 2 times (x 69B)
Class org.objectweb.asm.FieldVisitor                                                  : loaded 2 times (x 76B)
Class org.objectweb.asm.Symbol                                                        : loaded 2 times (x 72B)
Class com.google.common.cache.LocalCache$Strength$1                                   : loaded 2 times (x 80B)
Class com.google.common.cache.LocalCache$Strength$2                                   : loaded 2 times (x 80B)
Class com.google.common.cache.LocalCache$Strength$3                                   : loaded 2 times (x 80B)
Class org.gradle.internal.classloader.ClassLoaderFactory                              : loaded 2 times (x 69B)
Class com.google.common.collect.ObjectArrays                                          : loaded 2 times (x 70B)
Class com.google.common.base.Absent                                                   : loaded 2 times (x 79B)
Class com.google.common.util.concurrent.AbstractFuture$Waiter                         : loaded 2 times (x 71B)
Class com.google.common.util.concurrent.Uninterruptibles                              : loaded 2 times (x 70B)
Class com.google.common.collect.Iterators$10                                          : loaded 2 times (x 80B)
Class com.google.common.collect.Iterators$EmptyModifiableIterator                     : loaded 2 times (x 85B)
Class com.google.common.collect.ImmutableList                                         : loaded 2 times (x 167B)
Class org.gradle.api.internal.classpath.ManifestUtil                                  : loaded 2 times (x 70B)
Class org.gradle.api.specs.Spec                                                       : loaded 2 times (x 69B)
Class com.google.common.collect.RangeSet                                              : loaded 2 times (x 69B)
Class com.google.common.cache.CacheLoader$UnsupportedLoadingOperationException        : loaded 2 times (x 81B)
Class com.google.common.base.CharMatcher$Whitespace                                   : loaded 2 times (x 111B)
Class com.google.common.util.concurrent.ListenableFuture                              : loaded 2 times (x 69B)
Class com.google.common.collect.MapMaker$Dummy                                        : loaded 2 times (x 78B)
Class com.google.common.collect.Iterators$1                                           : loaded 2 times (x 80B)
Class com.google.common.collect.Iterators$4                                           : loaded 2 times (x 81B)
Class com.google.common.collect.RegularImmutableMap$BucketOverflowException           : loaded 2 times (x 81B)
Class com.google.common.collect.Iterators$5                                           : loaded 2 times (x 81B)
Class com.google.common.util.concurrent.AbstractFuture$UnsafeAtomicHelper             : loaded 2 times (x 77B)
Class com.google.common.base.Joiner                                                   : loaded 2 times (x 78B)
Class com.google.common.base.Equivalence$Equals                                       : loaded 2 times (x 81B)
Class com.google.common.base.Preconditions                                            : loaded 2 times (x 70B)
Class com.google.common.base.Function                                                 : loaded 2 times (x 69B)
Class com.google.common.collect.Iterators$9                                           : loaded 2 times (x 80B)
Class org.gradle.internal.IoActions                                                   : loaded 2 times (x 70B)
Class com.google.common.collect.MapMakerInternalMap$StrongKeyDummyValueEntry$Helper   : loaded 2 times (x 78B)
Class com.google.common.cache.ReferenceEntry                                          : loaded 2 times (x 69B)
Class com.google.common.collect.RegularImmutableMap$KeySet                            : loaded 2 times (x 149B)
Class com.google.common.collect.CollectPreconditions                                  : loaded 2 times (x 70B)
Class com.google.common.primitives.IntsMethodsForWeb                                  : loaded 2 times (x 70B)
Class com.google.common.collect.RangeGwtSerializationDependencies                     : loaded 2 times (x 70B)
Class com.google.common.collect.Maps                                                  : loaded 2 times (x 70B)
Class com.google.common.collect.RegularImmutableMap                                   : loaded 2 times (x 120B)
Class com.google.common.collect.AbstractIndexedListIterator                           : loaded 2 times (x 95B)
Class com.google.common.base.CharMatcher$None                                         : loaded 2 times (x 111B)
Class org.gradle.api.internal.classpath.EffectiveClassPath                            : loaded 2 times (x 89B)
Class com.google.common.collect.UnmodifiableListIterator                              : loaded 2 times (x 94B)
Class com.google.common.io.Files                                                      : loaded 2 times (x 70B)
Class com.google.common.cache.CacheLoader$FunctionToCacheLoader                       : loaded 2 times (x 74B)
Class com.google.common.cache.CacheBuilder$1                                          : loaded 2 times (x 84B)
Class com.google.common.cache.CacheBuilder$2                                          : loaded 2 times (x 71B)
Class com.google.common.collect.ImmutableList$1                                       : loaded 2 times (x 96B)
Class com.google.common.base.Splitter$Strategy                                        : loaded 2 times (x 69B)
Class com.google.common.collect.ImmutableMapEntrySet$RegularEntrySet                  : loaded 2 times (x 150B)
Class [Lcom.google.common.cache.RemovalListener;                                      : loaded 2 times (x 68B)
Class [Lcom.google.common.collect.ImmutableMapEntry;                                  : loaded 2 times (x 68B)
Class com.google.common.collect.Interners                                             : loaded 2 times (x 70B)
Class com.google.common.collect.MapMakerInternalMap$Strength$1                        : loaded 2 times (x 79B)
Class org.gradle.internal.installation.CurrentGradleInstallation                      : loaded 2 times (x 72B)
Class com.google.common.collect.MapMakerInternalMap$Strength$2                        : loaded 2 times (x 79B)
Class org.gradle.internal.agents.InstrumentingClassLoader                             : loaded 2 times (x 69B)
Class org.gradle.internal.installation.CurrentGradleInstallationLocator               : loaded 2 times (x 70B)
Class [Lcom.google.common.cache.LocalCache$Segment;                                   : loaded 2 times (x 68B)
Class org.gradle.api.internal.classpath.Module                                        : loaded 2 times (x 69B)
Class com.google.common.collect.ImmutableSortedSet                                    : loaded 2 times (x 234B)
Class com.google.common.base.Splitter$1$1                                             : loaded 2 times (x 85B)
Class com.google.common.collect.MapMakerInternalMap$Segment                           : loaded 2 times (x 141B)
Class com.google.common.collect.ImmutableSet$JdkBackedSetBuilderImpl                  : loaded 2 times (x 75B)
Class com.google.common.collect.ImmutableSet$RegularSetBuilderImpl                    : loaded 2 times (x 76B)
Class [Lorg.objectweb.asm.AnnotationWriter;                                           : loaded 2 times (x 68B)
Class org.gradle.internal.service.CachingServiceLocator                               : loaded 2 times (x 81B)
Class [Lcom.google.common.collect.ImmutableEntry;                                     : loaded 2 times (x 68B)
Class com.google.common.collect.Sets$ImprovedAbstractSet                              : loaded 2 times (x 134B)
Class org.gradle.internal.classpath.DefaultClassPath                                  : loaded 2 times (x 89B)
Class com.google.common.collect.MapMakerInternalMap$1                                 : loaded 2 times (x 82B)
Class com.google.common.util.concurrent.AbstractFuture$SetFuture                      : loaded 2 times (x 74B)
Class com.google.common.collect.CollectCollectors                                     : loaded 2 times (x 70B)
Class com.google.common.collect.TransformedIterator                                   : loaded 2 times (x 79B)
Class com.google.common.base.Splitter$SplittingIterator                               : loaded 2 times (x 83B)
Class com.google.common.cache.LocalCache$LocalManualCache$1                           : loaded 2 times (x 74B)
Class Build_gradle$1                                                                  : loaded 2 times (x 73B)
Class [Lcom.google.common.collect.AbstractIterator$State;                             : loaded 2 times (x 68B)
Class org.objectweb.asm.SymbolTable$Entry                                             : loaded 2 times (x 73B)
Class [Lcom.google.common.cache.LocalCache$EntryFactory;                              : loaded 2 times (x 68B)
Class com.google.common.base.CharMatcher$Is                                           : loaded 2 times (x 110B)
Class com.google.common.base.Platform                                                 : loaded 2 times (x 70B)
Class com.google.common.collect.RegularImmutableAsList                                : loaded 2 times (x 177B)
Class com.google.common.base.Suppliers$NonSerializableMemoizingSupplier               : loaded 2 times (x 78B)
Class com.google.common.collect.PeekingIterator                                       : loaded 2 times (x 69B)
Class com.google.common.collect.ImmutableMapEntrySet                                  : loaded 2 times (x 150B)
Class com.google.common.cache.CacheLoader                                             : loaded 2 times (x 73B)
Class com.google.common.collect.ImmutableBiMapFauxverideShim                          : loaded 2 times (x 119B)
Class org.objectweb.asm.MethodTooLargeException                                       : loaded 2 times (x 82B)
Class com.google.common.cache.Cache                                                   : loaded 2 times (x 69B)
Class com.google.common.collect.Maps$EntrySet                                         : loaded 2 times (x 135B)
Class org.gradle.internal.classloader.SystemClassLoaderSpec                           : loaded 2 times (x 70B)
Class com.google.common.util.concurrent.internal.InternalFutureFailureAccess          : loaded 2 times (x 71B)
Class com.google.common.base.Charsets                                                 : loaded 2 times (x 70B)
Class com.google.common.primitives.Ints$IntConverter                                  : loaded 2 times (x 89B)
Class com.google.common.collect.SingletonImmutableSet                                 : loaded 2 times (x 145B)
Class com.google.common.collect.Interners$InternerBuilder                             : loaded 2 times (x 75B)
Class [Lcom.google.common.base.AbstractIterator$State;                                : loaded 2 times (x 68B)
Class com.google.common.collect.ImmutableMap$Builder                                  : loaded 2 times (x 81B)
Class com.google.common.base.AbstractIterator                                         : loaded 2 times (x 79B)
Class org.objectweb.asm.ClassWriter                                                   : loaded 2 times (x 105B)
Class com.google.common.collect.Range                                                 : loaded 2 times (x 86B)
Class com.google.common.base.AbstractIterator$1                                       : loaded 2 times (x 70B)
Class [Lcom.google.common.cache.CacheBuilder$OneWeigher;                              : loaded 2 times (x 68B)
Class com.google.common.collect.Iterators                                             : loaded 2 times (x 70B)
Class com.google.common.base.CharMatcher$Ascii                                        : loaded 2 times (x 111B)
Class com.google.common.base.CharMatcher$1                                            : loaded 2 times (x 112B)
Class com.google.common.cache.LocalCache$ComputingValueReference                      : loaded 2 times (x 95B)
Class com.google.common.collect.ImmutableList$SerializedForm                          : loaded 2 times (x 72B)
Class org.gradle.api.UncheckedIOException                                             : loaded 2 times (x 81B)
Class com.google.common.base.CharMatcher$And                                          : loaded 2 times (x 111B)
Class com.google.common.io.Files$FileByteSink                                         : loaded 2 times (x 76B)
Class [Lcom.google.common.io.FileWriteMode;                                           : loaded 2 times (x 68B)
Class com.google.common.collect.IndexedImmutableSet                                   : loaded 2 times (x 149B)
Class com.google.common.base.ExtraObjectsMethodsForWeb                                : loaded 2 times (x 70B)
Class com.google.common.collect.IndexedImmutableSet$1                                 : loaded 2 times (x 173B)
Class com.google.common.collect.AbstractListMultimap                                  : loaded 2 times (x 171B)
Class com.google.common.base.CharMatcher$Any                                          : loaded 2 times (x 111B)
Class com.google.common.cache.LocalCache$Strength                                     : loaded 2 times (x 80B)
Class com.google.common.collect.AbstractMapBasedMultimap$KeySet                       : loaded 2 times (x 136B)
Class com.google.common.collect.SortedIterable                                        : loaded 2 times (x 69B)
Class com.google.common.collect.ArrayListMultimapGwtSerializationDependencies         : loaded 2 times (x 171B)
Class com.google.common.base.CharMatcher$RangesMatcher                                : loaded 2 times (x 111B)
Class com.google.common.collect.AbstractMapBasedMultimap$RandomAccessWrappedList      : loaded 2 times (x 166B)
Class org.objectweb.asm.Handler                                                       : loaded 2 times (x 71B)
Class com.google.common.collect.ImmutableList$SubList                                 : loaded 2 times (x 169B)
Class com.google.common.cache.LocalCache$ValueReference                               : loaded 2 times (x 69B)
Class org.gradle.internal.classloader.ClasspathUtil                                   : loaded 2 times (x 70B)
Class org.objectweb.asm.CurrentFrame                                                  : loaded 2 times (x 72B)
Class com.google.common.util.concurrent.AbstractFuture                                : loaded 2 times (x 94B)
Class com.google.common.base.Splitter$1                                               : loaded 2 times (x 76B)
Class com.google.common.base.Ticker$1                                                 : loaded 2 times (x 71B)
Class com.google.common.collect.Maps$BiMapConverter                                   : loaded 2 times (x 89B)
Class org.gradle.api.internal.DefaultClassPathRegistry                                : loaded 2 times (x 75B)
Class com.google.common.collect.AbstractIterator$State                                : loaded 2 times (x 78B)
Class [Lorg.objectweb.asm.Symbol;                                                     : loaded 2 times (x 68B)
Class com.google.common.util.concurrent.AbstractFuture$Cancellation                   : loaded 2 times (x 71B)
Class com.google.common.collect.Interner                                              : loaded 2 times (x 69B)
Class com.google.common.collect.ImmutableSet$SetBuilderImpl                           : loaded 2 times (x 75B)
Class org.gradle.api.internal.classpath.DefaultModuleRegistry$DefaultModule           : loaded 2 times (x 85B)
Class com.google.common.base.CharMatcher$JavaIsoControl                               : loaded 2 times (x 111B)
Class com.google.common.collect.ImmutableMap$1                                        : loaded 2 times (x 80B)
Class com.google.common.base.CharMatcher$Or                                           : loaded 2 times (x 111B)
Class com.google.common.base.Suppliers$SupplierOfInstance                             : loaded 2 times (x 78B)
Class org.objectweb.asm.RecordComponentVisitor                                        : loaded 2 times (x 76B)
Class com.google.common.collect.Iterables                                             : loaded 2 times (x 70B)
Class com.google.common.base.CharMatcher$JavaLowerCase                                : loaded 2 times (x 110B)
Class org.objectweb.asm.ClassTooLargeException                                        : loaded 2 times (x 82B)
Class org.gradle.api.internal.classpath.UnknownModuleException                        : loaded 2 times (x 81B)
Class com.google.common.collect.FluentIterable                                        : loaded 2 times (x 80B)
Class com.google.common.util.concurrent.AbstractFuture$Listener                       : loaded 2 times (x 71B)
Class com.google.common.collect.MapMakerInternalMap$StrongKeyDummyValueEntry$LinkedStrongKeyDummyValueEntry: loaded 2 times (x 81B)
Class com.google.common.collect.Iterables$4                                           : loaded 2 times (x 80B)
Class org.objectweb.asm.Edge                                                          : loaded 2 times (x 71B)
Class com.google.common.collect.Maps$EntryTransformer                                 : loaded 2 times (x 69B)
Class com.google.common.collect.ImmutableCollection$Builder                           : loaded 2 times (x 75B)
Class com.google.common.io.ByteArrayDataInput                                         : loaded 2 times (x 69B)
Class [Lorg.objectweb.asm.SymbolTable$Entry;                                          : loaded 2 times (x 68B)
Class com.google.common.collect.SingletonImmutableBiMap                               : loaded 2 times (x 142B)
Class com.google.common.base.CommonPattern                                            : loaded 2 times (x 73B)
Class com.google.common.base.Suppliers$MemoizingSupplier                              : loaded 2 times (x 78B)
Class com.google.common.base.Suppliers                                                : loaded 2 times (x 70B)
Class [Lcom.google.common.collect.Iterators$EmptyModifiableIterator;                  : loaded 2 times (x 68B)
Class org.objectweb.asm.ClassVisitor                                                  : loaded 2 times (x 87B)
Class com.google.common.collect.MapMakerInternalMap$StrongKeyDummyValueEntry          : loaded 2 times (x 81B)
Class com.google.common.cache.LoadingCache                                            : loaded 2 times (x 69B)
Class org.gradle.internal.service.ServiceLookupException                              : loaded 2 times (x 81B)
Class com.google.common.collect.MapMakerInternalMap$StrongKeyDummyValueSegment        : loaded 2 times (x 141B)
Class org.gradle.cache.GlobalCache                                                    : loaded 2 times (x 69B)
Class com.google.common.base.Present                                                  : loaded 2 times (x 80B)
Class com.google.common.base.CharMatcher$NegatedFastMatcher                           : loaded 2 times (x 112B)
Class [Lorg.gradle.api.internal.ClassPathProvider;                                    : loaded 2 times (x 68B)
Class com.google.common.util.concurrent.AbstractFuture$SafeAtomicHelper               : loaded 2 times (x 78B)
Class org.gradle.util.internal.GUtil                                                  : loaded 2 times (x 70B)
Class com.google.common.math.IntMath                                                  : loaded 2 times (x 70B)
Class com.google.common.collect.AbstractIterator                                      : loaded 2 times (x 81B)
Class org.gradle.internal.classloader.ClassLoaderSpec                                 : loaded 2 times (x 70B)
Class com.google.common.io.LineProcessor                                              : loaded 2 times (x 69B)
Class com.google.common.base.NullnessCasts                                            : loaded 2 times (x 70B)
Class com.google.common.io.CharSink                                                   : loaded 2 times (x 78B)
Class org.objectweb.asm.Frame                                                         : loaded 2 times (x 72B)
Class com.google.common.cache.LocalCache$LocalManualCache                             : loaded 2 times (x 98B)
Class com.google.common.collect.AbstractMapEntry                                      : loaded 2 times (x 80B)
Class com.google.common.collect.ImmutableList$Builder                                 : loaded 2 times (x 76B)
Class com.google.common.base.CharMatcher$Negated                                      : loaded 2 times (x 112B)
Class com.google.common.cache.CacheLoader$1                                           : loaded 2 times (x 74B)
Class [Lcom.google.common.collect.MapMakerInternalMap$Strength;                       : loaded 2 times (x 68B)
Class com.google.common.util.concurrent.AbstractFuture$TrustedFuture                  : loaded 2 times (x 96B)
Class com.google.common.collect.MapMakerInternalMap$InternalEntry                     : loaded 2 times (x 69B)
Class com.google.common.collect.Maps$ViewCachingAbstractMap                           : loaded 2 times (x 124B)
Class com.google.common.collect.Sets                                                  : loaded 2 times (x 70B)
Class com.google.common.collect.ImmutableSet$Builder                                  : loaded 2 times (x 84B)
Class com.google.common.collect.MapMakerInternalMap                                   : loaded 2 times (x 160B)
Class com.google.common.base.CharMatcher$ForPredicate                                 : loaded 2 times (x 111B)
Class com.google.common.collect.ImmutableMap$MapViewOfValuesAsSingletonSets           : loaded 2 times (x 124B)
Class com.google.common.collect.ImmutableMapKeySet                                    : loaded 2 times (x 149B)
Class com.google.common.base.MoreObjects                                              : loaded 2 times (x 70B)
Class com.google.common.collect.SortedMapDifference                                   : loaded 2 times (x 69B)
Class org.objectweb.asm.SymbolTable                                                   : loaded 2 times (x 71B)
Class [Lorg.objectweb.asm.AnnotationVisitor;                                          : loaded 2 times (x 68B)
Class com.google.common.cache.CacheStats                                              : loaded 2 times (x 70B)
Class org.objectweb.asm.Attribute                                                     : loaded 2 times (x 76B)
Class org.gradle.internal.classloader.VisitableURLClassLoader                         : loaded 2 times (x 116B)
Class com.google.common.cache.LocalCache$LocalLoadingCache                            : loaded 2 times (x 133B)
Class com.google.common.base.Supplier                                                 : loaded 2 times (x 69B)
Class com.google.common.base.Objects                                                  : loaded 2 times (x 70B)
Class com.google.common.util.concurrent.AbstractFuture$AtomicHelper                   : loaded 2 times (x 77B)
Class com.google.common.collect.ImmutableBiMap                                        : loaded 2 times (x 142B)
Class org.gradle.internal.Cast                                                        : loaded 2 times (x 70B)
Class com.google.common.collect.NullnessCasts                                         : loaded 2 times (x 70B)
Class Build_gradle                                                                    : loaded 2 times (x 129B)
Class org.gradle.api.internal.ClassPathRegistry                                       : loaded 2 times (x 69B)
Class com.google.common.cache.LocalCache$EntryFactory                                 : loaded 2 times (x 82B)
Class com.google.common.util.concurrent.UncheckedExecutionException                   : loaded 2 times (x 81B)
Class com.google.common.collect.ImmutableSet                                          : loaded 2 times (x 144B)
Class org.gradle.internal.classloader.VisitableURLClassLoader$InstrumentingVisitableURLClassLoader: loaded 2 times (x 122B)
Class org.gradle.internal.classloader.ClassLoaderHierarchy                            : loaded 2 times (x 69B)
Class com.google.common.io.Closer$Suppressor                                          : loaded 2 times (x 69B)
Class com.google.common.collect.AbstractMapBasedMultimap$WrappedList                  : loaded 2 times (x 166B)
Class [Lorg.objectweb.asm.Type;                                                       : loaded 2 times (x 68B)
Class com.google.common.collect.MapMakerInternalMap$WeakValueReference                : loaded 2 times (x 69B)
Class com.google.common.base.AbstractIterator$State                                   : loaded 2 times (x 78B)
Class com.google.common.cache.Weigher                                                 : loaded 2 times (x 69B)
Class com.google.common.collect.MapMakerInternalMap$StrongValueEntry                  : loaded 2 times (x 69B)
Class com.google.common.base.CharMatcher$NamedFastMatcher                             : loaded 2 times (x 111B)
Class org.gradle.internal.InternalTransformer                                         : loaded 2 times (x 69B)
Class org.gradle.internal.service.ServiceLocator                                      : loaded 2 times (x 69B)
Class Settings_gradle$1                                                               : loaded 2 times (x 73B)
Class com.google.common.collect.ImmutableRangeSet$1                                   : loaded 2 times (x 170B)
Class com.google.common.util.concurrent.SettableFuture                                : loaded 2 times (x 96B)
Class com.google.common.io.Files$2                                                    : loaded 2 times (x 75B)
Class com.google.common.collect.ImmutableMapEntry                                     : loaded 2 times (x 84B)
Class com.google.common.io.ByteStreams                                                : loaded 2 times (x 70B)
Class com.google.common.base.CharMatcher$Invisible                                    : loaded 2 times (x 111B)
Class com.google.common.base.Joiner$1                                                 : loaded 2 times (x 79B)
Class com.google.common.collect.MapMaker                                              : loaded 2 times (x 71B)
Class com.google.common.base.Joiner$2                                                 : loaded 2 times (x 78B)
Class com.google.common.base.CharMatcher$FastMatcher                                  : loaded 2 times (x 110B)
Class org.gradle.internal.classpath.DefaultClassPath$ImmutableUniqueList              : loaded 2 times (x 160B)
Class com.google.common.base.CharMatcher$JavaLetter                                   : loaded 2 times (x 110B)
Class org.gradle.internal.classpath.TransformedClassPath                              : loaded 2 times (x 95B)
Class com.google.common.collect.MapDifference                                         : loaded 2 times (x 69B)
Class com.google.common.collect.Sets$1                                                : loaded 2 times (x 138B)
Class com.google.common.collect.Sets$2                                                : loaded 2 times (x 138B)
Class com.google.common.util.concurrent.AbstractFuture$Trusted                        : loaded 2 times (x 69B)
Class com.google.common.collect.Sets$3                                                : loaded 2 times (x 138B)
Class com.google.common.graph.SuccessorsFunction                                      : loaded 2 times (x 69B)
Class com.google.common.collect.Sets$4                                                : loaded 2 times (x 138B)
Class Settings_gradle                                                                 : loaded 2 times (x 127B)
Class com.google.common.io.ByteSink                                                   : loaded 2 times (x 75B)
Class com.google.common.collect.AbstractMapBasedMultimap$WrappedCollection$WrappedIterator: loaded 2 times (x 83B)
Class org.objectweb.asm.MethodWriter                                                  : loaded 2 times (x 105B)
Class com.google.common.collect.Platform                                              : loaded 2 times (x 70B)
Class com.google.common.collect.ImmutableAsList                                       : loaded 2 times (x 170B)
Class com.google.common.util.concurrent.ExecutionError                                : loaded 2 times (x 81B)
Class com.google.common.io.ByteSink$AsCharSink                                        : loaded 2 times (x 79B)
Class com.google.common.base.Equivalence$Identity                                     : loaded 2 times (x 81B)
Class com.google.common.base.CharMatcher$AnyOf                                        : loaded 2 times (x 111B)
Class com.google.common.base.CharMatcher$IsEither                                     : loaded 2 times (x 110B)
Class com.google.common.collect.AbstractIterator$1                                    : loaded 2 times (x 70B)
Class com.google.common.cache.LocalCache                                              : loaded 2 times (x 186B)
Class com.google.common.collect.ImmutableRangeSet$Builder                             : loaded 2 times (x 76B)
Class com.google.common.collect.RegularImmutableList                                  : loaded 2 times (x 173B)
Class com.google.common.util.concurrent.AbstractFuture$UnsafeAtomicHelper$1           : loaded 2 times (x 75B)
Class com.google.common.base.CharMatcher$JavaUpperCase                                : loaded 2 times (x 110B)
Class com.google.common.collect.Multiset                                              : loaded 2 times (x 69B)
Class com.google.common.collect.ImmutableSet$CachingAsList                            : loaded 2 times (x 146B)
Class org.objectweb.asm.MethodVisitor                                                 : loaded 2 times (x 104B)
Class com.google.common.collect.AbstractMapBasedMultimap$KeySet$1                     : loaded 2 times (x 81B)
Class com.google.common.collect.ImmutableMapEntry$NonTerminalImmutableMapEntry        : loaded 2 times (x 84B)
Class com.google.common.collect.AbstractMapBasedMultimap                              : loaded 2 times (x 138B)


---------------  S Y S T E M  ---------------

OS:
PRETTY_NAME="Debian GNU/Linux 12 (bookworm)"
NAME="Debian GNU/Linux"
VERSION_ID="12"
VERSION="12 (bookworm)"
VERSION_CODENAME=bookworm
ID=debian
HOME_URL="https://www.debian.org/"
SUPPORT_URL="https://www.debian.org/support"
BUG_REPORT_URL="https://bugs.debian.org/"
uname: Linux 6.6.21-01327-gc9107f2d4947 #1 SMP PREEMPT_DYNAMIC Wed, 10 Apr 2024 00:40:09 +0000 x86_64
OS uptime: 0 days 0:05 hours
libc: glibc 2.36 NPTL 2.36 
rlimit (soft/hard): STACK 8192k/infinity , CORE 0k/infinity , NPROC 58085/58085 , NOFILE 1048576/1048576 , AS infinity/infinity , CPU infinity/infinity , DATA infinity/infinity , FSIZE infinity/infinity , MEMLOCK infinity/infinity
load average: 2.85 2.14 1.03

/proc/meminfo:
MemTotal:       14872552 kB
MemFree:         8560564 kB
MemAvailable:   11656808 kB
Buffers:               0 kB
Cached:          3096244 kB
SwapCached:            0 kB
Active:          5034128 kB
Inactive:        1140888 kB
Active(anon):    3107708 kB
Inactive(anon):        0 kB
Active(file):    1926420 kB
Inactive(file):  1140888 kB
Unevictable:       20324 kB
Mlocked:               0 kB
SwapTotal:             0 kB
SwapFree:              0 kB
Dirty:               444 kB
Writeback:             0 kB
AnonPages:       3078904 kB
Mapped:           800704 kB
Shmem:             28804 kB
KReclaimable:      95020 kB
Slab:                  0 kB
SReclaimable:          0 kB
SUnreclaim:            0 kB
KernelStack:        9312 kB
PageTables:        14448 kB
SecPageTables:         0 kB
NFS_Unstable:          0 kB
Bounce:                0 kB
WritebackTmp:          0 kB
CommitLimit:     7436276 kB
Committed_AS:    4065776 kB
VmallocTotal:   34359738367 kB
VmallocUsed:       10520 kB
VmallocChunk:          0 kB
Percpu:             2976 kB
AnonHugePages:         0 kB
ShmemHugePages:        0 kB
ShmemPmdMapped:        0 kB
FileHugePages:         0 kB
FilePmdMapped:         0 kB
HugePages_Total:       0
HugePages_Free:        0
HugePages_Rsvd:        0
HugePages_Surp:        0
Hugepagesize:       2048 kB
Hugetlb:               0 kB
DirectMap4k:       52224 kB
DirectMap2M:     8335360 kB
DirectMap1G:     8388608 kB

/sys/kernel/mm/transparent_hugepage/enabled: always madvise [never]
/sys/kernel/mm/transparent_hugepage/defrag (defrag/compaction efforts parameter): always defer defer+madvise [madvise] never

Process Memory:
Virtual Size: 8032792K (peak: 8033920K)
Resident Set Size: 698360K (peak: 698360K) (anon: 662520K, file: 35840K, shmem: 0K)
Swapped out: 0K
C-Heap outstanding allocations: 108831K, retained: 149417K
glibc malloc tunables: (default)

/proc/sys/kernel/threads-max (system-wide limit on the number of threads): 116171
/proc/sys/vm/max_map_count (maximum number of memory map areas a process may have): 262144
/proc/sys/kernel/pid_max (system-wide limit on number of process identifiers): 32768

container (cgroup) information:
container_type: cgroupv1
cpu_cpuset_cpus: 0-7
cpu_memory_nodes: 0
active_processor_count: 8
cpu_quota: no quota
cpu_period: 100000
cpu_shares: no shares
memory_limit_in_bytes: unlimited
memory_and_swap_limit_in_bytes: unlimited
memory_soft_limit_in_bytes: unlimited
memory_usage_in_bytes: 6113844 k
memory_max_usage_in_bytes: 6117348 k
kernel_memory_usage_in_bytes: 107936 k
kernel_memory_max_usage_in_bytes: unlimited
kernel_memory_limit_in_bytes: 110100 k
maximum number of tasks: unlimited
current number of tasks: 324

KVM virtualization detected
Steal ticks since vm start: 0
Steal ticks percentage since vm start:  0.000

CPU: total 8 (initial active 8) (8 cores per cpu, 1 threads per core) family 6 model 142 stepping 10 microcode 0x1, cx8, cmov, fxsr, mmx, 3dnowpref, sse, sse2, sse3, ssse3, sse4.1, sse4.2, popcnt, lzcnt, tsc, tscinvbit, avx, avx2, aes, erms, clmul, bmi1, bmi2, adx, fma, vzeroupper, clflush, clflushopt, hv
CPU Model and flags from /proc/cpuinfo:
model name	: Intel(R) Core(TM) i7-8550U CPU @ 1.80GHz
flags		: fpu vme de pse tsc msr pae mce cx8 apic sep mtrr pge mca cmov pat pse36 clflush mmx fxsr sse sse2 ss ht syscall nx pdpe1gb rdtscp lm constant_tsc arch_perfmon rep_good nopl xtopology nonstop_tsc cpuid tsc_known_freq pni pclmulqdq vmx ssse3 fma cx16 pcid sse4_1 sse4_2 x2apic movbe popcnt tsc_deadline_timer aes xsave avx f16c rdrand hypervisor lahf_lm abm 3dnowprefetch cpuid_fault pti ssbd ibrs ibpb stibp tpr_shadow flexpriority ept vpid ept_ad fsgsbase tsc_adjust bmi1 avx2 smep bmi2 erms invpcid mpx rdseed adx smap clflushopt xsaveopt xsavec xgetbv1 xsaves arat vnmi umip md_clear arch_capabilities

Online cpus: 0-7
Offline cpus: 
BIOS frequency limitation: <Not Available>
Frequency switch latency (ns): <Not Available>
Available cpu frequencies: <Not Available>
Current governor: <Not Available>
Core performance/turbo boost: <Not Available>

Memory: 4k page, physical 14872552k(3777672k free), swap 0k(0k free)
Page Sizes: 4k

vm_info: OpenJDK 64-Bit Server VM (17.0.10+0-17.0.10b1087.21-11572160) for linux-amd64 JRE (17.0.10+0-17.0.10b1087.21-11572160), built on Mar 13 2024 22:21:47 by "androidbuild" with clang Android (11368308, +pgo, +bolt, +lto, +mlgo, based on r510928) Clang 18.0.0 (https://android.googlesource.com/toolchain/llvm-project 477610d4d0d988e69dbc3fae4fe86bff3f07f2b5)

END.
